<PAMDataset>
  <PAMRasterBand band="1">
    <Description>Layer_1</Description>
    <Histograms>
      <HistItem>
        <HistMin>29.912607192993</HistMin>
        <HistMax>5233.8046875</HistMax>
        <BucketCount>256</BucketCount>
        <IncludeOutOfRange>1</IncludeOutOfRange>
        <Approximate>0</Approximate>
        <HistCounts>38|57|58|67|55|40|23|17|24|22|22|32|23|27|18|19|18|19|20|31|23|28|18|36|20|30|23|17|21|32|29|24|24|18|31|25|30|193|104|92|68|63|36|17|12|12|12|6|9|8|6|7|9|7|5|5|5|2|7|5|3|8|9|8|3|2|3|10|7|6|7|4|5|3|7|8|5|6|4|5|3|7|8|3|2|10|6|11|12|5|9|5|9|11|8|10|9|13|10|8|7|3|14|7|11|17|8|15|18|11|10|10|18|18|15|13|26|18|18|12|19|24|18|21|15|27|28|23|25|28|37|25|27|42|26|21|34|33|25|31|39|26|39|36|32|31|30|27|37|31|35|27|24|45|32|32|25|37|29|23|26|33|25|23|23|29|23|21|19|28|26|17|23|26|16|22|23|23|30|20|19|20|29|20|23|20|26|25|19|25|21|23|23|24|31|23|21|21|27|31|21|22|31|24|18|32|19|29|33|20|28|31|33|32|32|23|35|22|30|22|25|23|19|15|10|19|17|17|8|15|18|7|13|6|14|5|10|8|7|7|7|5|8|7|6|4|11|3|8|6|5|5|3|0|3|1</HistCounts>
      </HistItem>
    </Histograms>
    <Metadata>
      <MDI key="LAYER_TYPE">athematic</MDI>
      <MDI key="STATISTICS_COVARIANCES">2304071.228632661</MDI>
      <MDI key="STATISTICS_EXCLUDEDVALUES"></MDI>
      <MDI key="STATISTICS_MAXIMUM">5233.8046875</MDI>
      <MDI key="STATISTICS_MEAN">2448.0019477606</MDI>
      <MDI key="STATISTICS_MEDIAN">0</MDI>
      <MDI key="STATISTICS_MINIMUM">29.912607192993</MDI>
      <MDI key="STATISTICS_MODE">0</MDI>
      <MDI key="STATISTICS_SKIPFACTORX">1</MDI>
      <MDI key="STATISTICS_SKIPFACTORY">1</MDI>
      <MDI key="STATISTICS_STDDEV">1517.9167396905</MDI>
    </Metadata>
  </PAMRasterBand>
</PAMDataset>
