<PAMDataset>
  <PAMRasterBand band="1">
    <Description>Layer_1</Description>
    <Histograms>
      <HistItem>
        <HistMin>149.72331237793</HistMin>
        <HistMax>338878.875</HistMax>
        <BucketCount>256</BucketCount>
        <IncludeOutOfRange>1</IncludeOutOfRange>
        <Approximate>0</Approximate>
        <HistCounts>315|341|251|153|129|139|118|112|84|91|88|75|83|82|67|66|59|65|54|50|57|47|51|44|45|36|30|37|48|37|26|26|34|14|29|22|28|21|23|21|12|20|14|19|17|18|23|11|16|14|16|13|21|18|14|12|13|12|8|13|12|12|14|8|6|11|12|12|12|7|12|6|15|7|9|7|15|10|9|6|10|11|12|12|8|6|9|9|12|11|10|8|10|12|6|12|12|10|13|13|4|7|9|15|17|11|10|6|12|6|15|13|13|11|11|13|7|9|11|18|11|15|9|7|10|20|12|11|8|16|12|13|9|10|13|17|16|13|8|12|11|20|12|16|15|12|18|9|15|15|17|17|13|14|9|11|18|19|14|14|13|7|14|11|16|11|13|15|9|9|13|9|11|13|14|9|7|11|9|12|10|13|8|13|11|6|8|10|10|15|8|10|7|7|14|5|14|7|11|9|7|7|9|7|12|11|7|6|7|8|11|9|7|6|8|8|8|7|7|9|8|7|6|5|7|8|8|7|6|6|2|9|8|3|9|3|3|3|5|2|3|5|5|3|1|1|0|3|1|3|1|0|0|0|1|1</HistCounts>
      </HistItem>
    </Histograms>
    <Metadata>
      <MDI key="LAYER_TYPE">athematic</MDI>
      <MDI key="STATISTICS_COVARIANCES">8650860345.21249</MDI>
      <MDI key="STATISTICS_EXCLUDEDVALUES"></MDI>
      <MDI key="STATISTICS_MAXIMUM">338878.875</MDI>
      <MDI key="STATISTICS_MEAN">81748.924809062</MDI>
      <MDI key="STATISTICS_MEDIAN">0</MDI>
      <MDI key="STATISTICS_MINIMUM">149.72331237793</MDI>
      <MDI key="STATISTICS_MODE">0</MDI>
      <MDI key="STATISTICS_SKIPFACTORX">1</MDI>
      <MDI key="STATISTICS_SKIPFACTORY">1</MDI>
      <MDI key="STATISTICS_STDDEV">93010.001318205</MDI>
    </Metadata>
  </PAMRasterBand>
</PAMDataset>
