<PAMDataset>
  <PAMRasterBand band="1">
    <Description>Layer_1</Description>
    <Histograms>
      <HistItem>
        <HistMin>118.92338562012</HistMin>
        <HistMax>1356.3204345703</HistMax>
        <BucketCount>256</BucketCount>
        <IncludeOutOfRange>1</IncludeOutOfRange>
        <Approximate>0</Approximate>
        <HistCounts>7|49|31|54|50|69|109|117|136|211|250|262|281|228|150|154|106|84|61|44|58|47|46|30|47|32|22|18|12|9|9|12|14|15|16|16|13|15|31|12|13|23|22|11|11|11|12|12|9|12|11|20|12|16|10|13|15|14|25|18|31|21|32|25|32|41|49|61|74|54|66|60|60|67|48|34|37|57|33|31|42|32|33|42|32|41|43|37|31|29|29|17|13|31|19|19|23|19|18|17|19|14|15|13|13|12|7|10|11|14|8|10|11|4|12|9|7|8|10|6|8|7|6|8|13|4|5|10|6|6|15|8|3|3|7|6|10|5|3|7|7|4|4|2|7|6|9|6|3|4|7|1|6|3|5|6|4|6|6|4|1|4|3|4|3|7|4|2|3|4|5|6|3|2|3|3|1|4|2|3|4|5|1|1|1|2|3|4|3|1|1|2|1|1|2|1|1|1|3|1|0|2|1|0|2|2|2|0|0|2|0|1|0|1|0|0|0|2|0|0|0|1|2|1|1|1|0|0|0|0|1|0|1|0|0|1|0|0|0|0|0|0|0|1|0|0|0|0|1|0|1|1|0|0|0|1</HistCounts>
      </HistItem>
    </Histograms>
    <Metadata>
      <MDI key="LAYER_TYPE">athematic</MDI>
      <MDI key="STATISTICS_COVARIANCES">46381.72105291092</MDI>
      <MDI key="STATISTICS_EXCLUDEDVALUES"></MDI>
      <MDI key="STATISTICS_MAXIMUM">1356.3204345703</MDI>
      <MDI key="STATISTICS_MEAN">349.56392582052</MDI>
      <MDI key="STATISTICS_MEDIAN">0</MDI>
      <MDI key="STATISTICS_MINIMUM">118.92338562012</MDI>
      <MDI key="STATISTICS_MODE">0</MDI>
      <MDI key="STATISTICS_SKIPFACTORX">1</MDI>
      <MDI key="STATISTICS_SKIPFACTORY">1</MDI>
      <MDI key="STATISTICS_STDDEV">215.36415916515</MDI>
    </Metadata>
  </PAMRasterBand>
</PAMDataset>
