<PAMDataset>
  <PAMRasterBand band="1">
    <Description>Layer_1</Description>
    <Histograms>
      <HistItem>
        <HistMin>129.39056396484</HistMin>
        <HistMax>1543.1672363281</HistMax>
        <BucketCount>256</BucketCount>
        <IncludeOutOfRange>1</IncludeOutOfRange>
        <Approximate>0</Approximate>
        <HistCounts>6|46|67|129|227|227|206|172|203|153|161|149|180|141|94|104|89|61|35|36|23|27|23|28|24|16|8|13|13|9|7|14|13|14|14|21|9|18|31|23|40|49|38|20|32|17|22|18|29|25|31|17|13|15|23|24|19|15|21|22|26|31|49|55|61|54|47|50|52|50|46|56|53|42|54|30|36|36|37|38|38|35|22|35|32|44|33|25|29|16|33|28|17|10|28|16|20|25|12|14|10|11|13|9|18|11|12|9|9|14|6|12|10|20|11|7|8|7|6|6|8|14|8|4|7|14|6|4|10|11|4|4|8|7|7|3|8|4|5|7|5|6|6|3|1|4|6|4|1|5|5|2|4|5|2|2|4|2|1|4|1|6|2|3|3|0|5|4|5|5|2|0|3|0|3|0|2|3|1|3|0|1|5|1|3|0|2|2|1|2|5|2|1|3|1|2|3|2|1|0|0|1|1|1|1|1|0|1|0|2|1|1|3|1|0|2|1|1|0|4|2|0|2|1|0|0|0|1|0|1|0|0|0|0|0|0|0|0|1|0|1|1|0|0|0|0|0|1|0|0|0|0|0|0|0|1</HistCounts>
      </HistItem>
    </Histograms>
    <Metadata>
      <MDI key="LAYER_TYPE">athematic</MDI>
      <MDI key="STATISTICS_COVARIANCES">59091.65462555692</MDI>
      <MDI key="STATISTICS_EXCLUDEDVALUES"></MDI>
      <MDI key="STATISTICS_MAXIMUM">1543.1672363281</MDI>
      <MDI key="STATISTICS_MEAN">381.95347041163</MDI>
      <MDI key="STATISTICS_MEDIAN">0</MDI>
      <MDI key="STATISTICS_MINIMUM">129.39056396484</MDI>
      <MDI key="STATISTICS_MODE">0</MDI>
      <MDI key="STATISTICS_SKIPFACTORX">1</MDI>
      <MDI key="STATISTICS_SKIPFACTORY">1</MDI>
      <MDI key="STATISTICS_STDDEV">243.08775087519</MDI>
    </Metadata>
  </PAMRasterBand>
</PAMDataset>
