<PAMDataset>
  <PAMRasterBand band="1">
    <Description>Layer_1</Description>
    <Histograms>
      <HistItem>
        <HistMin>110.05722045898</HistMin>
        <HistMax>1591.1527099609</HistMax>
        <BucketCount>256</BucketCount>
        <IncludeOutOfRange>1</IncludeOutOfRange>
        <Approximate>0</Approximate>
        <HistCounts>4|27|76|82|75|98|105|148|151|242|280|270|237|174|95|88|66|88|87|75|93|52|46|35|38|19|15|12|12|10|14|14|18|14|18|10|13|16|9|8|15|15|15|16|18|14|14|17|28|29|24|19|28|25|39|29|35|35|56|49|74|96|88|84|93|67|75|62|60|53|42|37|42|32|34|32|31|36|24|15|24|21|18|17|10|16|8|17|21|17|12|9|13|8|10|8|11|14|5|10|9|12|10|8|9|11|7|12|12|8|7|7|7|7|3|20|6|7|8|2|10|7|9|3|8|13|7|10|8|8|12|11|5|10|5|7|16|3|5|10|10|6|7|11|5|9|5|4|4|1|5|3|3|4|1|5|0|1|2|2|1|1|2|1|3|1|0|2|1|5|0|2|0|2|5|0|1|0|0|1|0|3|2|1|1|0|0|0|1|0|0|0|1|0|0|1|2|1|0|1|0|2|0|0|1|0|0|0|1|1|1|0|1|0|1|0|1|0|0|1|0|0|1|0|1|0|1|1|0|0|0|0|0|0|0|0|0|0|0|0|0|0|0|0|0|0|0|1|0|0|0|0|0|0|0|1</HistCounts>
      </HistItem>
    </Histograms>
    <Metadata>
      <MDI key="LAYER_TYPE">athematic</MDI>
      <MDI key="STATISTICS_COVARIANCES">52878.10628681443</MDI>
      <MDI key="STATISTICS_EXCLUDEDVALUES"></MDI>
      <MDI key="STATISTICS_MAXIMUM">1591.1527099609</MDI>
      <MDI key="STATISTICS_MEAN">359.39280305716</MDI>
      <MDI key="STATISTICS_MEDIAN">0</MDI>
      <MDI key="STATISTICS_MINIMUM">110.05722045898</MDI>
      <MDI key="STATISTICS_MODE">0</MDI>
      <MDI key="STATISTICS_SKIPFACTORX">1</MDI>
      <MDI key="STATISTICS_SKIPFACTORY">1</MDI>
      <MDI key="STATISTICS_STDDEV">229.95240004578</MDI>
    </Metadata>
  </PAMRasterBand>
</PAMDataset>
