<PAMDataset>
  <PAMRasterBand band="1">
    <Description>Layer_1</Description>
    <Histograms>
      <HistItem>
        <HistMin>118.05444335938</HistMin>
        <HistMax>2127.017578125</HistMax>
        <BucketCount>256</BucketCount>
        <IncludeOutOfRange>1</IncludeOutOfRange>
        <Approximate>0</Approximate>
        <HistCounts>29|22|15|13|58|126|277|300|310|321|239|213|142|90|85|79|67|67|77|61|63|68|40|24|17|20|23|43|37|39|25|21|20|22|35|36|38|42|34|31|54|44|44|45|87|65|52|50|51|56|56|50|67|47|64|59|37|57|37|37|45|41|37|38|40|34|25|36|21|20|22|25|39|22|26|28|30|26|12|21|16|14|11|11|11|10|9|6|5|8|10|4|9|8|5|11|4|6|3|5|4|6|5|6|11|6|6|10|5|12|8|8|2|4|1|6|4|6|6|4|4|3|3|5|5|2|3|4|1|3|0|1|2|1|0|1|2|1|2|0|0|0|0|3|0|2|2|2|0|2|2|1|0|0|1|2|1|1|0|0|1|1|1|1|1|1|0|1|1|0|1|0|1|0|1|1|0|2|2|1|0|0|0|0|0|1|0|0|0|0|0|0|0|0|0|0|0|0|0|0|0|0|0|0|1|0|0|0|0|0|0|0|0|0|0|0|0|0|0|0|0|0|0|0|0|0|0|0|0|0|0|0|0|0|0|0|0|0|0|0|1|0|0|0|0|0|0|0|0|0|0|0|0|0|0|1</HistCounts>
      </HistItem>
    </Histograms>
    <Metadata>
      <MDI key="LAYER_TYPE">athematic</MDI>
      <MDI key="STATISTICS_COVARIANCES">57019.87033259444</MDI>
      <MDI key="STATISTICS_EXCLUDEDVALUES"></MDI>
      <MDI key="STATISTICS_MAXIMUM">2127.017578125</MDI>
      <MDI key="STATISTICS_MEAN">384.93488431297</MDI>
      <MDI key="STATISTICS_MEDIAN">0</MDI>
      <MDI key="STATISTICS_MINIMUM">118.05444335938</MDI>
      <MDI key="STATISTICS_MODE">0</MDI>
      <MDI key="STATISTICS_SKIPFACTORX">1</MDI>
      <MDI key="STATISTICS_SKIPFACTORY">1</MDI>
      <MDI key="STATISTICS_STDDEV">238.78833793256</MDI>
    </Metadata>
  </PAMRasterBand>
</PAMDataset>
