<PAMDataset>
  <PAMRasterBand band="1">
    <Description>Layer_1</Description>
    <Histograms>
      <HistItem>
        <HistMin>113.78622436523</HistMin>
        <HistMax>1855.9498291016</HistMax>
        <BucketCount>256</BucketCount>
        <IncludeOutOfRange>1</IncludeOutOfRange>
        <Approximate>0</Approximate>
        <HistCounts>6|28|57|74|115|203|202|185|204|302|281|274|232|214|158|114|47|28|14|16|13|12|6|15|13|14|13|8|9|11|13|9|16|17|11|16|14|19|21|20|25|19|9|28|15|23|22|22|37|37|33|39|33|42|34|47|35|41|53|50|53|41|29|42|49|45|50|52|44|40|43|42|27|29|23|23|20|23|18|16|24|24|22|26|20|23|26|18|24|27|24|15|18|32|19|15|17|15|18|14|9|14|14|13|16|19|19|15|11|3|7|9|3|11|9|8|6|10|10|7|2|8|4|4|10|7|5|5|1|7|4|6|2|6|6|1|5|3|2|5|6|7|3|3|2|2|2|4|3|2|5|3|4|4|2|3|0|3|6|6|2|1|2|3|4|3|5|1|2|3|3|2|3|5|2|7|4|4|3|3|5|3|5|1|3|1|4|3|0|1|2|2|1|2|0|0|0|2|1|1|0|1|2|0|0|3|1|1|0|0|0|0|0|0|1|1|0|0|0|1|0|0|0|0|0|0|0|0|0|0|0|0|0|0|0|0|0|0|0|0|0|0|0|0|0|0|0|0|0|0|0|0|0|0|1|0</HistCounts>
      </HistItem>
    </Histograms>
    <Metadata>
      <MDI key="LAYER_TYPE">athematic</MDI>
      <MDI key="STATISTICS_COVARIANCES">80521.68560296904</MDI>
      <MDI key="STATISTICS_EXCLUDEDVALUES"></MDI>
      <MDI key="STATISTICS_MAXIMUM">1855.9498291016</MDI>
      <MDI key="STATISTICS_MEAN">399.11950217169</MDI>
      <MDI key="STATISTICS_MEDIAN">0</MDI>
      <MDI key="STATISTICS_MINIMUM">113.78622436523</MDI>
      <MDI key="STATISTICS_MODE">0</MDI>
      <MDI key="STATISTICS_SKIPFACTORX">1</MDI>
      <MDI key="STATISTICS_SKIPFACTORY">1</MDI>
      <MDI key="STATISTICS_STDDEV">283.76343246262</MDI>
    </Metadata>
  </PAMRasterBand>
</PAMDataset>
