<PAMDataset>
  <PAMRasterBand band="1">
    <Description>Layer_1</Description>
    <Histograms>
      <HistItem>
        <HistMin>149.51356506348</HistMin>
        <HistMax>2312.0402832031</HistMax>
        <BucketCount>256</BucketCount>
        <IncludeOutOfRange>1</IncludeOutOfRange>
        <Approximate>0</Approximate>
        <HistCounts>20|70|162|238|266|323|290|222|167|173|178|164|133|85|52|59|42|38|43|55|44|42|29|30|27|16|16|11|16|22|19|17|12|7|18|15|9|15|13|19|22|15|24|23|21|36|28|32|32|45|47|52|48|40|35|34|36|44|44|32|30|27|32|32|27|28|28|25|35|26|28|24|28|17|25|20|21|17|28|19|14|24|18|16|28|19|28|38|24|24|40|15|24|19|13|25|22|16|22|18|12|13|11|19|4|13|11|15|8|9|7|8|4|5|6|15|7|5|10|5|6|7|4|7|5|4|7|6|6|9|6|11|8|4|4|6|7|7|6|3|5|4|3|3|2|1|6|5|1|4|5|4|5|4|3|3|3|2|1|1|1|2|0|5|4|1|1|1|2|1|0|4|1|3|2|0|0|1|1|3|1|5|0|0|0|1|0|0|2|1|0|2|1|0|0|1|0|1|3|2|0|0|0|2|1|0|1|0|0|0|0|0|0|0|1|1|1|0|1|1|1|0|3|0|0|0|1|0|0|0|2|3|2|1|0|0|2|0|0|0|0|0|1|0|0|0|0|0|0|0|0|0|0|0|0|1</HistCounts>
      </HistItem>
    </Histograms>
    <Metadata>
      <MDI key="LAYER_TYPE">athematic</MDI>
      <MDI key="STATISTICS_COVARIANCES">125246.9429430391</MDI>
      <MDI key="STATISTICS_EXCLUDEDVALUES"></MDI>
      <MDI key="STATISTICS_MAXIMUM">2312.0402832031</MDI>
      <MDI key="STATISTICS_MEAN">479.98651427068</MDI>
      <MDI key="STATISTICS_MEDIAN">0</MDI>
      <MDI key="STATISTICS_MINIMUM">149.51356506348</MDI>
      <MDI key="STATISTICS_MODE">0</MDI>
      <MDI key="STATISTICS_SKIPFACTORX">1</MDI>
      <MDI key="STATISTICS_SKIPFACTORY">1</MDI>
      <MDI key="STATISTICS_STDDEV">353.90244834282</MDI>
    </Metadata>
  </PAMRasterBand>
</PAMDataset>
