<PAMDataset>
  <PAMRasterBand band="1">
    <Description>Layer_1</Description>
    <Histograms>
      <HistItem>
        <HistMin>0.00012685821275227</HistMin>
        <HistMax>0.40561082959175</HistMax>
        <BucketCount>256</BucketCount>
        <IncludeOutOfRange>1</IncludeOutOfRange>
        <Approximate>0</Approximate>
        <HistCounts>320|324|287|252|233|190|169|128|149|115|99|115|111|81|76|86|72|66|65|57|78|76|68|67|56|60|54|57|53|53|48|62|47|56|53|33|55|48|31|37|38|29|38|35|24|23|31|26|31|22|23|26|26|22|24|23|24|18|9|28|14|18|27|14|12|21|14|11|12|11|12|14|8|23|19|14|12|10|12|13|7|10|10|8|9|9|9|7|4|9|8|5|4|10|5|4|5|9|6|6|10|9|6|3|8|4|7|4|1|3|8|2|1|5|4|3|5|4|4|4|3|8|5|7|7|0|0|3|2|5|1|2|2|2|3|3|1|4|5|3|2|4|1|0|1|2|0|1|1|1|2|1|1|1|1|0|2|3|2|2|1|3|1|1|5|1|3|0|0|2|2|1|0|2|0|0|2|0|1|1|0|0|1|0|1|0|5|1|1|0|0|0|1|0|1|0|0|1|0|0|1|0|0|0|0|1|2|1|1|0|0|0|0|1|1|1|1|0|1|0|1|0|0|1|1|0|0|0|0|0|1|0|0|0|0|0|0|0|0|0|0|0|0|0|0|0|0|0|0|0|0|0|0|0|0|1</HistCounts>
      </HistItem>
    </Histograms>
    <Metadata>
      <MDI key="LAYER_TYPE">athematic</MDI>
      <MDI key="STATISTICS_COVARIANCES">0.002803067313617633</MDI>
      <MDI key="STATISTICS_EXCLUDEDVALUES"></MDI>
      <MDI key="STATISTICS_MAXIMUM">0.40561082959175</MDI>
      <MDI key="STATISTICS_MEAN">0.043412144313025</MDI>
      <MDI key="STATISTICS_MEDIAN">0</MDI>
      <MDI key="STATISTICS_MINIMUM">0.00012685821275227</MDI>
      <MDI key="STATISTICS_MODE">0</MDI>
      <MDI key="STATISTICS_SKIPFACTORX">1</MDI>
      <MDI key="STATISTICS_SKIPFACTORY">1</MDI>
      <MDI key="STATISTICS_STDDEV">0.05294400167741</MDI>
    </Metadata>
  </PAMRasterBand>
</PAMDataset>
