<PAMDataset>
  <PAMRasterBand band="1">
    <Description>Layer_1</Description>
    <Histograms>
      <HistItem>
        <HistMin>0.00028069887775928</HistMin>
        <HistMax>0.61826241016388</HistMax>
        <BucketCount>256</BucketCount>
        <IncludeOutOfRange>1</IncludeOutOfRange>
        <Approximate>0</Approximate>
        <HistCounts>430|355|248|210|206|190|166|137|124|127|104|109|119|123|101|98|87|91|103|88|55|79|71|78|63|43|54|52|42|62|55|40|35|59|37|34|43|36|44|36|21|35|20|25|20|35|27|22|15|23|15|16|13|13|21|19|25|14|11|21|12|12|14|7|8|12|11|14|10|13|7|12|9|8|4|17|10|9|4|9|7|11|7|8|5|3|11|4|5|10|12|5|7|7|5|9|2|7|3|7|5|3|8|6|6|8|4|6|8|3|9|7|3|4|5|4|6|4|5|6|11|5|3|2|5|6|3|1|4|3|8|4|4|0|3|4|3|3|3|3|5|5|4|4|2|3|1|2|2|2|0|3|1|4|1|2|5|4|5|4|1|3|2|3|4|3|3|3|2|1|0|2|1|2|4|2|0|2|1|1|0|1|1|0|2|1|0|1|0|0|0|0|0|0|1|0|0|0|0|0|0|0|0|0|0|0|0|1|0|0|0|0|1|1|1|0|1|1|0|0|0|0|0|0|1|0|0|0|0|0|0|0|0|0|0|0|1|0|0|0|0|0|0|0|0|0|0|0|0|0|0|0|0|0|1|0</HistCounts>
      </HistItem>
    </Histograms>
    <Metadata>
      <MDI key="LAYER_TYPE">athematic</MDI>
      <MDI key="STATISTICS_COVARIANCES">0.006988829467593443</MDI>
      <MDI key="STATISTICS_EXCLUDEDVALUES"></MDI>
      <MDI key="STATISTICS_MAXIMUM">0.61826241016388</MDI>
      <MDI key="STATISTICS_MEAN">0.064540421142957</MDI>
      <MDI key="STATISTICS_MEDIAN">0</MDI>
      <MDI key="STATISTICS_MINIMUM">0.00028069887775928</MDI>
      <MDI key="STATISTICS_MODE">0</MDI>
      <MDI key="STATISTICS_SKIPFACTORX">1</MDI>
      <MDI key="STATISTICS_SKIPFACTORY">1</MDI>
      <MDI key="STATISTICS_STDDEV">0.083599219300143</MDI>
    </Metadata>
  </PAMRasterBand>
</PAMDataset>
