<PAMDataset>
  <PAMRasterBand band="1">
    <Description>Layer_1</Description>
    <Histograms>
      <HistItem>
        <HistMin>0.00030300565413199</HistMin>
        <HistMax>0.5857782959938001</HistMax>
        <BucketCount>256</BucketCount>
        <IncludeOutOfRange>1</IncludeOutOfRange>
        <Approximate>0</Approximate>
        <HistCounts>333|389|266|190|172|164|180|137|151|137|123|104|99|118|98|86|96|86|91|79|69|75|74|85|68|55|50|50|41|40|50|43|57|37|48|41|33|43|31|44|40|23|31|24|39|25|25|32|26|22|34|21|16|18|16|14|17|21|11|12|19|9|14|13|13|13|12|8|9|12|11|8|19|9|8|5|11|14|13|12|6|8|10|7|4|4|9|6|8|10|7|6|6|10|7|7|4|7|3|6|5|4|6|4|4|5|8|3|3|4|7|2|7|5|3|7|5|3|4|5|4|9|8|5|8|6|4|5|2|6|6|2|4|2|5|2|3|4|3|4|6|1|2|2|0|3|2|2|2|6|6|1|1|1|2|6|1|2|5|3|3|3|4|0|2|3|1|4|2|5|2|3|1|4|0|2|2|0|1|3|2|2|0|2|2|3|2|0|0|0|1|1|1|0|1|0|1|2|1|1|0|0|0|0|1|1|0|0|0|0|0|0|0|0|0|0|0|1|0|1|0|0|0|0|1|0|1|1|0|0|0|0|0|1|0|1|0|0|0|0|0|0|0|0|1|0|0|0|0|0|0|0|0|0|0|1</HistCounts>
      </HistItem>
    </Histograms>
    <Metadata>
      <MDI key="LAYER_TYPE">athematic</MDI>
      <MDI key="STATISTICS_COVARIANCES">0.006845515024268475</MDI>
      <MDI key="STATISTICS_EXCLUDEDVALUES"></MDI>
      <MDI key="STATISTICS_MAXIMUM">0.5857782959938</MDI>
      <MDI key="STATISTICS_MEAN">0.064563124984073</MDI>
      <MDI key="STATISTICS_MEDIAN">0</MDI>
      <MDI key="STATISTICS_MINIMUM">0.00030300565413199</MDI>
      <MDI key="STATISTICS_MODE">0</MDI>
      <MDI key="STATISTICS_SKIPFACTORX">1</MDI>
      <MDI key="STATISTICS_SKIPFACTORY">1</MDI>
      <MDI key="STATISTICS_STDDEV">0.0827376276205</MDI>
    </Metadata>
  </PAMRasterBand>
</PAMDataset>
