<PAMDataset>
  <PAMRasterBand band="1">
    <Description>Layer_1</Description>
    <Histograms>
      <HistItem>
        <HistMin>7.9179400927387e-005</HistMin>
        <HistMax>0.7975634932518</HistMax>
        <BucketCount>256</BucketCount>
        <IncludeOutOfRange>1</IncludeOutOfRange>
        <Approximate>0</Approximate>
        <HistCounts>754|453|433|334|281|247|213|174|175|123|124|129|88|93|98|82|83|66|68|64|50|57|46|58|39|50|36|34|38|48|29|41|36|39|40|24|34|17|20|22|16|19|13|13|15|11|13|12|8|10|12|10|6|9|6|11|7|6|6|6|6|3|7|10|6|6|6|6|4|7|1|4|5|5|5|3|8|4|3|2|1|6|3|4|4|2|2|2|1|1|2|1|1|3|2|1|4|1|1|1|3|1|3|1|1|2|1|5|1|0|2|0|0|1|1|3|3|0|2|2|1|1|2|4|1|3|0|1|1|1|1|1|2|2|2|2|2|1|1|0|3|2|2|0|3|0|2|0|0|1|0|1|0|0|0|0|1|0|0|1|0|0|0|0|0|0|0|1|0|1|0|0|1|0|2|0|1|0|0|0|0|1|0|0|0|1|0|0|1|0|0|0|0|0|1|0|0|1|0|0|0|0|0|0|0|0|1|0|0|0|0|0|0|0|0|0|0|0|0|0|0|0|0|1|0|0|0|0|0|1|0|0|0|0|0|0|0|0|0|0|0|0|0|0|0|0|0|0|0|0|0|0|0|0|0|1</HistCounts>
      </HistItem>
    </Histograms>
    <Metadata>
      <MDI key="LAYER_TYPE">athematic</MDI>
      <MDI key="STATISTICS_COVARIANCES">0.0051985526745753</MDI>
      <MDI key="STATISTICS_EXCLUDEDVALUES"></MDI>
      <MDI key="STATISTICS_MAXIMUM">0.7975634932518</MDI>
      <MDI key="STATISTICS_MEAN">0.046868754140544</MDI>
      <MDI key="STATISTICS_MEDIAN">0</MDI>
      <MDI key="STATISTICS_MINIMUM">7.9179400927387e-005</MDI>
      <MDI key="STATISTICS_MODE">0</MDI>
      <MDI key="STATISTICS_SKIPFACTORX">1</MDI>
      <MDI key="STATISTICS_SKIPFACTORY">1</MDI>
      <MDI key="STATISTICS_STDDEV">0.072100989414677</MDI>
    </Metadata>
  </PAMRasterBand>
</PAMDataset>
