<PAMDataset>
  <PAMRasterBand band="1">
    <Description>Layer_1</Description>
    <Histograms>
      <HistItem>
        <HistMin>0.0001567355793668</HistMin>
        <HistMax>0.77419573068619</HistMax>
        <BucketCount>256</BucketCount>
        <IncludeOutOfRange>1</IncludeOutOfRange>
        <Approximate>0</Approximate>
        <HistCounts>650|308|175|185|154|139|125|124|105|120|121|90|121|81|95|80|86|88|60|80|82|72|82|62|56|55|65|51|46|64|48|48|40|48|36|36|40|44|28|44|28|36|33|36|32|43|25|26|21|18|25|20|29|31|19|17|15|22|19|18|14|21|15|13|15|18|13|12|12|6|12|12|15|10|12|13|9|13|17|9|9|11|7|5|12|19|7|6|11|11|4|9|6|7|7|10|10|7|10|7|7|8|7|12|8|10|5|9|4|8|9|7|7|3|6|5|6|3|6|5|5|4|3|3|5|4|5|2|7|1|3|3|5|4|7|2|3|3|2|0|3|3|1|5|4|5|2|2|1|1|4|2|3|3|2|1|3|3|2|1|2|1|2|1|0|2|0|1|2|2|1|3|0|1|0|0|1|1|1|0|1|1|0|1|0|1|1|1|1|2|0|0|1|1|1|0|0|1|0|0|0|1|0|0|0|0|1|0|0|0|1|0|0|1|0|0|0|1|0|0|0|0|0|0|0|0|0|0|0|0|1|1|0|0|0|0|1|0|0|0|0|0|1|0|0|0|0|0|0|0|0|0|0|1|1|0</HistCounts>
      </HistItem>
    </Histograms>
    <Metadata>
      <MDI key="LAYER_TYPE">athematic</MDI>
      <MDI key="STATISTICS_COVARIANCES">0.01116873311256244</MDI>
      <MDI key="STATISTICS_EXCLUDEDVALUES"></MDI>
      <MDI key="STATISTICS_MAXIMUM">0.77419573068619</MDI>
      <MDI key="STATISTICS_MEAN">0.085695309452263</MDI>
      <MDI key="STATISTICS_MEDIAN">0</MDI>
      <MDI key="STATISTICS_MINIMUM">0.0001567355793668</MDI>
      <MDI key="STATISTICS_MODE">0</MDI>
      <MDI key="STATISTICS_SKIPFACTORX">1</MDI>
      <MDI key="STATISTICS_SKIPFACTORY">1</MDI>
      <MDI key="STATISTICS_STDDEV">0.10568222704203</MDI>
    </Metadata>
  </PAMRasterBand>
</PAMDataset>
