<PAMDataset>
  <PAMRasterBand band="1">
    <Description>Layer_1</Description>
    <Histograms>
      <HistItem>
        <HistMin>2.7100428269478e-005</HistMin>
        <HistMax>0.55038630962372</HistMax>
        <BucketCount>256</BucketCount>
        <IncludeOutOfRange>1</IncludeOutOfRange>
        <Approximate>0</Approximate>
        <HistCounts>555|285|204|244|207|172|181|155|138|129|128|125|111|131|125|110|91|91|95|88|80|88|70|57|64|54|53|52|44|30|44|38|42|41|32|25|33|28|32|20|22|39|24|27|30|22|28|25|20|20|13|24|17|13|13|20|18|17|14|8|7|9|12|11|12|12|7|5|13|6|7|10|4|9|9|5|9|7|7|7|10|6|8|8|11|6|7|9|8|4|6|8|2|4|3|6|10|4|4|5|4|9|4|7|2|2|4|6|3|2|6|3|2|6|5|2|3|2|5|3|0|1|2|3|9|7|4|7|3|1|1|1|5|3|3|6|3|5|3|3|5|5|1|2|3|4|4|2|5|5|3|3|6|5|1|2|4|2|4|1|3|2|1|2|0|2|1|2|1|2|1|0|1|1|2|0|2|1|3|0|2|1|1|1|2|0|1|1|0|1|0|2|2|1|0|2|1|2|1|0|2|0|1|0|1|1|0|0|1|1|1|0|1|1|1|0|1|0|1|1|0|0|0|0|0|0|0|0|1|0|0|0|0|1|0|0|0|0|0|0|0|0|0|0|0|0|0|0|0|0|0|0|0|0|1|0</HistCounts>
      </HistItem>
    </Histograms>
    <Metadata>
      <MDI key="LAYER_TYPE">athematic</MDI>
      <MDI key="STATISTICS_COVARIANCES">0.00567955330645124</MDI>
      <MDI key="STATISTICS_EXCLUDEDVALUES"></MDI>
      <MDI key="STATISTICS_MAXIMUM">0.55038630962372</MDI>
      <MDI key="STATISTICS_MEAN">0.054686852126534</MDI>
      <MDI key="STATISTICS_MEDIAN">0</MDI>
      <MDI key="STATISTICS_MINIMUM">2.7100428269478e-005</MDI>
      <MDI key="STATISTICS_MODE">0</MDI>
      <MDI key="STATISTICS_SKIPFACTORX">1</MDI>
      <MDI key="STATISTICS_SKIPFACTORY">1</MDI>
      <MDI key="STATISTICS_STDDEV">0.075362811163406</MDI>
    </Metadata>
  </PAMRasterBand>
</PAMDataset>
