<PAMDataset>
  <PAMRasterBand band="1">
    <Description>Layer_1</Description>
    <Histograms>
      <HistItem>
        <HistMin>6.2550156144425e-005</HistMin>
        <HistMax>0.51124250888824</HistMax>
        <BucketCount>256</BucketCount>
        <IncludeOutOfRange>1</IncludeOutOfRange>
        <Approximate>0</Approximate>
        <HistCounts>496|266|210|191|187|157|144|134|125|110|102|101|109|114|99|93|100|90|96|84|82|78|69|75|77|65|59|50|62|53|50|40|49|47|46|39|36|45|34|30|27|28|28|23|33|25|19|30|27|26|33|17|22|19|23|12|20|17|16|13|19|14|18|14|15|14|12|11|7|12|9|15|4|12|7|6|5|11|6|10|11|14|6|2|9|11|6|3|4|7|6|2|5|10|7|10|4|4|7|10|6|7|2|4|7|5|4|5|3|6|9|4|10|11|7|4|4|2|5|1|5|8|3|2|1|3|2|2|3|3|8|2|2|4|4|1|6|5|2|5|8|5|3|3|4|3|3|5|3|2|6|4|4|2|3|2|3|7|6|4|2|2|3|1|4|3|4|3|1|3|4|3|0|2|4|1|4|3|2|2|1|0|3|2|3|1|1|0|7|1|5|5|1|0|2|1|0|1|1|1|0|1|2|1|1|2|1|1|0|0|2|0|1|0|1|2|1|0|0|0|0|0|1|0|1|0|0|0|0|1|3|1|0|0|0|1|1|1|0|0|0|0|0|1|1|0|0|0|0|0|0|0|0|0|1|1</HistCounts>
      </HistItem>
    </Histograms>
    <Metadata>
      <MDI key="LAYER_TYPE">athematic</MDI>
      <MDI key="STATISTICS_COVARIANCES">0.006273543844377012</MDI>
      <MDI key="STATISTICS_EXCLUDEDVALUES"></MDI>
      <MDI key="STATISTICS_MAXIMUM">0.51124250888824</MDI>
      <MDI key="STATISTICS_MEAN">0.059962928542089</MDI>
      <MDI key="STATISTICS_MEDIAN">0</MDI>
      <MDI key="STATISTICS_MINIMUM">6.2550156144425e-005</MDI>
      <MDI key="STATISTICS_MODE">0</MDI>
      <MDI key="STATISTICS_SKIPFACTORX">1</MDI>
      <MDI key="STATISTICS_SKIPFACTORY">1</MDI>
      <MDI key="STATISTICS_STDDEV">0.079205705882701</MDI>
    </Metadata>
  </PAMRasterBand>
</PAMDataset>
