<PAMDataset>
  <PAMRasterBand band="1">
    <Description>Layer_1</Description>
    <Histograms>
      <HistItem>
        <HistMin>0.0001243354199687</HistMin>
        <HistMax>0.33568304777145</HistMax>
        <BucketCount>256</BucketCount>
        <IncludeOutOfRange>1</IncludeOutOfRange>
        <Approximate>0</Approximate>
        <HistCounts>264|215|248|236|221|207|181|191|149|130|115|116|91|92|78|65|62|54|63|81|73|47|60|61|54|53|63|46|53|52|52|49|61|46|50|39|44|37|33|38|38|34|26|37|27|34|29|37|24|25|28|25|29|11|18|17|19|32|16|18|22|23|18|19|21|15|21|16|20|15|12|6|15|14|12|15|15|14|13|22|15|17|12|17|9|10|7|21|12|7|11|4|6|7|3|9|4|6|8|6|7|4|6|6|6|9|7|8|8|6|5|8|6|10|5|7|4|5|5|4|14|4|9|5|4|5|0|4|4|3|2|6|2|1|3|3|3|3|4|9|2|5|4|7|2|5|2|3|2|2|7|2|6|4|2|4|3|2|2|3|3|4|4|1|5|3|4|2|4|5|3|3|3|2|4|0|1|2|2|2|2|1|1|0|1|2|1|0|1|0|0|0|2|0|2|0|0|1|3|1|0|2|0|1|0|0|1|0|1|0|0|0|0|0|1|1|1|0|1|1|0|0|0|0|0|1|1|0|1|0|0|0|0|0|0|0|0|0|0|0|0|0|0|0|0|0|0|0|0|0|0|0|0|0|0|1</HistCounts>
      </HistItem>
    </Histograms>
    <Metadata>
      <MDI key="LAYER_TYPE">athematic</MDI>
      <MDI key="STATISTICS_COVARIANCES">0.002506144206865974</MDI>
      <MDI key="STATISTICS_EXCLUDEDVALUES"></MDI>
      <MDI key="STATISTICS_MAXIMUM">0.33568304777145</MDI>
      <MDI key="STATISTICS_MEAN">0.041712722471619</MDI>
      <MDI key="STATISTICS_MEDIAN">0</MDI>
      <MDI key="STATISTICS_MINIMUM">0.0001243354199687</MDI>
      <MDI key="STATISTICS_MODE">0</MDI>
      <MDI key="STATISTICS_SKIPFACTORX">1</MDI>
      <MDI key="STATISTICS_SKIPFACTORY">1</MDI>
      <MDI key="STATISTICS_STDDEV">0.050061404363701</MDI>
    </Metadata>
  </PAMRasterBand>
</PAMDataset>
