<PAMDataset>
  <PAMRasterBand band="1">
    <Description>Layer_1</Description>
    <Histograms>
      <HistItem>
        <HistMin>0.00010518664930714</HistMin>
        <HistMax>0.5830038785934401</HistMax>
        <BucketCount>256</BucketCount>
        <IncludeOutOfRange>1</IncludeOutOfRange>
        <Approximate>0</Approximate>
        <HistCounts>620|368|305|248|215|189|194|155|149|140|121|97|108|109|74|82|78|66|81|64|65|70|69|58|72|57|50|48|50|47|57|52|51|42|47|36|36|37|33|19|33|27|26|22|28|25|27|24|15|15|21|16|16|10|15|14|5|8|19|11|12|10|11|11|6|12|13|13|13|6|11|5|8|9|4|8|11|6|5|7|5|12|5|4|6|6|9|4|4|10|5|3|7|3|6|5|5|6|5|0|1|2|6|2|5|2|3|3|3|3|3|1|4|3|1|5|3|2|2|2|3|0|2|1|1|3|3|2|1|3|4|3|1|0|1|0|2|2|0|2|3|1|2|0|2|1|3|1|4|4|1|3|1|0|1|0|0|1|1|0|2|2|2|0|0|1|2|0|1|0|1|2|1|0|1|2|0|0|1|0|0|0|1|0|1|3|0|1|0|0|1|0|0|0|1|1|1|0|0|0|0|1|0|0|1|0|0|0|1|0|0|1|0|0|0|1|1|0|0|1|0|0|0|0|0|0|0|0|0|0|1|0|0|0|0|1|0|0|0|0|0|0|0|0|1|0|0|0|0|0|0|0|0|0|0|1</HistCounts>
      </HistItem>
    </Histograms>
    <Metadata>
      <MDI key="LAYER_TYPE">athematic</MDI>
      <MDI key="STATISTICS_COVARIANCES">0.00452825003098268</MDI>
      <MDI key="STATISTICS_EXCLUDEDVALUES"></MDI>
      <MDI key="STATISTICS_MAXIMUM">0.58300387859344</MDI>
      <MDI key="STATISTICS_MEAN">0.049114448976545</MDI>
      <MDI key="STATISTICS_MEDIAN">0</MDI>
      <MDI key="STATISTICS_MINIMUM">0.00010518664930714</MDI>
      <MDI key="STATISTICS_MODE">0</MDI>
      <MDI key="STATISTICS_SKIPFACTORX">1</MDI>
      <MDI key="STATISTICS_SKIPFACTORY">1</MDI>
      <MDI key="STATISTICS_STDDEV">0.067292273189295</MDI>
    </Metadata>
  </PAMRasterBand>
</PAMDataset>
