<PAMDataset>
  <PAMRasterBand band="1">
    <Description>Layer_1</Description>
    <Histograms>
      <HistItem>
        <HistMin>5.4076946980786e-005</HistMin>
        <HistMax>0.52094101905823</HistMax>
        <BucketCount>256</BucketCount>
        <IncludeOutOfRange>1</IncludeOutOfRange>
        <Approximate>0</Approximate>
        <HistCounts>434|303|275|256|213|209|184|176|155|116|121|108|93|83|75|86|71|68|57|53|70|63|57|46|55|54|46|43|41|38|50|50|39|49|32|51|45|46|35|40|39|39|34|34|41|27|26|25|24|27|36|29|24|21|25|11|22|24|18|26|18|15|13|17|17|16|19|16|14|10|14|13|12|11|14|14|12|12|13|12|8|13|6|7|10|7|7|9|4|7|3|8|6|7|6|5|8|7|4|5|2|2|9|3|2|3|2|2|6|3|5|6|2|4|4|9|3|4|6|3|3|7|2|3|1|1|0|5|2|5|1|5|4|6|1|1|0|2|3|2|4|1|3|2|2|4|0|2|2|1|2|2|4|3|1|2|1|2|0|2|3|0|0|1|2|2|2|0|0|2|1|0|2|2|0|0|0|2|0|0|0|0|1|2|2|0|1|0|1|1|1|1|1|0|1|0|0|0|1|2|1|1|0|2|0|0|2|1|2|1|0|0|0|1|0|0|0|0|0|1|0|0|0|0|1|0|1|1|1|0|0|0|0|0|0|0|0|0|0|0|0|0|0|1|0|0|0|0|1|0|0|0|1|0|1|0</HistCounts>
      </HistItem>
    </Histograms>
    <Metadata>
      <MDI key="LAYER_TYPE">athematic</MDI>
      <MDI key="STATISTICS_COVARIANCES">0.004741875622911543</MDI>
      <MDI key="STATISTICS_EXCLUDEDVALUES"></MDI>
      <MDI key="STATISTICS_MAXIMUM">0.52094101905823</MDI>
      <MDI key="STATISTICS_MEAN">0.054048970035988</MDI>
      <MDI key="STATISTICS_MEDIAN">0</MDI>
      <MDI key="STATISTICS_MINIMUM">5.4076946980786e-005</MDI>
      <MDI key="STATISTICS_MODE">0</MDI>
      <MDI key="STATISTICS_SKIPFACTORX">1</MDI>
      <MDI key="STATISTICS_SKIPFACTORY">1</MDI>
      <MDI key="STATISTICS_STDDEV">0.068861278109773</MDI>
    </Metadata>
  </PAMRasterBand>
</PAMDataset>
