<PAMDataset>
  <PAMRasterBand band="1">
    <Description>Layer_1</Description>
    <Histograms>
      <HistItem>
        <HistMin>7.5198397098575e-005</HistMin>
        <HistMax>0.78980612754822</HistMax>
        <BucketCount>256</BucketCount>
        <IncludeOutOfRange>1</IncludeOutOfRange>
        <Approximate>0</Approximate>
        <HistCounts>819|397|248|221|217|189|148|140|134|154|121|131|102|95|74|71|67|69|60|56|53|52|63|49|44|47|44|53|48|39|47|33|37|38|36|23|34|35|42|32|28|24|37|32|37|23|27|25|20|20|15|20|17|15|13|16|15|20|20|16|17|19|16|12|20|8|8|10|4|5|9|12|7|5|5|5|7|5|5|7|6|2|3|7|6|9|4|1|8|5|4|4|4|3|4|1|6|3|4|2|4|2|5|1|3|2|2|4|6|2|3|2|4|0|5|1|5|2|1|0|1|3|1|3|3|3|1|1|0|3|1|2|3|3|1|1|3|1|2|4|3|4|1|2|1|2|0|2|1|1|2|1|2|1|1|1|5|2|1|2|0|1|2|0|2|0|1|2|2|1|1|4|2|3|1|0|3|2|3|1|0|5|0|1|1|1|2|1|0|2|4|1|0|0|2|0|0|1|0|3|0|0|1|1|1|0|1|1|1|3|1|1|1|0|0|2|0|0|0|3|1|0|0|1|0|0|2|1|0|0|0|0|0|1|0|0|1|0|0|0|1|0|0|0|0|0|1|0|0|0|0|0|0|0|1|0</HistCounts>
      </HistItem>
    </Histograms>
    <Metadata>
      <MDI key="LAYER_TYPE">athematic</MDI>
      <MDI key="STATISTICS_COVARIANCES">0.01100385160905796</MDI>
      <MDI key="STATISTICS_EXCLUDEDVALUES"></MDI>
      <MDI key="STATISTICS_MAXIMUM">0.78980612754822</MDI>
      <MDI key="STATISTICS_MEAN">0.069998133692896</MDI>
      <MDI key="STATISTICS_MEDIAN">0</MDI>
      <MDI key="STATISTICS_MINIMUM">7.5198397098575e-005</MDI>
      <MDI key="STATISTICS_MODE">0</MDI>
      <MDI key="STATISTICS_SKIPFACTORX">1</MDI>
      <MDI key="STATISTICS_SKIPFACTORY">1</MDI>
      <MDI key="STATISTICS_STDDEV">0.10489924503569</MDI>
    </Metadata>
  </PAMRasterBand>
</PAMDataset>
