<PAMDataset>
  <PAMRasterBand band="1">
    <Description>Layer_1</Description>
    <Histograms>
      <HistItem>
        <HistMin>7.618978997925301e-005</HistMin>
        <HistMax>0.72767603397369</HistMax>
        <BucketCount>256</BucketCount>
        <IncludeOutOfRange>1</IncludeOutOfRange>
        <Approximate>0</Approximate>
        <HistCounts>631|349|275|229|155|145|153|154|157|102|108|109|100|98|94|80|79|73|72|60|66|62|50|56|54|58|42|39|40|51|47|44|41|52|32|27|28|37|23|36|30|26|31|28|23|24|20|25|13|20|29|25|17|18|22|11|22|18|20|13|16|22|27|14|16|15|15|15|17|16|7|11|13|14|16|12|17|13|13|12|11|11|9|12|13|12|15|8|18|7|9|11|9|8|8|11|10|3|3|6|4|8|5|9|6|2|4|8|7|5|2|4|5|2|3|4|4|5|4|5|5|3|2|3|5|2|3|2|2|1|3|4|2|2|4|3|2|1|1|1|4|4|1|1|1|1|0|1|3|4|2|0|3|4|2|1|0|0|2|1|5|1|2|0|3|2|5|3|0|1|0|1|1|0|0|1|2|1|1|1|0|0|2|1|0|1|0|0|1|0|0|0|1|0|0|2|1|1|3|0|3|0|0|0|1|0|1|0|0|0|0|1|0|0|0|1|0|1|0|1|0|2|1|2|0|0|1|2|0|0|0|0|0|0|0|0|0|0|0|0|0|0|1|0|0|0|0|1|0|0|0|1|1|0|0|1</HistCounts>
      </HistItem>
    </Histograms>
    <Metadata>
      <MDI key="LAYER_TYPE">athematic</MDI>
      <MDI key="STATISTICS_COVARIANCES">0.01003506732391336</MDI>
      <MDI key="STATISTICS_EXCLUDEDVALUES"></MDI>
      <MDI key="STATISTICS_MAXIMUM">0.72767603397369</MDI>
      <MDI key="STATISTICS_MEAN">0.075840136275478</MDI>
      <MDI key="STATISTICS_MEDIAN">0</MDI>
      <MDI key="STATISTICS_MINIMUM">7.6189789979253e-005</MDI>
      <MDI key="STATISTICS_MODE">0</MDI>
      <MDI key="STATISTICS_SKIPFACTORX">1</MDI>
      <MDI key="STATISTICS_SKIPFACTORY">1</MDI>
      <MDI key="STATISTICS_STDDEV">0.10017518317384</MDI>
    </Metadata>
  </PAMRasterBand>
</PAMDataset>
