<PAMDataset>
  <PAMRasterBand band="1">
    <Description>Layer_1</Description>
    <Histograms>
      <HistItem>
        <HistMin>5.5461372539867e-005</HistMin>
        <HistMax>0.52394551038742</HistMax>
        <BucketCount>256</BucketCount>
        <IncludeOutOfRange>1</IncludeOutOfRange>
        <Approximate>0</Approximate>
        <HistCounts>475|303|313|256|207|183|170|160|122|146|126|106|100|72|91|81|68|71|66|67|55|53|64|52|63|54|41|54|39|61|45|38|46|44|52|42|45|34|47|52|35|32|31|32|32|29|27|38|22|18|23|34|17|23|25|20|25|18|17|16|27|19|17|14|13|10|14|13|13|9|12|11|8|5|15|9|9|9|5|12|6|12|7|8|12|6|8|9|7|8|5|8|7|4|12|4|3|4|8|5|4|10|7|7|0|4|3|2|4|6|2|1|1|3|5|5|1|6|3|3|4|4|1|1|2|1|5|2|1|0|4|1|2|3|3|2|1|4|4|1|5|2|1|2|0|4|1|1|5|0|0|0|2|3|1|1|1|2|1|1|1|2|0|2|2|1|2|0|1|2|2|1|0|0|1|1|2|2|2|3|1|1|2|0|1|0|1|0|0|0|1|0|0|0|2|3|0|0|3|2|0|2|1|1|0|0|0|1|1|0|3|1|1|0|1|0|0|1|0|0|0|0|1|2|1|1|0|0|0|0|0|0|0|0|0|0|0|0|0|0|0|0|0|0|0|0|0|0|1|0|0|0|0|0|0|1</HistCounts>
      </HistItem>
    </Histograms>
    <Metadata>
      <MDI key="LAYER_TYPE">athematic</MDI>
      <MDI key="STATISTICS_COVARIANCES">0.004733691143612218</MDI>
      <MDI key="STATISTICS_EXCLUDEDVALUES"></MDI>
      <MDI key="STATISTICS_MAXIMUM">0.52394551038742</MDI>
      <MDI key="STATISTICS_MEAN">0.052994159889952</MDI>
      <MDI key="STATISTICS_MEDIAN">0</MDI>
      <MDI key="STATISTICS_MINIMUM">5.5461372539867e-005</MDI>
      <MDI key="STATISTICS_MODE">0</MDI>
      <MDI key="STATISTICS_SKIPFACTORX">1</MDI>
      <MDI key="STATISTICS_SKIPFACTORY">1</MDI>
      <MDI key="STATISTICS_STDDEV">0.068801825147391</MDI>
    </Metadata>
  </PAMRasterBand>
</PAMDataset>
