<PAMDataset>
  <PAMRasterBand band="1">
    <Description>Layer_1</Description>
    <Histograms>
      <HistItem>
        <HistMin>1.9729448467842e-005</HistMin>
        <HistMax>0.54309731721878</HistMax>
        <BucketCount>256</BucketCount>
        <IncludeOutOfRange>1</IncludeOutOfRange>
        <Approximate>0</Approximate>
        <HistCounts>530|272|233|232|212|181|164|148|144|127|140|126|116|106|127|99|95|84|73|88|88|73|62|65|58|54|63|43|50|53|32|42|41|26|38|32|29|31|34|18|28|33|35|30|34|21|28|25|19|21|14|20|15|24|14|17|20|12|15|6|18|13|11|12|10|10|10|12|6|7|10|6|7|10|10|5|11|9|10|7|6|6|5|3|10|8|9|8|10|9|7|4|3|2|4|8|4|7|4|4|7|9|10|6|4|2|5|5|1|4|5|2|3|1|2|4|4|1|8|1|7|2|5|1|3|4|7|6|3|3|3|5|2|2|4|4|4|1|9|2|5|1|3|3|5|6|5|1|2|3|5|4|5|5|7|3|1|7|2|3|3|2|1|1|1|1|3|4|2|1|0|1|1|1|1|0|3|0|1|4|3|0|2|0|2|1|0|0|2|1|0|2|1|0|0|1|2|2|4|0|0|1|0|0|1|2|0|2|0|0|1|2|1|1|0|1|1|0|0|0|1|0|1|1|0|0|0|0|0|0|0|0|0|1|0|0|0|1|0|0|0|0|0|0|0|0|0|0|0|0|0|0|0|0|0|1</HistCounts>
      </HistItem>
    </Histograms>
    <Metadata>
      <MDI key="LAYER_TYPE">athematic</MDI>
      <MDI key="STATISTICS_COVARIANCES">0.005936111309908042</MDI>
      <MDI key="STATISTICS_EXCLUDEDVALUES"></MDI>
      <MDI key="STATISTICS_MAXIMUM">0.54309731721878</MDI>
      <MDI key="STATISTICS_MEAN">0.056093479287735</MDI>
      <MDI key="STATISTICS_MEDIAN">0</MDI>
      <MDI key="STATISTICS_MINIMUM">1.9729448467842e-005</MDI>
      <MDI key="STATISTICS_MODE">0</MDI>
      <MDI key="STATISTICS_SKIPFACTORX">1</MDI>
      <MDI key="STATISTICS_SKIPFACTORY">1</MDI>
      <MDI key="STATISTICS_STDDEV">0.077046163498957</MDI>
    </Metadata>
  </PAMRasterBand>
</PAMDataset>
