<PAMDataset>
  <PAMRasterBand band="1">
    <Description>Layer_1</Description>
    <Histograms>
      <HistItem>
        <HistMin>9.968998710974099e-006</HistMin>
        <HistMax>0.75795114040375</HistMax>
        <BucketCount>256</BucketCount>
        <IncludeOutOfRange>1</IncludeOutOfRange>
        <Approximate>0</Approximate>
        <HistCounts>661|320|241|194|193|189|184|195|141|136|117|122|117|96|82|72|67|70|67|63|50|48|49|60|77|57|64|50|48|41|42|35|43|42|37|28|40|37|29|23|34|26|19|27|24|37|12|24|17|25|21|24|16|17|20|19|15|19|14|17|21|8|17|20|18|11|14|13|14|16|7|14|15|15|6|5|11|11|9|9|10|12|10|4|9|15|3|10|11|7|9|3|5|10|4|7|3|3|7|6|4|6|6|2|5|5|5|4|2|4|2|1|4|4|6|2|3|2|1|3|1|5|3|3|3|2|5|1|4|4|2|1|0|4|1|4|2|2|4|2|4|1|2|2|3|1|2|4|3|3|1|1|1|3|1|2|1|2|1|5|0|3|3|2|0|0|1|1|1|0|0|0|0|3|0|1|1|0|1|2|2|2|1|0|0|0|3|1|0|1|0|2|0|1|1|1|0|0|1|0|1|0|0|0|1|0|0|2|0|0|0|2|3|3|1|0|0|1|0|0|0|0|0|1|0|0|1|0|1|2|0|0|1|1|1|0|0|0|0|1|0|0|0|0|0|2|0|1|0|0|0|0|0|0|1|0</HistCounts>
      </HistItem>
    </Histograms>
    <Metadata>
      <MDI key="LAYER_TYPE">athematic</MDI>
      <MDI key="STATISTICS_COVARIANCES">0.0104967762401037</MDI>
      <MDI key="STATISTICS_EXCLUDEDVALUES"></MDI>
      <MDI key="STATISTICS_MAXIMUM">0.75795114040375</MDI>
      <MDI key="STATISTICS_MEAN">0.074371751717755</MDI>
      <MDI key="STATISTICS_MEDIAN">0</MDI>
      <MDI key="STATISTICS_MINIMUM">9.9689987109741e-006</MDI>
      <MDI key="STATISTICS_MODE">0</MDI>
      <MDI key="STATISTICS_SKIPFACTORX">1</MDI>
      <MDI key="STATISTICS_SKIPFACTORY">1</MDI>
      <MDI key="STATISTICS_STDDEV">0.10245377611442</MDI>
    </Metadata>
  </PAMRasterBand>
</PAMDataset>
