<PAMDataset>
  <PAMRasterBand band="1">
    <Description>Layer_1</Description>
    <Histograms>
      <HistItem>
        <HistMin>9.660344949225e-005</HistMin>
        <HistMax>0.64329063892365</HistMax>
        <BucketCount>256</BucketCount>
        <IncludeOutOfRange>1</IncludeOutOfRange>
        <Approximate>0</Approximate>
        <HistCounts>720|450|297|224|234|193|208|155|130|122|112|99|90|95|86|91|85|78|69|65|59|53|46|67|54|47|37|49|30|42|39|46|34|38|33|35|29|29|28|27|29|18|31|26|25|20|15|21|16|15|16|18|22|21|22|9|17|11|13|15|16|17|9|9|8|8|8|9|6|6|13|10|7|14|8|10|5|10|13|7|7|3|2|7|3|4|5|5|4|5|7|6|6|4|3|5|2|8|4|6|2|3|4|5|3|3|2|2|3|8|5|2|2|9|1|2|2|4|5|1|1|3|2|1|3|2|3|3|1|0|1|4|4|1|5|6|0|3|2|2|0|3|6|2|1|2|2|2|2|2|3|1|1|0|0|2|2|4|0|1|4|1|1|0|1|1|0|1|1|3|1|2|0|3|0|1|0|1|1|0|2|0|2|0|0|0|0|0|0|0|2|1|0|0|1|0|0|1|0|0|0|0|0|1|0|0|0|0|0|0|0|0|0|1|1|0|1|0|0|0|1|0|0|0|1|0|0|0|0|0|0|1|0|1|0|0|0|0|0|0|0|0|0|0|0|0|0|0|0|0|0|0|0|0|1|0</HistCounts>
      </HistItem>
    </Histograms>
    <Metadata>
      <MDI key="LAYER_TYPE">athematic</MDI>
      <MDI key="STATISTICS_COVARIANCES">0.006031232512007013</MDI>
      <MDI key="STATISTICS_EXCLUDEDVALUES"></MDI>
      <MDI key="STATISTICS_MAXIMUM">0.64329063892365</MDI>
      <MDI key="STATISTICS_MEAN">0.053865369147602</MDI>
      <MDI key="STATISTICS_MEDIAN">0</MDI>
      <MDI key="STATISTICS_MINIMUM">9.660344949225e-005</MDI>
      <MDI key="STATISTICS_MODE">0</MDI>
      <MDI key="STATISTICS_SKIPFACTORX">1</MDI>
      <MDI key="STATISTICS_SKIPFACTORY">1</MDI>
      <MDI key="STATISTICS_STDDEV">0.077661010243281</MDI>
    </Metadata>
  </PAMRasterBand>
</PAMDataset>
