<PAMDataset>
  <PAMRasterBand band="1">
    <Description>Layer_1</Description>
    <Histograms>
      <HistItem>
        <HistMin>2.0832758309552e-005</HistMin>
        <HistMax>0.51496964693069</HistMax>
        <BucketCount>256</BucketCount>
        <IncludeOutOfRange>1</IncludeOutOfRange>
        <Approximate>0</Approximate>
        <HistCounts>502|259|229|208|241|173|141|139|128|138|102|101|106|120|117|100|82|99|95|88|74|62|64|72|69|54|70|54|55|55|32|42|48|31|30|40|38|27|25|36|18|30|32|25|26|39|36|22|30|16|29|22|14|10|18|12|16|22|21|13|11|10|15|14|12|14|13|16|9|13|5|16|11|10|9|11|6|12|7|3|10|8|7|8|10|5|7|6|4|10|3|5|3|7|4|10|5|7|8|3|5|7|4|9|3|2|4|11|5|2|3|6|8|2|1|4|5|1|3|1|1|3|4|7|5|4|3|1|1|3|3|1|6|1|0|6|5|5|5|4|4|10|2|3|3|2|5|4|6|2|2|5|3|3|5|3|1|2|5|5|3|4|5|2|3|5|4|4|0|2|2|2|3|2|3|1|2|1|2|1|4|0|1|2|2|4|3|1|2|0|2|1|0|1|2|1|3|0|0|3|1|0|0|1|2|3|1|2|1|0|1|1|0|0|0|1|2|0|0|1|0|0|1|0|1|2|1|0|0|0|2|0|0|0|0|1|0|0|0|0|0|2|1|0|0|0|0|0|0|0|0|0|0|0|0|1</HistCounts>
      </HistItem>
    </Histograms>
    <Metadata>
      <MDI key="LAYER_TYPE">athematic</MDI>
      <MDI key="STATISTICS_COVARIANCES">0.006055042023915469</MDI>
      <MDI key="STATISTICS_EXCLUDEDVALUES"></MDI>
      <MDI key="STATISTICS_MAXIMUM">0.51496964693069</MDI>
      <MDI key="STATISTICS_MEAN">0.057300631466293</MDI>
      <MDI key="STATISTICS_MEDIAN">0</MDI>
      <MDI key="STATISTICS_MINIMUM">2.0832758309552e-005</MDI>
      <MDI key="STATISTICS_MODE">0</MDI>
      <MDI key="STATISTICS_SKIPFACTORX">1</MDI>
      <MDI key="STATISTICS_SKIPFACTORY">1</MDI>
      <MDI key="STATISTICS_STDDEV">0.077814150537775</MDI>
    </Metadata>
  </PAMRasterBand>
</PAMDataset>
