<PAMDataset>
  <PAMRasterBand band="1">
    <Description>Layer_1</Description>
    <Histograms>
      <HistItem>
        <HistMin>6.7324363044463e-005</HistMin>
        <HistMax>0.75611835718155</HistMax>
        <BucketCount>256</BucketCount>
        <IncludeOutOfRange>1</IncludeOutOfRange>
        <Approximate>0</Approximate>
        <HistCounts>762|439|339|319|260|265|217|162|175|166|132|118|102|94|86|92|85|64|64|57|55|43|49|63|33|39|34|38|45|35|30|37|36|24|31|30|26|18|25|17|17|27|19|24|12|10|11|18|7|13|14|8|13|8|10|7|13|7|7|6|10|10|8|11|5|5|9|6|6|4|2|7|6|6|5|1|2|5|2|8|2|6|3|6|7|5|4|7|3|5|2|0|3|5|4|3|1|3|1|2|7|2|3|5|7|3|3|3|0|4|0|6|4|2|6|1|5|3|4|4|4|4|1|4|0|0|1|4|2|2|2|0|2|0|0|0|1|1|1|1|1|1|0|1|0|1|0|1|1|0|2|2|2|1|0|2|0|0|0|0|0|0|0|1|0|1|1|0|0|0|1|1|0|1|0|0|1|0|1|0|0|0|0|1|1|0|0|0|0|0|0|0|0|0|0|0|0|0|1|1|1|1|0|0|0|0|0|0|0|0|0|0|0|0|0|0|0|3|0|0|0|0|0|0|0|0|0|0|2|0|0|0|0|0|0|0|1|0|0|0|0|0|0|0|0|0|0|0|0|0|0|0|0|0|1|0</HistCounts>
      </HistItem>
    </Histograms>
    <Metadata>
      <MDI key="LAYER_TYPE">athematic</MDI>
      <MDI key="STATISTICS_COVARIANCES">0.005966925252708357</MDI>
      <MDI key="STATISTICS_EXCLUDEDVALUES"></MDI>
      <MDI key="STATISTICS_MAXIMUM">0.75611835718155</MDI>
      <MDI key="STATISTICS_MEAN">0.049835557833524</MDI>
      <MDI key="STATISTICS_MEDIAN">0</MDI>
      <MDI key="STATISTICS_MINIMUM">6.7324363044463e-005</MDI>
      <MDI key="STATISTICS_MODE">0</MDI>
      <MDI key="STATISTICS_SKIPFACTORX">1</MDI>
      <MDI key="STATISTICS_SKIPFACTORY">1</MDI>
      <MDI key="STATISTICS_STDDEV">0.077245875311944</MDI>
    </Metadata>
  </PAMRasterBand>
</PAMDataset>
