<PAMDataset>
  <PAMRasterBand band="1">
    <Description>Layer_1</Description>
    <Histograms>
      <HistItem>
        <HistMin>0.00015846907626837</HistMin>
        <HistMax>0.76041299104691</HistMax>
        <BucketCount>256</BucketCount>
        <IncludeOutOfRange>1</IncludeOutOfRange>
        <Approximate>0</Approximate>
        <HistCounts>555|309|201|177|181|155|133|132|116|122|107|125|114|111|85|95|97|79|81|78|60|61|72|60|71|55|50|48|48|54|46|46|40|44|47|54|32|35|31|37|28|32|34|34|29|27|24|29|23|22|24|26|20|23|11|16|17|21|22|15|20|10|12|12|16|16|12|10|20|11|16|14|6|16|15|8|13|14|6|6|12|10|10|10|8|13|17|5|7|6|10|9|14|13|6|7|10|25|6|12|8|9|6|13|9|8|7|9|16|10|9|5|5|8|8|5|3|3|4|5|7|4|9|2|5|3|3|1|3|4|4|3|3|5|4|1|2|3|2|3|5|1|2|0|1|0|3|2|2|3|3|2|3|2|2|4|2|1|1|1|1|4|1|1|3|1|3|2|0|0|1|0|2|1|1|2|1|0|0|0|0|1|0|0|0|0|1|0|0|1|0|0|0|0|0|0|1|0|1|0|0|1|2|0|1|0|0|1|0|0|0|1|0|0|0|0|0|0|0|0|1|0|0|0|0|0|0|1|1|0|0|0|0|0|0|0|0|0|0|0|0|0|1|0|0|0|0|0|0|0|0|0|0|0|1|0</HistCounts>
      </HistItem>
    </Histograms>
    <Metadata>
      <MDI key="LAYER_TYPE">athematic</MDI>
      <MDI key="STATISTICS_COVARIANCES">0.01051052564093902</MDI>
      <MDI key="STATISTICS_EXCLUDEDVALUES"></MDI>
      <MDI key="STATISTICS_MAXIMUM">0.76041299104691</MDI>
      <MDI key="STATISTICS_MEAN">0.084113287920431</MDI>
      <MDI key="STATISTICS_MEDIAN">0</MDI>
      <MDI key="STATISTICS_MINIMUM">0.00015846907626837</MDI>
      <MDI key="STATISTICS_MODE">0</MDI>
      <MDI key="STATISTICS_SKIPFACTORX">1</MDI>
      <MDI key="STATISTICS_SKIPFACTORY">1</MDI>
      <MDI key="STATISTICS_STDDEV">0.10252085466352</MDI>
    </Metadata>
  </PAMRasterBand>
</PAMDataset>
