<PAMDataset>
  <PAMRasterBand band="1">
    <Description>Layer_1</Description>
    <Histograms>
      <HistItem>
        <HistMin>6.2534745666198e-006</HistMin>
        <HistMax>0.48486855626106</HistMax>
        <BucketCount>256</BucketCount>
        <IncludeOutOfRange>1</IncludeOutOfRange>
        <Approximate>0</Approximate>
        <HistCounts>1056|943|672|518|396|364|302|275|234|182|171|151|139|133|127|96|107|111|94|84|103|81|83|78|80|76|60|54|65|58|58|52|53|41|58|55|49|48|49|37|59|42|35|39|55|36|42|31|34|35|26|38|26|27|30|34|20|27|30|23|27|28|23|18|30|13|19|20|22|20|12|13|13|10|19|15|14|10|12|10|10|13|10|5|9|8|6|8|13|5|6|4|9|9|10|7|5|9|3|2|2|9|3|3|4|3|3|5|1|6|4|4|5|5|4|3|8|0|3|4|1|4|5|3|7|3|1|4|5|5|3|2|3|5|3|4|4|5|3|6|1|0|3|1|1|5|3|0|1|2|5|6|1|1|1|4|2|0|2|1|1|4|3|1|1|1|0|2|0|2|2|2|0|0|1|0|1|1|2|0|1|1|0|3|1|1|3|1|3|0|1|2|1|1|0|0|0|1|0|0|0|0|0|0|0|0|0|0|1|0|0|1|1|1|2|1|0|0|0|0|1|0|0|0|0|0|1|0|0|0|0|1|0|0|0|1|1|1|0|0|1|0|0|0|0|1|0|0|0|0|0|1|0|0|0|1</HistCounts>
      </HistItem>
    </Histograms>
    <Metadata>
      <MDI key="LAYER_TYPE">athematic</MDI>
      <MDI key="STATISTICS_COVARIANCES">0.003188622123362163</MDI>
      <MDI key="STATISTICS_EXCLUDEDVALUES"></MDI>
      <MDI key="STATISTICS_MAXIMUM">0.48486855626106</MDI>
      <MDI key="STATISTICS_MEAN">0.0380918752941</MDI>
      <MDI key="STATISTICS_MEDIAN">0</MDI>
      <MDI key="STATISTICS_MINIMUM">6.2534745666198e-006</MDI>
      <MDI key="STATISTICS_MODE">0</MDI>
      <MDI key="STATISTICS_SKIPFACTORX">1</MDI>
      <MDI key="STATISTICS_SKIPFACTORY">1</MDI>
      <MDI key="STATISTICS_STDDEV">0.056467885770251</MDI>
    </Metadata>
  </PAMRasterBand>
</PAMDataset>
