<PAMDataset>
  <PAMRasterBand band="1">
    <Description>Layer_1</Description>
    <Histograms>
      <HistItem>
        <HistMin>2.0364474039525e-005</HistMin>
        <HistMax>0.82437163591385</HistMax>
        <BucketCount>256</BucketCount>
        <IncludeOutOfRange>1</IncludeOutOfRange>
        <Approximate>0</Approximate>
        <HistCounts>2602|1086|762|591|415|290|214|184|155|124|142|125|100|75|96|90|68|80|71|65|67|51|61|62|40|37|33|45|37|31|38|33|28|25|22|32|19|22|19|27|21|27|25|21|20|17|14|23|16|21|27|8|10|10|15|6|24|14|15|17|15|14|14|12|8|10|7|8|5|6|7|6|6|9|9|3|2|5|9|8|1|2|3|6|4|4|3|4|5|3|4|2|8|4|1|0|5|2|3|1|5|2|3|3|4|1|2|1|1|2|1|2|2|7|3|4|3|2|1|1|2|1|1|0|2|2|2|4|3|3|2|1|2|5|1|3|1|1|1|2|1|2|3|3|1|1|0|1|1|1|4|4|1|1|3|2|1|3|7|2|4|2|1|2|1|3|1|3|1|0|1|3|4|2|1|1|4|2|1|2|1|1|0|1|0|0|0|0|1|0|1|0|1|2|1|0|0|0|1|1|0|1|0|0|0|0|1|0|0|0|0|0|0|0|0|0|0|0|1|0|0|1|0|0|0|2|1|1|0|0|1|0|0|0|0|1|0|0|0|0|1|0|0|0|0|0|0|0|0|0|0|0|0|1|1|0</HistCounts>
      </HistItem>
    </Histograms>
    <Metadata>
      <MDI key="LAYER_TYPE">athematic</MDI>
      <MDI key="STATISTICS_COVARIANCES">0.007142526329429519</MDI>
      <MDI key="STATISTICS_EXCLUDEDVALUES"></MDI>
      <MDI key="STATISTICS_MAXIMUM">0.82437163591385</MDI>
      <MDI key="STATISTICS_MEAN">0.040859405629779</MDI>
      <MDI key="STATISTICS_MEDIAN">0</MDI>
      <MDI key="STATISTICS_MINIMUM">2.0364474039525e-005</MDI>
      <MDI key="STATISTICS_MODE">0</MDI>
      <MDI key="STATISTICS_SKIPFACTORX">1</MDI>
      <MDI key="STATISTICS_SKIPFACTORY">1</MDI>
      <MDI key="STATISTICS_STDDEV">0.08451346833156</MDI>
    </Metadata>
  </PAMRasterBand>
</PAMDataset>
