<PAMDataset>
  <PAMRasterBand band="1">
    <Description>Layer_1</Description>
    <Histograms>
      <HistItem>
        <HistMin>2.6765001166495e-005</HistMin>
        <HistMax>0.64555776119232</HistMax>
        <BucketCount>256</BucketCount>
        <IncludeOutOfRange>1</IncludeOutOfRange>
        <Approximate>0</Approximate>
        <HistCounts>1483|1043|535|426|378|320|282|245|190|166|187|181|177|169|161|132|141|151|102|112|114|96|81|93|76|89|72|81|69|47|52|44|54|41|48|32|40|35|29|33|36|26|33|23|29|27|22|44|21|18|15|23|22|17|17|15|20|12|10|8|16|12|9|11|14|14|17|11|13|8|12|14|9|8|8|9|9|10|5|7|12|7|9|9|4|5|5|2|8|8|4|8|7|10|5|7|5|5|8|6|5|3|3|3|3|5|3|5|7|7|5|7|6|6|5|6|2|6|3|7|3|7|3|0|3|7|4|0|4|4|3|0|7|3|2|1|2|4|1|1|3|0|2|1|3|5|2|4|3|3|4|2|4|4|0|1|1|3|0|2|2|2|1|3|1|1|3|1|1|2|1|0|0|3|0|1|1|2|0|1|0|0|0|0|2|0|0|0|0|0|1|0|1|0|0|0|0|0|0|0|0|0|0|2|0|0|0|0|1|0|0|0|0|0|0|1|0|0|0|0|1|0|0|0|0|0|1|0|0|1|0|0|0|0|0|0|0|0|0|0|0|0|0|0|1|0|0|0|0|0|0|0|0|0|0|1</HistCounts>
      </HistItem>
    </Histograms>
    <Metadata>
      <MDI key="LAYER_TYPE">athematic</MDI>
      <MDI key="STATISTICS_COVARIANCES">0.004698695587385779</MDI>
      <MDI key="STATISTICS_EXCLUDEDVALUES"></MDI>
      <MDI key="STATISTICS_MAXIMUM">0.64555776119232</MDI>
      <MDI key="STATISTICS_MEAN">0.04355244442469</MDI>
      <MDI key="STATISTICS_MEDIAN">0</MDI>
      <MDI key="STATISTICS_MINIMUM">2.6765001166495e-005</MDI>
      <MDI key="STATISTICS_MODE">0</MDI>
      <MDI key="STATISTICS_SKIPFACTORX">1</MDI>
      <MDI key="STATISTICS_SKIPFACTORY">1</MDI>
      <MDI key="STATISTICS_STDDEV">0.0685470319371</MDI>
    </Metadata>
  </PAMRasterBand>
</PAMDataset>
