<PAMDataset>
  <PAMRasterBand band="1">
    <Description>Layer_1</Description>
    <Histograms>
      <HistItem>
        <HistMin>5.2660005167127e-005</HistMin>
        <HistMax>0.61540538072586</HistMax>
        <BucketCount>256</BucketCount>
        <IncludeOutOfRange>1</IncludeOutOfRange>
        <Approximate>0</Approximate>
        <HistCounts>1438|995|548|433|372|317|264|242|194|166|161|168|143|148|139|150|149|146|127|140|89|105|84|93|82|77|75|84|60|58|58|66|49|60|57|45|31|37|36|40|41|29|27|19|26|35|37|23|37|27|22|20|16|15|28|15|14|13|12|11|14|12|17|13|12|16|12|8|12|16|8|9|11|11|8|6|6|10|10|9|17|8|7|8|5|8|11|7|7|6|5|8|6|11|8|4|5|2|11|5|9|2|4|6|3|6|6|5|4|3|4|6|10|3|4|5|6|5|6|2|7|4|6|9|2|5|4|2|5|1|2|1|3|3|5|1|2|2|5|0|6|2|4|4|1|1|3|4|6|3|4|0|1|4|0|1|3|2|3|1|2|2|1|2|2|2|1|3|1|2|1|4|1|1|0|6|2|0|1|0|1|0|0|2|0|2|2|0|1|0|1|0|0|0|0|0|2|0|0|1|0|0|0|0|0|0|0|0|0|0|0|1|0|0|0|0|0|1|0|0|0|1|0|0|0|0|1|0|0|0|1|0|0|0|0|0|0|0|0|2|0|0|0|0|0|0|0|0|0|0|0|0|0|0|0|1</HistCounts>
      </HistItem>
    </Histograms>
    <Metadata>
      <MDI key="LAYER_TYPE">athematic</MDI>
      <MDI key="STATISTICS_COVARIANCES">0.004741180778105711</MDI>
      <MDI key="STATISTICS_EXCLUDEDVALUES"></MDI>
      <MDI key="STATISTICS_MAXIMUM">0.61540538072586</MDI>
      <MDI key="STATISTICS_MEAN">0.044234932365935</MDI>
      <MDI key="STATISTICS_MEDIAN">0</MDI>
      <MDI key="STATISTICS_MINIMUM">5.2660005167127e-005</MDI>
      <MDI key="STATISTICS_MODE">0</MDI>
      <MDI key="STATISTICS_SKIPFACTORX">1</MDI>
      <MDI key="STATISTICS_SKIPFACTORY">1</MDI>
      <MDI key="STATISTICS_STDDEV">0.068856232674361</MDI>
    </Metadata>
  </PAMRasterBand>
</PAMDataset>
