<PAMDataset>
  <PAMRasterBand band="1">
    <Description>Layer_1</Description>
    <Histograms>
      <HistItem>
        <HistMin>1.9068918845733e-005</HistMin>
        <HistMax>0.48235139250755</HistMax>
        <BucketCount>256</BucketCount>
        <IncludeOutOfRange>1</IncludeOutOfRange>
        <Approximate>0</Approximate>
        <HistCounts>1069|905|598|511|428|344|326|277|238|217|187|147|144|117|120|98|115|97|86|80|104|85|72|71|75|76|68|81|64|47|53|47|62|62|57|63|46|39|43|56|48|45|49|40|52|37|46|32|30|32|33|33|27|22|35|24|27|25|33|29|23|19|26|21|23|20|20|21|17|12|17|20|18|8|12|8|19|9|15|15|7|14|8|11|14|9|3|8|8|7|6|8|14|10|6|9|7|6|10|5|5|2|6|7|3|5|4|5|3|7|3|6|1|6|6|3|4|2|1|2|6|5|6|6|7|5|3|4|4|7|2|5|2|1|3|1|2|3|2|2|4|4|1|2|1|3|3|0|1|2|2|1|2|1|3|1|2|0|5|4|5|1|2|3|0|1|0|1|1|0|0|0|2|0|0|2|0|0|0|0|0|2|1|0|4|3|0|1|0|1|0|0|1|1|0|0|0|1|1|0|0|1|0|0|1|0|1|0|0|3|0|0|0|1|0|0|0|0|0|1|1|0|2|0|0|1|0|0|0|0|1|0|0|1|0|0|0|0|0|0|0|0|1|1|0|0|0|0|0|0|0|0|0|0|0|1</HistCounts>
      </HistItem>
    </Histograms>
    <Metadata>
      <MDI key="LAYER_TYPE">athematic</MDI>
      <MDI key="STATISTICS_COVARIANCES">0.003072439819497439</MDI>
      <MDI key="STATISTICS_EXCLUDEDVALUES"></MDI>
      <MDI key="STATISTICS_MAXIMUM">0.48235139250755</MDI>
      <MDI key="STATISTICS_MEAN">0.03821884336675</MDI>
      <MDI key="STATISTICS_MEDIAN">0</MDI>
      <MDI key="STATISTICS_MINIMUM">1.9068918845733e-005</MDI>
      <MDI key="STATISTICS_MODE">0</MDI>
      <MDI key="STATISTICS_SKIPFACTORX">1</MDI>
      <MDI key="STATISTICS_SKIPFACTORY">1</MDI>
      <MDI key="STATISTICS_STDDEV">0.055429593354971</MDI>
    </Metadata>
  </PAMRasterBand>
</PAMDataset>
