<PAMDataset>
  <PAMRasterBand band="1">
    <Description>Layer_1</Description>
    <Histograms>
      <HistItem>
        <HistMin>5.9315756516298e-005</HistMin>
        <HistMax>0.74055123329163</HistMax>
        <BucketCount>256</BucketCount>
        <IncludeOutOfRange>1</IncludeOutOfRange>
        <Approximate>0</Approximate>
        <HistCounts>2020|1000|660|558|405|344|302|260|227|178|167|150|143|136|143|85|114|92|91|73|83|77|65|58|61|66|58|49|39|38|48|33|46|31|30|26|26|29|36|22|23|29|26|29|20|25|15|11|22|18|16|12|9|16|15|11|11|9|13|10|10|10|14|9|13|6|11|11|4|6|8|6|12|5|4|7|5|9|6|4|2|5|7|8|5|8|7|7|8|4|5|5|4|1|3|4|2|4|3|2|5|6|3|4|6|4|3|3|3|4|1|4|4|3|1|2|1|6|6|2|4|2|2|2|2|1|1|2|1|1|2|1|2|1|1|7|2|3|4|1|0|2|2|0|1|1|1|0|0|3|1|1|2|3|1|1|2|1|0|1|0|1|0|0|0|0|0|0|0|0|1|1|1|1|0|1|1|0|0|0|0|1|0|1|0|0|1|0|3|0|3|0|1|1|1|0|0|1|0|1|0|0|0|0|1|2|0|0|0|0|0|1|1|0|0|0|0|1|1|0|1|0|0|2|0|0|1|0|1|0|0|0|1|0|0|0|0|0|1|1|0|1|0|0|0|0|0|0|0|0|0|0|0|0|1|0</HistCounts>
      </HistItem>
    </Histograms>
    <Metadata>
      <MDI key="LAYER_TYPE">athematic</MDI>
      <MDI key="STATISTICS_COVARIANCES">0.00517470484098672</MDI>
      <MDI key="STATISTICS_EXCLUDEDVALUES"></MDI>
      <MDI key="STATISTICS_MAXIMUM">0.74055123329163</MDI>
      <MDI key="STATISTICS_MEAN">0.039519512831671</MDI>
      <MDI key="STATISTICS_MEDIAN">0</MDI>
      <MDI key="STATISTICS_MINIMUM">5.9315756516298e-005</MDI>
      <MDI key="STATISTICS_MODE">0</MDI>
      <MDI key="STATISTICS_SKIPFACTORX">1</MDI>
      <MDI key="STATISTICS_SKIPFACTORY">1</MDI>
      <MDI key="STATISTICS_STDDEV">0.071935421323481</MDI>
    </Metadata>
  </PAMRasterBand>
</PAMDataset>
