<PAMDataset>
  <PAMRasterBand band="1">
    <Description>Layer_1</Description>
    <Histograms>
      <HistItem>
        <HistMin>2.5613135221647e-005</HistMin>
        <HistMax>0.53093153238297</HistMax>
        <BucketCount>256</BucketCount>
        <IncludeOutOfRange>1</IncludeOutOfRange>
        <Approximate>0</Approximate>
        <HistCounts>1647|822|643|484|392|298|254|225|173|200|188|168|181|148|169|157|95|115|113|96|121|105|83|69|59|66|76|68|53|50|51|41|48|41|45|44|39|36|27|26|25|31|23|30|26|28|29|35|30|31|26|30|24|28|14|14|16|24|12|14|19|14|12|12|5|10|6|11|13|10|8|12|9|4|6|9|7|8|8|10|5|8|9|6|6|10|8|8|8|2|5|7|7|6|11|7|3|8|2|5|3|3|5|8|1|6|4|6|5|2|5|3|3|1|4|6|2|4|5|6|2|6|4|3|3|4|1|3|4|3|6|4|1|4|4|3|5|6|7|5|2|3|5|3|1|2|3|4|1|4|3|7|6|3|2|2|1|2|4|5|4|8|4|1|1|1|2|5|5|2|1|2|4|0|3|1|0|1|2|2|2|2|2|1|1|0|0|2|0|0|1|0|0|1|2|0|1|1|1|0|1|0|1|0|0|1|1|0|0|0|2|0|2|0|1|0|0|0|0|1|0|0|0|0|0|1|0|1|0|0|0|1|0|0|0|0|0|1|1|0|0|0|0|0|0|1|0|1|0|0|0|0|0|0|1|0</HistCounts>
      </HistItem>
    </Histograms>
    <Metadata>
      <MDI key="LAYER_TYPE">athematic</MDI>
      <MDI key="STATISTICS_COVARIANCES">0.004016915647658414</MDI>
      <MDI key="STATISTICS_EXCLUDEDVALUES"></MDI>
      <MDI key="STATISTICS_MAXIMUM">0.53093153238297</MDI>
      <MDI key="STATISTICS_MEAN">0.037958816566477</MDI>
      <MDI key="STATISTICS_MEDIAN">0</MDI>
      <MDI key="STATISTICS_MINIMUM">2.5613135221647e-005</MDI>
      <MDI key="STATISTICS_MODE">0</MDI>
      <MDI key="STATISTICS_SKIPFACTORX">1</MDI>
      <MDI key="STATISTICS_SKIPFACTORY">1</MDI>
      <MDI key="STATISTICS_STDDEV">0.063379142055241</MDI>
    </Metadata>
  </PAMRasterBand>
</PAMDataset>
