<PAMDataset>
  <PAMRasterBand band="1">
    <Description>Layer_1</Description>
    <Histograms>
      <HistItem>
        <HistMin>3.8120000681374e-005</HistMin>
        <HistMax>0.762346804142</HistMax>
        <BucketCount>256</BucketCount>
        <IncludeOutOfRange>1</IncludeOutOfRange>
        <Approximate>0</Approximate>
        <HistCounts>1837|846|634|526|414|352|260|253|218|203|159|163|135|113|99|107|102|84|76|85|79|79|64|64|55|69|74|51|62|51|53|54|51|44|49|46|42|34|43|37|29|40|36|25|28|33|24|22|23|24|14|19|22|18|16|19|16|20|21|17|14|12|21|16|11|13|9|13|13|16|15|8|12|10|13|8|7|6|8|10|11|10|8|9|7|6|6|3|6|3|6|5|1|4|6|3|3|6|9|3|4|4|4|5|1|2|5|4|9|3|7|4|2|4|4|3|3|4|3|4|3|3|5|4|3|5|1|5|2|3|8|2|2|2|0|2|2|1|3|3|3|1|2|1|5|2|2|5|2|4|3|1|3|1|2|0|1|2|3|0|1|1|0|0|0|1|1|2|0|2|4|1|1|1|2|1|4|1|0|0|1|1|0|2|3|1|1|2|2|1|0|1|0|1|0|0|0|0|1|4|1|3|1|0|0|0|0|0|1|2|0|1|1|0|1|0|1|0|0|1|1|0|0|0|0|0|1|0|0|2|3|0|0|0|0|0|1|0|1|0|0|1|1|0|1|0|0|0|0|1|0|1|0|1|1|0</HistCounts>
      </HistItem>
    </Histograms>
    <Metadata>
      <MDI key="LAYER_TYPE">athematic</MDI>
      <MDI key="STATISTICS_COVARIANCES">0.007740116131647278</MDI>
      <MDI key="STATISTICS_EXCLUDEDVALUES"></MDI>
      <MDI key="STATISTICS_MAXIMUM">0.762346804142</MDI>
      <MDI key="STATISTICS_MEAN">0.05094759554333</MDI>
      <MDI key="STATISTICS_MEDIAN">0</MDI>
      <MDI key="STATISTICS_MINIMUM">3.8120000681374e-005</MDI>
      <MDI key="STATISTICS_MODE">0</MDI>
      <MDI key="STATISTICS_SKIPFACTORX">1</MDI>
      <MDI key="STATISTICS_SKIPFACTORY">1</MDI>
      <MDI key="STATISTICS_STDDEV">0.087977929798599</MDI>
    </Metadata>
  </PAMRasterBand>
</PAMDataset>
