<PAMDataset>
  <PAMRasterBand band="1">
    <Description>Layer_1</Description>
    <Histograms>
      <HistItem>
        <HistMin>6.484317509603e-006</HistMin>
        <HistMax>0.92277908325195</HistMax>
        <BucketCount>256</BucketCount>
        <IncludeOutOfRange>1</IncludeOutOfRange>
        <Approximate>0</Approximate>
        <HistCounts>1891|892|597|465|433|310|303|239|213|197|190|160|153|129|120|123|98|100|84|87|76|91|70|65|71|65|70|52|58|52|48|46|62|42|34|29|33|42|39|31|21|32|26|37|24|22|22|16|22|24|20|23|12|20|13|19|16|18|11|13|16|19|14|10|15|16|17|18|9|10|12|11|13|13|10|14|14|11|16|8|8|11|5|8|8|8|4|10|11|4|7|9|9|9|11|11|2|3|7|9|8|10|6|6|8|2|4|7|4|3|5|1|2|4|3|4|2|2|3|3|3|1|1|1|0|2|3|1|1|1|1|4|2|1|0|1|4|1|1|0|1|2|0|1|0|0|0|0|0|1|1|0|3|1|0|1|1|2|1|1|1|1|2|0|0|0|0|0|1|1|0|0|0|0|0|1|0|0|0|0|1|0|0|0|0|0|0|0|0|0|0|1|0|0|0|0|0|0|0|0|0|0|0|1|0|1|0|0|0|0|0|0|0|0|0|0|0|0|0|0|0|0|0|0|0|0|1|0|0|0|0|0|0|0|0|0|1|0|0|0|0|0|0|0|0|0|0|0|0|0|0|0|0|0|0|1</HistCounts>
      </HistItem>
    </Histograms>
    <Metadata>
      <MDI key="LAYER_TYPE">athematic</MDI>
      <MDI key="STATISTICS_COVARIANCES">0.00755364531500964</MDI>
      <MDI key="STATISTICS_EXCLUDEDVALUES"></MDI>
      <MDI key="STATISTICS_MAXIMUM">0.92277908325195</MDI>
      <MDI key="STATISTICS_MEAN">0.055338282398176</MDI>
      <MDI key="STATISTICS_MEDIAN">0</MDI>
      <MDI key="STATISTICS_MINIMUM">6.484317509603e-006</MDI>
      <MDI key="STATISTICS_MODE">0</MDI>
      <MDI key="STATISTICS_SKIPFACTORX">1</MDI>
      <MDI key="STATISTICS_SKIPFACTORY">1</MDI>
      <MDI key="STATISTICS_STDDEV">0.086911709884282</MDI>
    </Metadata>
  </PAMRasterBand>
</PAMDataset>
