<PAMDataset>
  <PAMRasterBand band="1">
    <Description>Layer_1</Description>
    <Histograms>
      <HistItem>
        <HistMin>4.9285554268863e-005</HistMin>
        <HistMax>0.79924434423447</HistMax>
        <BucketCount>256</BucketCount>
        <IncludeOutOfRange>1</IncludeOutOfRange>
        <Approximate>0</Approximate>
        <HistCounts>1979|924|577|455|412|352|303|235|226|174|154|131|141|100|124|99|100|90|84|85|78|55|69|43|64|69|55|56|59|66|55|66|35|44|47|61|37|54|51|38|25|30|37|32|28|20|18|22|16|19|16|17|22|19|26|17|16|17|15|14|20|13|17|13|10|15|12|8|16|14|10|11|7|7|5|11|15|10|10|3|5|6|8|2|2|5|5|7|8|6|4|3|6|3|8|8|4|4|4|2|5|2|5|6|2|4|3|9|3|6|3|4|3|1|1|6|3|4|3|2|5|4|6|4|4|0|3|4|1|1|3|2|4|4|0|3|5|0|3|2|5|2|3|0|3|5|2|2|2|2|2|0|2|1|1|1|1|1|2|2|1|1|0|0|1|3|1|1|1|2|0|3|2|0|3|0|1|1|0|0|0|1|3|1|1|0|3|0|1|0|1|2|3|1|0|2|1|1|0|1|0|0|1|0|1|0|1|1|0|2|0|0|0|1|1|0|1|0|0|1|1|0|1|1|0|0|0|0|0|0|1|0|0|1|1|0|0|0|0|1|0|0|0|0|1|1|0|0|0|0|0|1|0|0|2|0</HistCounts>
      </HistItem>
    </Histograms>
    <Metadata>
      <MDI key="LAYER_TYPE">athematic</MDI>
      <MDI key="STATISTICS_COVARIANCES">0.007905832409536504</MDI>
      <MDI key="STATISTICS_EXCLUDEDVALUES"></MDI>
      <MDI key="STATISTICS_MAXIMUM">0.79924434423447</MDI>
      <MDI key="STATISTICS_MEAN">0.051132870151207</MDI>
      <MDI key="STATISTICS_MEDIAN">0</MDI>
      <MDI key="STATISTICS_MINIMUM">4.9285554268863e-005</MDI>
      <MDI key="STATISTICS_MODE">0</MDI>
      <MDI key="STATISTICS_SKIPFACTORX">1</MDI>
      <MDI key="STATISTICS_SKIPFACTORY">1</MDI>
      <MDI key="STATISTICS_STDDEV">0.088914747986689</MDI>
    </Metadata>
  </PAMRasterBand>
</PAMDataset>
