<PAMDataset>
  <PAMRasterBand band="1">
    <Description>Layer_1</Description>
    <Histograms>
      <HistItem>
        <HistMin>3.0733423045604e-005</HistMin>
        <HistMax>0.71424800157547</HistMax>
        <BucketCount>256</BucketCount>
        <IncludeOutOfRange>1</IncludeOutOfRange>
        <Approximate>0</Approximate>
        <HistCounts>1375|1021|684|434|355|300|261|222|196|156|170|153|147|135|148|133|125|112|125|93|101|81|90|82|70|74|64|67|59|63|60|65|69|54|59|50|52|54|46|42|41|41|39|50|39|38|45|41|39|38|28|22|25|17|22|22|13|16|18|12|17|15|9|14|17|8|14|7|9|17|8|8|12|11|6|8|7|10|7|10|7|8|7|9|10|11|8|5|7|6|6|10|4|7|11|5|11|3|4|7|3|7|7|4|7|11|5|1|3|9|6|5|5|2|3|3|3|6|2|6|5|4|5|2|4|1|3|2|2|1|3|2|2|5|2|2|4|0|2|4|2|1|1|2|0|1|3|1|6|1|1|2|2|1|4|3|3|1|1|2|1|1|0|1|0|0|2|0|0|0|0|1|1|0|1|2|2|1|1|2|2|0|1|3|0|2|0|0|0|0|2|0|0|0|0|0|0|0|0|0|0|0|1|0|0|1|1|0|0|0|0|0|0|0|1|0|0|0|0|0|0|0|0|0|0|0|0|0|0|0|0|0|0|0|0|1|0|0|0|0|0|1|0|0|0|0|0|0|0|0|0|0|0|0|1|0</HistCounts>
      </HistItem>
    </Histograms>
    <Metadata>
      <MDI key="LAYER_TYPE">athematic</MDI>
      <MDI key="STATISTICS_COVARIANCES">0.005662350894253864</MDI>
      <MDI key="STATISTICS_EXCLUDEDVALUES"></MDI>
      <MDI key="STATISTICS_MAXIMUM">0.71424800157547</MDI>
      <MDI key="STATISTICS_MEAN">0.050347508141895</MDI>
      <MDI key="STATISTICS_MEDIAN">0</MDI>
      <MDI key="STATISTICS_MINIMUM">3.0733423045604e-005</MDI>
      <MDI key="STATISTICS_MODE">0</MDI>
      <MDI key="STATISTICS_SKIPFACTORX">1</MDI>
      <MDI key="STATISTICS_SKIPFACTORY">1</MDI>
      <MDI key="STATISTICS_STDDEV">0.075248593968618</MDI>
    </Metadata>
  </PAMRasterBand>
</PAMDataset>
