<PAMDataset>
  <PAMRasterBand band="1">
    <Description>Layer_1</Description>
    <Histograms>
      <HistItem>
        <HistMin>4.0544997318648e-005</HistMin>
        <HistMax>0.96167552471161</HistMax>
        <BucketCount>256</BucketCount>
        <IncludeOutOfRange>1</IncludeOutOfRange>
        <Approximate>0</Approximate>
        <HistCounts>1966|960|640|474|376|318|222|226|213|185|171|153|136|124|119|111|102|116|90|103|84|88|63|76|61|74|64|75|53|60|43|52|47|50|38|46|42|32|33|41|27|20|32|23|22|22|31|25|21|18|26|24|14|18|13|9|15|11|13|14|19|21|13|9|11|10|18|8|8|14|8|13|5|13|9|11|9|12|13|10|10|9|9|12|7|8|7|12|9|8|6|3|5|4|5|8|3|5|4|3|7|11|3|5|4|3|3|3|5|3|5|4|3|6|4|3|2|3|0|7|0|1|3|3|2|3|2|4|4|2|1|1|1|2|0|2|0|4|1|2|0|1|1|0|0|1|1|1|1|1|0|1|0|0|0|0|0|0|0|1|1|1|1|0|0|0|0|0|0|0|0|0|1|0|0|0|0|0|0|1|0|0|0|0|0|0|0|0|0|0|0|0|1|0|0|0|0|0|0|0|0|1|0|0|0|0|0|0|0|0|0|0|0|0|0|0|1|0|0|0|0|0|0|0|0|0|0|0|0|0|0|0|0|1|0|0|0|0|0|0|0|0|0|0|0|0|0|0|0|0|0|0|0|0|1|0</HistCounts>
      </HistItem>
    </Histograms>
    <Metadata>
      <MDI key="LAYER_TYPE">athematic</MDI>
      <MDI key="STATISTICS_COVARIANCES">0.007636620350282759</MDI>
      <MDI key="STATISTICS_EXCLUDEDVALUES"></MDI>
      <MDI key="STATISTICS_MAXIMUM">0.96167552471161</MDI>
      <MDI key="STATISTICS_MEAN">0.055650503656055</MDI>
      <MDI key="STATISTICS_MEDIAN">0</MDI>
      <MDI key="STATISTICS_MINIMUM">4.0544997318648e-005</MDI>
      <MDI key="STATISTICS_MODE">0</MDI>
      <MDI key="STATISTICS_SKIPFACTORX">1</MDI>
      <MDI key="STATISTICS_SKIPFACTORY">1</MDI>
      <MDI key="STATISTICS_STDDEV">0.087387758583698</MDI>
    </Metadata>
  </PAMRasterBand>
</PAMDataset>
