<PAMDataset>
  <PAMRasterBand band="1">
    <Description>Layer_1</Description>
    <Histograms>
      <HistItem>
        <HistMin>1.0725006177381e-005</HistMin>
        <HistMax>0.65798848867416</HistMax>
        <BucketCount>256</BucketCount>
        <IncludeOutOfRange>1</IncludeOutOfRange>
        <Approximate>0</Approximate>
        <HistCounts>1287|1042|671|420|316|294|269|217|225|160|136|157|131|134|142|130|122|128|128|93|99|103|97|95|98|82|72|63|65|56|58|59|65|60|52|68|60|52|43|56|63|40|33|41|43|41|43|29|37|29|36|39|29|28|22|19|13|20|21|12|21|18|11|16|10|14|12|15|6|12|8|2|14|15|9|6|3|5|10|5|6|7|10|7|5|10|7|11|8|7|9|7|7|5|10|2|4|6|8|6|3|4|4|8|6|4|9|6|5|6|2|6|5|4|4|3|4|2|1|4|2|5|6|5|3|4|2|2|6|4|3|2|0|2|1|1|2|7|3|3|3|2|5|5|1|2|1|2|0|1|4|0|1|1|1|1|1|0|2|1|1|3|0|1|1|2|4|1|3|1|4|1|1|2|0|1|2|0|0|1|1|0|1|1|1|3|0|0|1|1|0|1|1|1|0|0|1|0|1|0|1|1|0|1|0|0|1|0|0|1|0|0|0|0|0|0|0|0|1|0|0|1|0|0|0|0|0|0|0|0|0|0|0|0|0|0|0|1|0|0|0|0|0|0|0|0|0|0|0|1|0|0|0|0|0|1</HistCounts>
      </HistItem>
    </Histograms>
    <Metadata>
      <MDI key="LAYER_TYPE">athematic</MDI>
      <MDI key="STATISTICS_COVARIANCES">0.005122675880788053</MDI>
      <MDI key="STATISTICS_EXCLUDEDVALUES"></MDI>
      <MDI key="STATISTICS_MAXIMUM">0.65798848867416</MDI>
      <MDI key="STATISTICS_MEAN">0.048221904427313</MDI>
      <MDI key="STATISTICS_MEDIAN">0</MDI>
      <MDI key="STATISTICS_MINIMUM">1.0725006177381e-005</MDI>
      <MDI key="STATISTICS_MODE">0</MDI>
      <MDI key="STATISTICS_SKIPFACTORX">1</MDI>
      <MDI key="STATISTICS_SKIPFACTORY">1</MDI>
      <MDI key="STATISTICS_STDDEV">0.071572871122989</MDI>
    </Metadata>
  </PAMRasterBand>
</PAMDataset>
