<PAMDataset>
  <PAMRasterBand band="1">
    <Description>Layer_1</Description>
    <Histograms>
      <HistItem>
        <HistMin>4.7206274757627e-005</HistMin>
        <HistMax>0.84537714719772</HistMax>
        <BucketCount>256</BucketCount>
        <IncludeOutOfRange>1</IncludeOutOfRange>
        <Approximate>0</Approximate>
        <HistCounts>2256|936|578|464|348|255|258|219|202|165|148|151|141|119|125|94|102|75|63|96|78|76|57|65|53|57|72|58|51|66|58|63|47|55|53|34|39|35|33|48|38|33|29|26|28|34|32|22|21|22|17|22|18|15|27|13|11|19|18|12|13|14|10|11|11|8|11|7|9|10|11|12|7|7|10|10|5|10|3|9|2|3|8|8|6|6|2|7|2|3|4|3|2|4|5|5|3|3|5|2|4|2|5|1|4|5|4|5|3|6|5|2|3|3|4|3|2|0|3|3|5|4|4|4|3|0|6|5|1|1|3|4|2|0|1|1|1|3|3|4|3|2|3|4|1|3|3|2|2|0|2|2|2|0|1|1|1|0|3|3|1|1|2|0|1|3|2|0|1|0|2|0|4|0|0|2|0|1|1|1|0|0|2|1|0|2|2|0|0|0|0|0|1|2|0|1|3|1|0|0|1|1|0|1|0|0|1|1|1|1|1|1|1|1|1|1|0|0|0|1|0|0|0|0|0|0|1|0|0|0|0|0|0|0|0|0|0|0|1|0|0|0|0|0|0|0|0|1|0|0|0|0|1|0|0|1</HistCounts>
      </HistItem>
    </Histograms>
    <Metadata>
      <MDI key="LAYER_TYPE">athematic</MDI>
      <MDI key="STATISTICS_COVARIANCES">0.00805155626115903</MDI>
      <MDI key="STATISTICS_EXCLUDEDVALUES"></MDI>
      <MDI key="STATISTICS_MAXIMUM">0.84537714719772</MDI>
      <MDI key="STATISTICS_MEAN">0.051045793067893</MDI>
      <MDI key="STATISTICS_MEDIAN">0</MDI>
      <MDI key="STATISTICS_MINIMUM">4.7206274757627e-005</MDI>
      <MDI key="STATISTICS_MODE">0</MDI>
      <MDI key="STATISTICS_SKIPFACTORX">1</MDI>
      <MDI key="STATISTICS_SKIPFACTORY">1</MDI>
      <MDI key="STATISTICS_STDDEV">0.089730464509881</MDI>
    </Metadata>
  </PAMRasterBand>
</PAMDataset>
