<PAMDataset>
  <PAMRasterBand band="1">
    <Description>Layer_1</Description>
    <Histograms>
      <HistItem>
        <HistMin>1.0969998584187e-005</HistMin>
        <HistMax>0.35372993350029</HistMax>
        <BucketCount>256</BucketCount>
        <IncludeOutOfRange>1</IncludeOutOfRange>
        <Approximate>0</Approximate>
        <HistCounts>716|827|721|561|453|393|357|297|226|210|211|159|140|129|114|108|113|102|98|79|88|66|84|95|55|69|80|70|61|61|77|57|59|60|53|60|52|54|38|45|48|54|38|44|36|24|36|35|37|36|26|24|27|25|32|35|29|27|22|24|25|27|18|21|17|15|14|25|17|18|15|18|15|13|7|16|20|7|10|15|17|18|14|17|8|6|8|10|10|4|8|12|13|7|12|13|4|8|10|4|11|3|1|7|8|6|7|7|8|6|8|4|9|5|8|4|3|8|5|5|3|4|7|4|5|2|5|5|1|9|2|1|6|1|6|3|4|6|2|3|3|4|6|4|4|5|5|2|3|5|2|0|2|4|4|3|2|6|4|4|2|6|0|3|1|3|3|2|2|2|5|3|1|1|0|0|4|3|3|1|0|0|1|1|0|3|0|0|0|0|0|2|1|0|1|1|1|1|1|0|0|1|0|0|1|0|1|0|0|1|1|0|0|0|0|0|0|1|1|0|1|1|0|0|0|0|0|0|0|0|0|0|2|0|0|0|0|0|0|0|0|0|0|0|0|0|0|0|0|0|0|0|0|0|1|0</HistCounts>
      </HistItem>
    </Histograms>
    <Metadata>
      <MDI key="LAYER_TYPE">athematic</MDI>
      <MDI key="STATISTICS_COVARIANCES">0.001919997827886536</MDI>
      <MDI key="STATISTICS_EXCLUDEDVALUES"></MDI>
      <MDI key="STATISTICS_MAXIMUM">0.35372993350029</MDI>
      <MDI key="STATISTICS_MEAN">0.030387648495814</MDI>
      <MDI key="STATISTICS_MEDIAN">0</MDI>
      <MDI key="STATISTICS_MINIMUM">1.0969998584187e-005</MDI>
      <MDI key="STATISTICS_MODE">0</MDI>
      <MDI key="STATISTICS_SKIPFACTORX">1</MDI>
      <MDI key="STATISTICS_SKIPFACTORY">1</MDI>
      <MDI key="STATISTICS_STDDEV">0.043817779814666</MDI>
    </Metadata>
  </PAMRasterBand>
</PAMDataset>
