<PAMDataset>
  <PAMRasterBand band="1">
    <Description>Layer_1</Description>
    <Histograms>
      <HistItem>
        <HistMin>7.4000007543873e-007</HistMin>
        <HistMax>0.72259789705276</HistMax>
        <BucketCount>256</BucketCount>
        <IncludeOutOfRange>1</IncludeOutOfRange>
        <Approximate>0</Approximate>
        <HistCounts>2207|999|686|615|442|345|313|267|242|180|166|153|127|119|99|119|99|77|81|70|52|58|47|45|55|51|34|45|32|36|24|36|33|32|23|35|26|27|19|23|18|27|27|15|14|19|22|14|15|13|18|17|13|8|14|12|14|5|15|6|14|6|11|10|6|9|3|6|4|5|7|7|7|9|7|9|5|8|7|2|3|4|6|7|1|8|5|6|1|2|2|4|2|2|1|6|6|6|3|2|1|3|4|2|6|1|6|5|0|4|3|3|3|1|2|1|4|1|1|5|8|2|3|2|2|1|1|2|4|5|2|3|0|2|1|4|2|1|1|1|2|5|4|1|4|0|4|1|4|1|3|0|1|2|1|0|0|0|0|2|1|1|0|2|2|1|1|1|0|0|0|3|1|0|1|2|1|0|2|0|3|0|0|1|0|0|0|0|0|0|1|1|1|0|0|1|1|0|0|0|1|1|0|0|0|1|0|0|0|0|0|0|0|0|0|0|0|0|0|0|0|0|0|0|0|0|0|0|0|0|0|0|0|0|0|0|1|1|0|0|0|0|0|0|0|0|0|0|0|1|0|0|0|0|0|1</HistCounts>
      </HistItem>
    </Histograms>
    <Metadata>
      <MDI key="LAYER_TYPE">athematic</MDI>
      <MDI key="STATISTICS_COVARIANCES">0.004579434391004436</MDI>
      <MDI key="STATISTICS_EXCLUDEDVALUES"></MDI>
      <MDI key="STATISTICS_MAXIMUM">0.72259789705276</MDI>
      <MDI key="STATISTICS_MEAN">0.035250819299572</MDI>
      <MDI key="STATISTICS_MEDIAN">0</MDI>
      <MDI key="STATISTICS_MINIMUM">7.4000007543873e-007</MDI>
      <MDI key="STATISTICS_MODE">0</MDI>
      <MDI key="STATISTICS_SKIPFACTORX">1</MDI>
      <MDI key="STATISTICS_SKIPFACTORY">1</MDI>
      <MDI key="STATISTICS_STDDEV">0.067671518314609</MDI>
    </Metadata>
  </PAMRasterBand>
</PAMDataset>
