<PAMDataset>
  <PAMRasterBand band="1">
    <Description>Layer_1</Description>
    <Histograms>
      <HistItem>
        <HistMin>1.288301700697e-005</HistMin>
        <HistMax>0.55964034795761</HistMax>
        <BucketCount>256</BucketCount>
        <IncludeOutOfRange>1</IncludeOutOfRange>
        <Approximate>0</Approximate>
        <HistCounts>1668|862|603|512|391|261|266|192|217|226|209|204|173|175|137|120|114|120|104|98|99|75|70|71|74|73|63|60|47|59|49|45|52|38|40|46|34|35|34|29|27|23|32|35|40|34|27|25|22|26|32|22|17|11|19|21|23|22|12|16|16|3|11|9|6|10|15|10|5|8|7|9|13|12|12|7|8|6|7|5|6|6|6|10|11|4|3|12|9|5|14|7|4|5|2|4|3|10|1|6|3|9|3|3|0|3|6|8|2|4|2|6|3|4|4|4|4|4|2|4|5|1|4|8|3|4|6|6|4|5|1|4|1|5|3|7|5|4|2|2|4|4|4|2|2|6|4|4|4|2|4|2|3|2|4|4|2|3|7|3|8|4|6|5|2|2|1|1|1|0|3|2|3|1|1|1|1|2|0|0|1|0|0|0|2|1|0|0|1|1|1|1|0|0|0|0|2|0|0|0|3|1|0|2|1|0|0|1|0|1|0|2|0|0|0|0|0|0|0|0|1|0|0|0|0|0|0|0|0|0|0|0|1|0|0|1|0|0|0|0|0|0|0|0|1|0|0|0|0|1|0|0|0|0|0|1</HistCounts>
      </HistItem>
    </Histograms>
    <Metadata>
      <MDI key="LAYER_TYPE">athematic</MDI>
      <MDI key="STATISTICS_COVARIANCES">0.004257807830459189</MDI>
      <MDI key="STATISTICS_EXCLUDEDVALUES"></MDI>
      <MDI key="STATISTICS_MAXIMUM">0.55964034795761</MDI>
      <MDI key="STATISTICS_MEAN">0.03902265017532</MDI>
      <MDI key="STATISTICS_MEDIAN">0</MDI>
      <MDI key="STATISTICS_MINIMUM">1.288301700697e-005</MDI>
      <MDI key="STATISTICS_MODE">0</MDI>
      <MDI key="STATISTICS_SKIPFACTORX">1</MDI>
      <MDI key="STATISTICS_SKIPFACTORY">1</MDI>
      <MDI key="STATISTICS_STDDEV">0.06525187989981</MDI>
    </Metadata>
  </PAMRasterBand>
</PAMDataset>
