<PAMDataset>
  <PAMRasterBand band="1">
    <Description>Layer_1</Description>
    <Histograms>
      <HistItem>
        <HistMin>1.3841802683601e-005</HistMin>
        <HistMax>0.67821949720383</HistMax>
        <BucketCount>256</BucketCount>
        <IncludeOutOfRange>1</IncludeOutOfRange>
        <Approximate>0</Approximate>
        <HistCounts>1966|1001|764|691|427|381|291|238|212|172|151|146|116|109|110|90|78|78|92|55|62|43|63|46|41|47|46|48|30|29|46|28|28|30|25|24|32|19|32|21|19|21|24|20|14|20|16|19|25|14|18|22|25|13|11|19|12|16|20|9|6|19|17|8|18|17|12|11|14|13|15|9|7|7|6|11|7|10|11|11|6|11|12|7|7|7|8|7|4|2|6|4|4|2|3|7|0|6|1|5|3|0|5|4|2|2|2|3|3|4|4|0|2|4|4|1|4|1|3|4|1|5|4|2|0|2|5|2|1|0|2|2|0|3|4|4|1|0|1|4|0|2|2|2|0|4|4|0|2|1|3|1|2|3|4|0|2|3|1|3|1|3|2|3|1|2|1|1|3|2|0|3|2|3|1|4|2|0|1|3|1|1|2|1|1|1|2|3|5|1|0|2|2|0|1|1|1|0|1|0|2|3|2|1|1|0|1|0|1|2|1|1|0|0|1|0|1|2|0|0|0|2|1|1|2|0|0|1|0|0|1|0|0|0|0|0|0|0|1|1|0|1|0|0|0|0|0|1|1|0|0|0|0|0|1|0</HistCounts>
      </HistItem>
    </Histograms>
    <Metadata>
      <MDI key="LAYER_TYPE">athematic</MDI>
      <MDI key="STATISTICS_COVARIANCES">0.006129740432462769</MDI>
      <MDI key="STATISTICS_EXCLUDEDVALUES"></MDI>
      <MDI key="STATISTICS_MAXIMUM">0.67821949720383</MDI>
      <MDI key="STATISTICS_MEAN">0.039887077457934</MDI>
      <MDI key="STATISTICS_MEDIAN">0</MDI>
      <MDI key="STATISTICS_MINIMUM">1.3841802683601e-005</MDI>
      <MDI key="STATISTICS_MODE">0</MDI>
      <MDI key="STATISTICS_SKIPFACTORX">1</MDI>
      <MDI key="STATISTICS_SKIPFACTORY">1</MDI>
      <MDI key="STATISTICS_STDDEV">0.078292658866989</MDI>
    </Metadata>
  </PAMRasterBand>
</PAMDataset>
