<PAMDataset>
  <PAMRasterBand band="1">
    <Description>Layer_1</Description>
    <Histograms>
      <HistItem>
        <HistMin>1.204999989568e-005</HistMin>
        <HistMax>0.76003706455231</HistMax>
        <BucketCount>256</BucketCount>
        <IncludeOutOfRange>1</IncludeOutOfRange>
        <Approximate>0</Approximate>
        <HistCounts>1908|941|643|465|350|287|247|246|214|205|145|143|141|125|117|98|94|97|91|93|74|79|91|74|54|60|77|38|61|41|53|34|35|44|39|47|35|41|34|23|38|18|41|30|27|26|30|23|26|23|30|17|26|20|22|18|24|18|16|17|12|21|21|18|16|14|13|14|19|10|15|11|20|7|11|10|10|15|11|11|12|9|8|8|7|5|4|7|6|11|15|8|7|5|4|4|7|5|4|4|3|7|5|3|4|4|4|4|5|4|3|3|6|3|4|2|1|3|1|5|3|2|4|3|1|2|4|3|9|0|2|3|5|3|2|5|0|1|1|2|7|3|5|0|1|1|5|7|2|3|3|3|1|2|1|2|1|0|2|1|0|3|0|2|1|2|2|0|1|1|2|0|2|0|3|1|0|0|1|1|0|1|1|0|1|3|2|0|0|3|0|1|1|0|3|0|2|1|2|0|0|1|0|2|0|1|0|0|1|0|1|0|0|3|0|3|0|1|1|0|0|0|0|0|1|0|0|0|0|1|0|0|1|1|1|1|0|0|0|0|0|0|0|0|1|0|0|0|0|0|0|0|0|0|1|0</HistCounts>
      </HistItem>
    </Histograms>
    <Metadata>
      <MDI key="LAYER_TYPE">athematic</MDI>
      <MDI key="STATISTICS_COVARIANCES">0.007605243405611315</MDI>
      <MDI key="STATISTICS_EXCLUDEDVALUES"></MDI>
      <MDI key="STATISTICS_MAXIMUM">0.76003706455231</MDI>
      <MDI key="STATISTICS_MEAN">0.051418285782148</MDI>
      <MDI key="STATISTICS_MEDIAN">0</MDI>
      <MDI key="STATISTICS_MINIMUM">1.204999989568e-005</MDI>
      <MDI key="STATISTICS_MODE">0</MDI>
      <MDI key="STATISTICS_SKIPFACTORX">1</MDI>
      <MDI key="STATISTICS_SKIPFACTORY">1</MDI>
      <MDI key="STATISTICS_STDDEV">0.087208046679256</MDI>
    </Metadata>
  </PAMRasterBand>
</PAMDataset>
