<PAMDataset>
  <PAMRasterBand band="1">
    <Description>Layer_1</Description>
    <Histograms>
      <HistItem>
        <HistMin>5.1327642722754e-005</HistMin>
        <HistMax>0.7052516341209401</HistMax>
        <BucketCount>256</BucketCount>
        <IncludeOutOfRange>1</IncludeOutOfRange>
        <Approximate>0</Approximate>
        <HistCounts>1656|956|656|512|467|366|318|265|232|181|171|141|121|115|91|110|101|92|81|77|77|74|72|59|76|57|51|54|62|39|48|44|40|50|41|37|40|39|37|35|30|37|23|26|30|24|32|23|29|23|24|26|20|26|23|12|14|16|18|14|16|14|13|8|9|13|10|11|11|15|15|13|13|13|9|11|9|9|8|11|6|9|12|5|7|9|3|4|7|7|4|7|4|5|5|11|2|5|7|6|4|4|5|5|7|6|2|5|4|5|7|4|5|4|3|2|5|4|5|3|3|5|3|3|1|3|3|1|3|3|3|1|3|3|1|3|4|1|5|5|1|1|3|2|0|2|0|4|4|1|3|2|0|0|6|3|0|4|1|5|1|2|2|3|2|0|2|1|2|1|3|2|0|2|1|0|4|1|5|1|2|0|0|3|1|1|1|0|2|0|2|0|1|1|2|0|1|0|0|0|1|0|0|0|0|0|2|2|0|1|0|0|0|0|0|0|0|0|1|1|2|2|1|2|0|0|0|0|0|1|1|1|1|0|0|1|2|0|0|1|1|0|2|2|1|0|0|0|0|0|0|0|0|0|0|1</HistCounts>
      </HistItem>
    </Histograms>
    <Metadata>
      <MDI key="LAYER_TYPE">athematic</MDI>
      <MDI key="STATISTICS_COVARIANCES">0.006937261191973802</MDI>
      <MDI key="STATISTICS_EXCLUDEDVALUES"></MDI>
      <MDI key="STATISTICS_MAXIMUM">0.70525163412094</MDI>
      <MDI key="STATISTICS_MEAN">0.047751857895712</MDI>
      <MDI key="STATISTICS_MEDIAN">0</MDI>
      <MDI key="STATISTICS_MINIMUM">5.1327642722754e-005</MDI>
      <MDI key="STATISTICS_MODE">0</MDI>
      <MDI key="STATISTICS_SKIPFACTORX">1</MDI>
      <MDI key="STATISTICS_SKIPFACTORY">1</MDI>
      <MDI key="STATISTICS_STDDEV">0.083290222667332</MDI>
    </Metadata>
  </PAMRasterBand>
</PAMDataset>
