<PAMDataset>
  <PAMRasterBand band="1">
    <Description>Layer_1</Description>
    <Histograms>
      <HistItem>
        <HistMin>1.9600000086939e-005</HistMin>
        <HistMax>0.47883370518684</HistMax>
        <BucketCount>256</BucketCount>
        <IncludeOutOfRange>1</IncludeOutOfRange>
        <Approximate>0</Approximate>
        <HistCounts>1204|959|641|465|399|238|267|248|198|199|182|175|178|152|127|114|90|96|89|80|90|91|75|69|86|74|71|62|72|50|57|50|44|72|60|49|43|49|48|51|50|46|42|53|39|44|34|38|31|26|44|31|42|38|23|25|31|25|27|29|33|21|24|21|25|23|24|10|13|9|14|10|10|13|10|17|17|17|8|15|4|7|12|7|6|1|13|12|9|5|13|10|3|7|4|8|6|10|1|3|7|5|8|7|5|1|6|3|9|5|2|7|8|0|4|6|4|5|2|6|3|4|2|3|4|2|3|2|4|2|2|2|1|1|3|3|2|5|1|2|3|2|2|4|1|2|2|2|2|3|1|1|3|3|1|4|2|2|1|3|2|2|1|0|2|0|3|1|2|0|1|0|3|0|2|0|4|0|3|0|1|1|3|1|1|3|0|1|3|1|1|0|0|2|0|2|0|0|2|1|3|0|1|1|2|1|2|1|2|1|0|0|1|1|1|0|2|2|2|0|0|1|1|1|1|0|1|1|0|0|0|0|1|0|0|1|0|1|0|1|0|0|1|0|0|0|0|1|0|0|0|0|0|0|0|1</HistCounts>
      </HistItem>
    </Histograms>
    <Metadata>
      <MDI key="LAYER_TYPE">athematic</MDI>
      <MDI key="STATISTICS_COVARIANCES">0.003393355633320267</MDI>
      <MDI key="STATISTICS_EXCLUDEDVALUES"></MDI>
      <MDI key="STATISTICS_MAXIMUM">0.47883370518684</MDI>
      <MDI key="STATISTICS_MEAN">0.038586224501911</MDI>
      <MDI key="STATISTICS_MEDIAN">0</MDI>
      <MDI key="STATISTICS_MINIMUM">1.9600000086939e-005</MDI>
      <MDI key="STATISTICS_MODE">0</MDI>
      <MDI key="STATISTICS_SKIPFACTORX">1</MDI>
      <MDI key="STATISTICS_SKIPFACTORY">1</MDI>
      <MDI key="STATISTICS_STDDEV">0.058252516111497</MDI>
    </Metadata>
  </PAMRasterBand>
</PAMDataset>
