<PAMDataset>
  <PAMRasterBand band="1">
    <Description>Layer_1</Description>
    <Histograms>
      <HistItem>
        <HistMin>1.2395988051139e-005</HistMin>
        <HistMax>0.59055703878403</HistMax>
        <BucketCount>256</BucketCount>
        <IncludeOutOfRange>1</IncludeOutOfRange>
        <Approximate>0</Approximate>
        <HistCounts>1689|1076|706|593|462|388|307|316|220|189|163|175|142|125|122|105|105|83|73|80|88|74|74|60|68|52|62|41|51|49|43|47|41|43|51|34|33|32|35|21|30|24|31|24|22|23|18|20|19|17|15|17|9|10|14|7|20|12|9|13|12|8|15|12|4|9|4|6|8|5|6|13|7|7|9|3|6|4|3|6|9|9|7|2|5|7|4|3|6|4|3|2|3|4|3|2|3|2|6|3|1|2|0|0|1|0|0|4|0|2|1|2|1|2|6|5|4|1|4|3|2|2|1|2|1|0|1|2|0|1|0|1|3|0|1|1|4|1|2|1|2|0|1|4|0|3|0|0|1|3|2|0|2|3|1|1|0|1|0|0|4|1|1|1|2|1|0|1|1|1|1|1|0|2|0|1|0|2|1|0|1|1|2|0|0|0|0|2|0|0|1|0|1|0|0|3|0|0|0|1|1|0|1|0|0|0|0|0|1|0|0|0|0|0|0|1|1|0|0|0|0|0|0|0|0|0|0|0|0|1|0|0|0|0|0|0|0|0|0|0|0|0|0|0|0|0|0|0|0|1|1|0|0|0|1|0</HistCounts>
      </HistItem>
    </Histograms>
    <Metadata>
      <MDI key="LAYER_TYPE">athematic</MDI>
      <MDI key="STATISTICS_COVARIANCES">0.002904676392421805</MDI>
      <MDI key="STATISTICS_EXCLUDEDVALUES"></MDI>
      <MDI key="STATISTICS_MAXIMUM">0.59055703878403</MDI>
      <MDI key="STATISTICS_MEAN">0.030761737166115</MDI>
      <MDI key="STATISTICS_MEDIAN">0</MDI>
      <MDI key="STATISTICS_MINIMUM">1.2395988051139e-005</MDI>
      <MDI key="STATISTICS_MODE">0</MDI>
      <MDI key="STATISTICS_SKIPFACTORX">1</MDI>
      <MDI key="STATISTICS_SKIPFACTORY">1</MDI>
      <MDI key="STATISTICS_STDDEV">0.053895049795151</MDI>
    </Metadata>
  </PAMRasterBand>
</PAMDataset>
