<PAMDataset>
  <PAMRasterBand band="1">
    <Description>Layer_1</Description>
    <Histograms>
      <HistItem>
        <HistMin>1.1170000107086e-005</HistMin>
        <HistMax>0.33505979180336</HistMax>
        <BucketCount>256</BucketCount>
        <IncludeOutOfRange>1</IncludeOutOfRange>
        <Approximate>0</Approximate>
        <HistCounts>761|802|642|502|482|371|371|295|292|250|197|170|160|124|127|96|113|91|82|78|63|79|75|79|77|66|60|47|66|64|61|60|53|59|42|44|64|43|44|48|41|50|45|41|39|54|47|34|43|36|23|30|33|34|27|16|28|27|28|22|19|20|27|27|13|13|21|22|20|14|20|22|14|5|12|23|20|22|19|13|16|10|7|16|16|10|7|15|16|9|5|10|12|10|7|7|6|9|12|8|8|8|7|9|12|3|7|9|5|4|7|7|7|8|5|5|5|4|12|6|4|9|3|4|3|6|3|7|3|4|2|6|1|5|1|4|2|2|4|3|4|5|2|0|2|4|1|6|4|2|0|1|2|2|3|2|3|1|4|4|3|4|2|3|3|0|2|1|2|2|2|4|1|5|6|6|2|4|0|4|0|1|2|1|4|1|2|1|4|0|5|0|0|0|1|0|1|1|1|1|0|1|0|2|0|2|1|0|1|1|0|1|1|0|0|0|0|0|0|0|1|2|0|0|0|2|0|0|0|0|0|0|0|1|0|0|0|0|0|0|0|0|0|0|0|0|0|0|0|0|0|0|0|0|0|1</HistCounts>
      </HistItem>
    </Histograms>
    <Metadata>
      <MDI key="LAYER_TYPE">athematic</MDI>
      <MDI key="STATISTICS_COVARIANCES">0.00185020885689841</MDI>
      <MDI key="STATISTICS_EXCLUDEDVALUES"></MDI>
      <MDI key="STATISTICS_MAXIMUM">0.33505979180336</MDI>
      <MDI key="STATISTICS_MEAN">0.029704547375207</MDI>
      <MDI key="STATISTICS_MEDIAN">0</MDI>
      <MDI key="STATISTICS_MINIMUM">1.1170000107086e-005</MDI>
      <MDI key="STATISTICS_MODE">0</MDI>
      <MDI key="STATISTICS_SKIPFACTORX">1</MDI>
      <MDI key="STATISTICS_SKIPFACTORY">1</MDI>
      <MDI key="STATISTICS_STDDEV">0.043014054178819</MDI>
    </Metadata>
  </PAMRasterBand>
</PAMDataset>
