<PAMDataset>
  <PAMRasterBand band="1">
    <Description>Layer_1</Description>
    <Histograms>
      <HistItem>
        <HistMin>8.1961050454993e-005</HistMin>
        <HistMax>0.91443520784378</HistMax>
        <BucketCount>256</BucketCount>
        <IncludeOutOfRange>1</IncludeOutOfRange>
        <Approximate>0</Approximate>
        <HistCounts>1942|937|593|419|371|300|270|217|203|182|161|139|126|140|142|124|129|114|104|87|91|106|76|81|60|73|60|60|78|52|48|46|46|43|47|45|39|39|40|32|38|37|24|19|22|27|16|20|25|16|15|17|16|20|16|11|14|13|17|14|22|21|17|10|10|17|11|14|18|19|16|15|10|15|18|13|5|7|11|11|8|9|5|11|4|2|2|4|10|13|6|6|4|12|6|6|7|9|4|10|2|7|14|6|1|2|4|6|1|3|4|4|5|1|6|3|3|5|4|4|2|4|3|5|4|3|4|3|2|3|7|0|2|0|1|2|1|1|2|2|1|1|1|1|2|1|0|1|1|1|1|1|0|0|1|0|2|0|0|0|0|1|0|1|0|0|1|0|0|0|0|0|0|0|0|0|0|0|0|0|0|0|0|0|1|0|0|1|0|0|0|0|0|0|0|0|0|0|0|0|0|0|1|0|0|0|0|0|0|0|1|0|0|0|0|0|0|0|0|0|0|0|0|0|0|0|0|0|0|0|0|0|0|1|0|0|0|0|0|0|0|0|0|0|0|0|0|0|0|0|0|0|0|0|0|1</HistCounts>
      </HistItem>
    </Histograms>
    <Metadata>
      <MDI key="LAYER_TYPE">athematic</MDI>
      <MDI key="STATISTICS_COVARIANCES">0.007482500847704338</MDI>
      <MDI key="STATISTICS_EXCLUDEDVALUES"></MDI>
      <MDI key="STATISTICS_MAXIMUM">0.91443520784378</MDI>
      <MDI key="STATISTICS_MEAN">0.055850887036868</MDI>
      <MDI key="STATISTICS_MEDIAN">0</MDI>
      <MDI key="STATISTICS_MINIMUM">8.1961050454993e-005</MDI>
      <MDI key="STATISTICS_MODE">0</MDI>
      <MDI key="STATISTICS_SKIPFACTORX">1</MDI>
      <MDI key="STATISTICS_SKIPFACTORY">1</MDI>
      <MDI key="STATISTICS_STDDEV">0.086501449974578</MDI>
    </Metadata>
  </PAMRasterBand>
</PAMDataset>
