<PAMDataset>
  <PAMRasterBand band="1">
    <Description>Layer_1</Description>
    <Histograms>
      <HistItem>
        <HistMin>1.6809999578982e-005</HistMin>
        <HistMax>0.53569364547729</HistMax>
        <BucketCount>256</BucketCount>
        <IncludeOutOfRange>1</IncludeOutOfRange>
        <Approximate>0</Approximate>
        <HistCounts>1305|1033|670|485|371|304|284|241|223|200|167|174|147|142|164|129|103|109|113|119|95|95|73|79|82|57|62|70|69|51|50|63|49|44|38|44|39|52|42|44|46|43|43|35|38|37|19|30|24|24|32|35|20|18|24|22|26|21|16|16|13|18|16|12|9|15|12|12|16|12|13|13|11|11|4|13|8|9|9|7|9|9|6|1|5|9|4|6|3|7|7|9|6|8|3|3|1|3|6|7|2|4|5|7|6|5|4|5|3|8|3|3|3|4|4|2|4|4|3|4|4|8|5|6|2|4|3|5|3|3|7|4|5|2|1|4|3|0|1|4|4|2|0|2|2|0|0|3|2|0|1|2|3|0|0|2|2|0|4|1|4|3|2|2|1|2|1|4|1|2|3|2|2|3|1|1|1|1|1|1|0|0|1|0|1|0|0|1|0|0|0|0|2|0|1|0|0|0|1|0|0|1|0|0|0|0|0|0|0|0|1|0|0|0|0|1|0|2|0|0|0|0|0|0|0|0|0|2|0|0|0|0|0|0|0|0|0|0|0|0|0|0|0|0|0|0|1|0|0|0|0|1|0|0|0|1</HistCounts>
      </HistItem>
    </Histograms>
    <Metadata>
      <MDI key="LAYER_TYPE">athematic</MDI>
      <MDI key="STATISTICS_COVARIANCES">0.003355125308409668</MDI>
      <MDI key="STATISTICS_EXCLUDEDVALUES"></MDI>
      <MDI key="STATISTICS_MAXIMUM">0.53569364547729</MDI>
      <MDI key="STATISTICS_MEAN">0.037348044250633</MDI>
      <MDI key="STATISTICS_MEDIAN">0</MDI>
      <MDI key="STATISTICS_MINIMUM">1.6809999578982e-005</MDI>
      <MDI key="STATISTICS_MODE">0</MDI>
      <MDI key="STATISTICS_SKIPFACTORX">1</MDI>
      <MDI key="STATISTICS_SKIPFACTORY">1</MDI>
      <MDI key="STATISTICS_STDDEV">0.057923443513052</MDI>
    </Metadata>
  </PAMRasterBand>
</PAMDataset>
