<PAMDataset>
  <PAMRasterBand band="1">
    <Description>Layer_1</Description>
    <Histograms>
      <HistItem>
        <HistMin>1.343444455415e-005</HistMin>
        <HistMax>0.64949643611908</HistMax>
        <BucketCount>256</BucketCount>
        <IncludeOutOfRange>1</IncludeOutOfRange>
        <Approximate>0</Approximate>
        <HistCounts>1406|1043|704|472|411|342|294|251|217|219|183|133|103|125|100|100|73|102|93|78|86|72|72|61|47|55|57|35|53|51|48|55|44|38|38|38|34|37|36|27|33|43|26|38|25|27|26|34|20|24|32|28|31|21|16|25|25|25|24|19|31|15|15|16|15|17|21|11|12|10|16|7|18|15|10|9|11|8|12|10|9|13|13|10|12|9|9|14|8|9|11|8|14|9|10|7|6|5|7|11|8|9|5|6|8|7|3|8|10|2|5|8|5|6|10|6|5|5|9|3|8|6|6|5|7|3|2|4|4|1|8|5|4|1|3|5|3|4|2|4|1|4|2|4|5|3|4|2|4|3|2|7|3|1|6|2|1|4|2|3|1|2|2|2|3|2|0|2|1|0|4|0|2|2|4|1|3|2|3|0|3|2|0|1|0|1|3|1|3|1|2|1|2|0|0|4|2|0|1|2|1|1|2|0|3|4|0|0|0|1|0|1|1|0|1|0|1|0|2|0|2|1|0|1|1|2|0|1|0|0|0|2|1|0|0|2|1|1|1|1|2|0|1|0|2|1|0|1|2|1|1|1|0|0|1|0</HistCounts>
      </HistItem>
    </Histograms>
    <Metadata>
      <MDI key="LAYER_TYPE">athematic</MDI>
      <MDI key="STATISTICS_COVARIANCES">0.007780016129835408</MDI>
      <MDI key="STATISTICS_EXCLUDEDVALUES"></MDI>
      <MDI key="STATISTICS_MAXIMUM">0.64949643611908</MDI>
      <MDI key="STATISTICS_MEAN">0.052129713192181</MDI>
      <MDI key="STATISTICS_MEDIAN">0</MDI>
      <MDI key="STATISTICS_MINIMUM">1.343444455415e-005</MDI>
      <MDI key="STATISTICS_MODE">0</MDI>
      <MDI key="STATISTICS_SKIPFACTORX">1</MDI>
      <MDI key="STATISTICS_SKIPFACTORY">1</MDI>
      <MDI key="STATISTICS_STDDEV">0.088204399719262</MDI>
    </Metadata>
  </PAMRasterBand>
</PAMDataset>
