<PAMDataset>
  <PAMRasterBand band="1">
    <Description>Layer_1</Description>
    <Histograms>
      <HistItem>
        <HistMin>1.2999998943997e-006</HistMin>
        <HistMax>0.5319840312004101</HistMax>
        <BucketCount>256</BucketCount>
        <IncludeOutOfRange>1</IncludeOutOfRange>
        <Approximate>0</Approximate>
        <HistCounts>1195|1025|711|554|377|336|287|278|223|210|167|156|137|113|120|120|121|112|115|101|80|71|73|73|66|59|56|75|79|63|50|49|42|44|53|63|45|55|47|48|37|32|40|46|34|28|33|45|34|30|26|26|24|28|28|26|22|22|16|21|16|21|13|17|19|14|10|8|13|15|9|18|12|11|8|8|10|7|7|11|5|14|4|7|8|6|6|5|4|4|5|1|6|2|4|10|6|5|3|3|5|6|4|3|5|4|7|3|6|4|1|1|5|5|6|4|6|5|2|5|2|5|5|5|4|3|2|0|9|5|5|1|3|7|2|1|1|2|4|0|1|4|3|1|1|1|5|0|1|2|3|2|1|1|2|0|1|4|2|2|0|1|0|0|0|1|3|4|0|0|2|2|4|4|0|1|0|2|0|1|1|0|1|0|0|3|0|0|0|1|0|0|1|1|2|0|0|0|0|0|0|0|0|0|0|0|0|1|0|1|0|0|0|1|0|1|0|0|0|1|0|0|0|0|0|0|0|0|1|0|1|0|0|0|0|0|0|0|0|0|0|0|0|0|1|0|0|0|0|0|1|0|0|0|1|0</HistCounts>
      </HistItem>
    </Histograms>
    <Metadata>
      <MDI key="LAYER_TYPE">athematic</MDI>
      <MDI key="STATISTICS_COVARIANCES">0.003278036161650843</MDI>
      <MDI key="STATISTICS_EXCLUDEDVALUES"></MDI>
      <MDI key="STATISTICS_MAXIMUM">0.53198403120041</MDI>
      <MDI key="STATISTICS_MEAN">0.037310481101359</MDI>
      <MDI key="STATISTICS_MEDIAN">0</MDI>
      <MDI key="STATISTICS_MINIMUM">1.2999998943997e-006</MDI>
      <MDI key="STATISTICS_MODE">0</MDI>
      <MDI key="STATISTICS_SKIPFACTORX">1</MDI>
      <MDI key="STATISTICS_SKIPFACTORY">1</MDI>
      <MDI key="STATISTICS_STDDEV">0.057254136633529</MDI>
    </Metadata>
  </PAMRasterBand>
</PAMDataset>
