<PAMDataset>
  <PAMRasterBand band="1">
    <Description>Layer_1</Description>
    <Histograms>
      <HistItem>
        <HistMin>2.1704414393753e-005</HistMin>
        <HistMax>0.49343374371529</HistMax>
        <BucketCount>256</BucketCount>
        <IncludeOutOfRange>1</IncludeOutOfRange>
        <Approximate>0</Approximate>
        <HistCounts>1437|933|638|505|357|303|254|221|187|193|176|170|145|147|139|139|128|134|122|97|122|106|89|83|91|76|60|57|48|62|71|60|40|37|49|35|35|31|37|29|41|40|38|22|27|30|22|19|24|33|24|33|21|20|18|15|26|23|22|14|16|21|17|16|20|15|14|9|9|5|5|9|10|6|8|8|11|5|5|5|9|12|4|7|7|10|4|7|8|5|9|3|7|8|3|6|6|7|6|9|4|7|4|4|5|6|3|6|2|6|6|6|5|5|3|1|3|4|3|5|3|4|1|6|4|1|4|2|3|3|7|6|1|3|1|4|4|6|3|4|3|2|1|3|5|3|5|5|7|4|5|3|2|3|3|3|1|4|6|2|3|7|2|2|4|0|2|6|1|3|3|2|1|0|6|1|2|1|2|2|1|3|2|4|2|4|2|0|0|1|0|1|4|1|1|0|2|0|1|1|1|0|0|0|1|0|1|3|1|1|1|0|0|0|0|0|0|0|1|1|1|0|0|0|0|0|1|0|1|0|0|0|0|0|0|0|0|0|0|1|0|2|0|0|1|2|2|0|0|0|0|0|0|0|1|0</HistCounts>
      </HistItem>
    </Histograms>
    <Metadata>
      <MDI key="LAYER_TYPE">athematic</MDI>
      <MDI key="STATISTICS_COVARIANCES">0.003778649514291738</MDI>
      <MDI key="STATISTICS_EXCLUDEDVALUES"></MDI>
      <MDI key="STATISTICS_MAXIMUM">0.49343374371529</MDI>
      <MDI key="STATISTICS_MEAN">0.037198717374071</MDI>
      <MDI key="STATISTICS_MEDIAN">0</MDI>
      <MDI key="STATISTICS_MINIMUM">2.1704414393753e-005</MDI>
      <MDI key="STATISTICS_MODE">0</MDI>
      <MDI key="STATISTICS_SKIPFACTORX">1</MDI>
      <MDI key="STATISTICS_SKIPFACTORY">1</MDI>
      <MDI key="STATISTICS_STDDEV">0.061470720788777</MDI>
    </Metadata>
  </PAMRasterBand>
</PAMDataset>
