<PAMDataset>
  <PAMRasterBand band="1">
    <Description>Layer_1</Description>
    <Histograms>
      <HistItem>
        <HistMin>1.2764442544722e-005</HistMin>
        <HistMax>0.81167781352997</HistMax>
        <BucketCount>256</BucketCount>
        <IncludeOutOfRange>1</IncludeOutOfRange>
        <Approximate>0</Approximate>
        <HistCounts>2396|903|527|434|415|287|269|215|159|148|151|130|124|121|111|103|91|90|91|84|90|76|87|60|58|74|49|60|61|45|54|43|44|43|45|37|30|36|30|42|40|23|25|26|19|25|24|25|26|21|26|20|15|12|16|13|16|9|14|12|15|13|15|8|5|11|12|7|13|12|9|13|13|6|12|4|5|8|6|6|9|9|9|7|8|5|5|5|2|5|3|8|4|4|3|5|7|5|4|3|3|5|1|2|2|6|4|4|4|4|3|3|2|6|2|1|4|3|4|1|0|4|1|0|2|3|3|5|3|2|2|2|3|2|4|2|1|4|2|2|0|1|2|2|1|2|4|1|2|2|0|1|1|2|3|2|1|1|3|0|1|2|1|3|1|1|1|1|3|0|0|1|1|5|1|2|0|0|1|0|0|2|1|1|2|3|1|1|2|0|0|1|2|0|1|2|0|0|0|0|0|0|0|1|1|0|1|0|1|5|1|1|0|0|0|0|0|2|0|0|1|1|1|0|0|0|0|4|1|0|0|1|1|1|0|0|0|0|0|0|0|0|0|1|0|1|0|1|0|0|0|0|0|0|1|0</HistCounts>
      </HistItem>
    </Histograms>
    <Metadata>
      <MDI key="LAYER_TYPE">athematic</MDI>
      <MDI key="STATISTICS_COVARIANCES">0.007942613197972069</MDI>
      <MDI key="STATISTICS_EXCLUDEDVALUES"></MDI>
      <MDI key="STATISTICS_MAXIMUM">0.81167781352997</MDI>
      <MDI key="STATISTICS_MEAN">0.048719494983999</MDI>
      <MDI key="STATISTICS_MEDIAN">0</MDI>
      <MDI key="STATISTICS_MINIMUM">1.2764442544722e-005</MDI>
      <MDI key="STATISTICS_MODE">0</MDI>
      <MDI key="STATISTICS_SKIPFACTORX">1</MDI>
      <MDI key="STATISTICS_SKIPFACTORY">1</MDI>
      <MDI key="STATISTICS_STDDEV">0.089121339745159</MDI>
    </Metadata>
  </PAMRasterBand>
</PAMDataset>
