<PAMDataset>
  <PAMRasterBand band="1">
    <Description>Layer_1</Description>
    <Histograms>
      <HistItem>
        <HistMin>2.6499999876251e-005</HistMin>
        <HistMax>0.5794913172721901</HistMax>
        <BucketCount>256</BucketCount>
        <IncludeOutOfRange>1</IncludeOutOfRange>
        <Approximate>0</Approximate>
        <HistCounts>1257|978|626|432|376|327|264|223|192|179|158|143|152|143|181|140|131|128|122|105|117|80|98|76|78|86|79|68|70|61|51|61|56|55|51|47|64|43|40|55|38|33|30|30|30|34|38|29|33|33|30|19|17|19|18|14|24|18|20|24|18|16|13|20|9|14|17|16|10|10|8|9|17|7|9|10|15|10|8|7|11|1|7|8|9|6|10|8|7|11|8|5|6|10|3|2|9|6|6|4|8|5|4|5|7|1|3|11|5|6|4|4|8|6|3|4|4|7|7|5|3|5|2|7|4|5|5|10|7|2|3|2|3|3|7|3|1|4|3|3|4|3|1|4|4|6|3|6|3|2|4|0|3|2|2|3|5|0|1|2|3|1|1|7|3|2|3|1|1|3|2|2|3|2|2|4|1|0|3|3|2|2|1|2|3|0|5|3|0|3|3|1|0|0|1|0|0|0|0|0|0|1|0|0|2|1|0|0|0|1|0|0|0|0|1|0|0|0|0|0|0|0|1|0|0|0|0|1|0|0|0|0|1|0|1|0|0|0|0|0|1|0|0|0|0|0|0|0|0|0|0|1|0|0|1|0</HistCounts>
      </HistItem>
    </Histograms>
    <Metadata>
      <MDI key="LAYER_TYPE">athematic</MDI>
      <MDI key="STATISTICS_COVARIANCES">0.004932230791807496</MDI>
      <MDI key="STATISTICS_EXCLUDEDVALUES"></MDI>
      <MDI key="STATISTICS_MAXIMUM">0.57949131727219</MDI>
      <MDI key="STATISTICS_MEAN">0.045225793585604</MDI>
      <MDI key="STATISTICS_MEDIAN">0</MDI>
      <MDI key="STATISTICS_MINIMUM">2.6499999876251e-005</MDI>
      <MDI key="STATISTICS_MODE">0</MDI>
      <MDI key="STATISTICS_SKIPFACTORX">1</MDI>
      <MDI key="STATISTICS_SKIPFACTORY">1</MDI>
      <MDI key="STATISTICS_STDDEV">0.070229842601329</MDI>
    </Metadata>
  </PAMRasterBand>
</PAMDataset>
