<PAMDataset>
  <PAMRasterBand band="1">
    <Description>Layer_1</Description>
    <Histograms>
      <HistItem>
        <HistMin>3.8958209188422e-005</HistMin>
        <HistMax>0.62513583898544</HistMax>
        <BucketCount>256</BucketCount>
        <IncludeOutOfRange>1</IncludeOutOfRange>
        <Approximate>0</Approximate>
        <HistCounts>1896|966|759|582|425|377|310|277|231|204|194|170|145|123|115|113|114|103|66|100|61|79|64|53|69|41|42|38|42|49|45|46|31|31|30|26|32|27|31|29|25|22|35|25|15|18|26|19|19|16|18|26|9|14|9|11|13|8|4|8|7|9|8|10|5|10|3|10|11|7|4|5|8|10|2|9|4|6|2|5|1|4|6|5|6|4|5|1|3|7|6|8|2|6|6|3|6|2|5|4|0|3|1|1|1|2|2|2|3|2|4|2|2|0|2|3|1|4|2|0|1|2|2|2|1|2|5|1|3|2|1|0|1|2|2|0|4|1|1|1|2|0|0|0|3|0|0|1|1|1|3|2|0|2|1|1|2|2|4|0|1|0|1|2|1|2|2|2|2|3|1|0|0|0|3|1|1|1|1|1|0|1|0|0|1|0|0|1|0|2|0|0|0|1|1|0|0|1|0|0|0|0|0|0|1|0|0|0|0|0|0|0|1|0|0|0|0|0|0|0|1|0|0|0|0|1|0|0|0|0|0|0|0|0|0|0|0|0|0|0|0|0|0|0|0|0|1|0|0|0|0|0|0|0|1|1</HistCounts>
      </HistItem>
    </Histograms>
    <Metadata>
      <MDI key="LAYER_TYPE">athematic</MDI>
      <MDI key="STATISTICS_COVARIANCES">0.003244738460854893</MDI>
      <MDI key="STATISTICS_EXCLUDEDVALUES"></MDI>
      <MDI key="STATISTICS_MAXIMUM">0.62513583898544</MDI>
      <MDI key="STATISTICS_MEAN">0.031598443451651</MDI>
      <MDI key="STATISTICS_MEDIAN">0</MDI>
      <MDI key="STATISTICS_MINIMUM">3.8958209188422e-005</MDI>
      <MDI key="STATISTICS_MODE">0</MDI>
      <MDI key="STATISTICS_SKIPFACTORX">1</MDI>
      <MDI key="STATISTICS_SKIPFACTORY">1</MDI>
      <MDI key="STATISTICS_STDDEV">0.056962605811663</MDI>
    </Metadata>
  </PAMRasterBand>
</PAMDataset>
