<PAMDataset>
  <PAMRasterBand band="1">
    <Description>Layer_1</Description>
    <Histograms>
      <HistItem>
        <HistMin>3.8074347685324e-005</HistMin>
        <HistMax>0.4956266283989</HistMax>
        <BucketCount>256</BucketCount>
        <IncludeOutOfRange>1</IncludeOutOfRange>
        <Approximate>0</Approximate>
        <HistCounts>1243|1041|854|649|499|413|331|293|238|195|141|132|118|142|122|93|97|91|97|82|88|87|82|61|46|54|54|53|54|32|40|50|40|55|47|41|34|38|38|34|30|34|37|28|34|28|30|22|21|23|41|27|25|21|14|10|21|19|15|26|12|11|14|8|18|14|7|11|12|10|10|7|6|6|9|9|12|9|5|8|5|11|5|5|4|6|7|4|2|8|10|0|7|2|0|5|1|1|3|1|3|4|3|4|4|0|0|1|2|1|0|3|5|0|2|2|2|5|0|2|2|2|3|3|2|4|1|2|1|0|2|1|2|3|0|2|1|5|2|1|0|2|1|0|2|1|2|0|1|4|1|1|2|0|1|0|0|0|1|0|2|1|1|0|0|2|1|0|0|2|1|0|2|1|2|0|0|0|0|0|0|0|3|0|1|1|1|1|1|0|2|0|1|0|1|0|2|0|0|0|0|0|0|0|3|0|1|1|1|0|1|1|0|1|0|1|0|0|0|0|0|0|0|1|0|1|1|0|1|0|0|0|0|0|0|1|0|0|0|0|0|0|0|0|0|0|0|1|0|0|0|0|0|0|1|0</HistCounts>
      </HistItem>
    </Histograms>
    <Metadata>
      <MDI key="LAYER_TYPE">athematic</MDI>
      <MDI key="STATISTICS_COVARIANCES">0.002315297097640661</MDI>
      <MDI key="STATISTICS_EXCLUDEDVALUES"></MDI>
      <MDI key="STATISTICS_MAXIMUM">0.4956266283989</MDI>
      <MDI key="STATISTICS_MEAN">0.029138137497567</MDI>
      <MDI key="STATISTICS_MEDIAN">0</MDI>
      <MDI key="STATISTICS_MINIMUM">3.8074347685324e-005</MDI>
      <MDI key="STATISTICS_MODE">0</MDI>
      <MDI key="STATISTICS_SKIPFACTORX">1</MDI>
      <MDI key="STATISTICS_SKIPFACTORY">1</MDI>
      <MDI key="STATISTICS_STDDEV">0.048117534201585</MDI>
    </Metadata>
  </PAMRasterBand>
</PAMDataset>
