<PAMDataset>
  <PAMRasterBand band="1">
    <Description>Layer_1</Description>
    <Histograms>
      <HistItem>
        <HistMin>3.1769999623066e-005</HistMin>
        <HistMax>0.81999987363815</HistMax>
        <BucketCount>256</BucketCount>
        <IncludeOutOfRange>1</IncludeOutOfRange>
        <Approximate>0</Approximate>
        <HistCounts>2296|959|539|421|412|333|262|207|127|169|131|130|129|107|110|114|87|84|80|86|81|73|81|72|75|75|63|63|58|48|55|45|43|50|46|40|34|36|37|46|32|40|27|25|29|25|29|22|14|26|13|22|14|18|11|15|14|10|15|17|12|10|21|13|8|11|8|7|10|6|8|14|9|10|6|4|10|6|9|7|8|8|5|11|4|8|6|4|5|1|2|7|6|3|3|6|7|2|3|3|8|3|0|7|5|5|4|4|4|4|6|2|1|3|3|2|3|3|5|5|4|1|1|4|0|1|3|3|2|2|1|4|1|6|2|0|4|3|2|0|2|0|1|1|3|2|4|2|2|3|3|0|1|2|3|6|1|3|0|0|1|2|3|2|0|1|0|2|2|0|1|0|1|1|2|2|2|0|1|0|1|1|1|2|1|1|0|1|1|0|2|1|0|0|1|1|1|0|2|0|2|1|0|0|0|1|1|0|1|0|2|1|0|1|1|0|0|3|0|1|0|1|0|1|0|0|0|0|1|0|1|0|0|1|0|2|0|0|0|0|0|0|0|0|0|1|0|0|0|0|0|0|0|0|0|1</HistCounts>
      </HistItem>
    </Histograms>
    <Metadata>
      <MDI key="LAYER_TYPE">athematic</MDI>
      <MDI key="STATISTICS_COVARIANCES">0.007961924784611083</MDI>
      <MDI key="STATISTICS_EXCLUDEDVALUES"></MDI>
      <MDI key="STATISTICS_MAXIMUM">0.81999987363815</MDI>
      <MDI key="STATISTICS_MEAN">0.049757051387495</MDI>
      <MDI key="STATISTICS_MEDIAN">0</MDI>
      <MDI key="STATISTICS_MINIMUM">3.1769999623066e-005</MDI>
      <MDI key="STATISTICS_MODE">0</MDI>
      <MDI key="STATISTICS_SKIPFACTORX">1</MDI>
      <MDI key="STATISTICS_SKIPFACTORY">1</MDI>
      <MDI key="STATISTICS_STDDEV">0.089229618314835</MDI>
    </Metadata>
  </PAMRasterBand>
</PAMDataset>
