<PAMDataset>
  <PAMRasterBand band="1">
    <Description>Layer_1</Description>
    <Histograms>
      <HistItem>
        <HistMin>2.9069084121147e-005</HistMin>
        <HistMax>0.4556810259819</HistMax>
        <BucketCount>256</BucketCount>
        <IncludeOutOfRange>1</IncludeOutOfRange>
        <Approximate>0</Approximate>
        <HistCounts>837|1119|913|622|397|374|257|254|186|168|157|130|124|111|107|126|99|96|102|93|91|80|87|70|55|63|83|71|61|54|67|47|58|41|44|59|56|54|43|42|50|52|48|32|34|32|29|34|37|23|39|30|29|38|30|31|32|25|20|22|23|19|19|27|26|21|18|13|19|13|18|17|18|8|12|9|6|9|11|14|13|8|10|2|5|7|5|4|1|7|7|5|3|3|6|2|2|6|3|6|5|3|3|3|6|4|7|5|3|4|2|5|4|1|4|4|0|1|4|4|4|2|3|2|1|3|2|0|1|3|4|3|1|2|0|1|2|6|4|3|2|3|6|1|0|0|1|0|5|0|1|2|2|2|2|3|1|2|3|1|2|0|3|0|1|2|0|1|2|3|4|1|0|0|3|3|1|0|1|1|1|0|0|0|0|2|1|0|4|1|2|0|0|3|1|4|1|1|0|0|1|0|1|5|2|1|0|2|1|1|0|1|1|0|3|0|0|0|3|1|1|0|0|0|0|1|2|1|3|1|0|1|2|1|0|0|0|1|1|0|0|0|1|0|1|0|0|1|0|0|0|0|0|0|0|1</HistCounts>
      </HistItem>
    </Histograms>
    <Metadata>
      <MDI key="LAYER_TYPE">athematic</MDI>
      <MDI key="STATISTICS_COVARIANCES">0.002953306658874498</MDI>
      <MDI key="STATISTICS_EXCLUDEDVALUES"></MDI>
      <MDI key="STATISTICS_MAXIMUM">0.4556810259819</MDI>
      <MDI key="STATISTICS_MEAN">0.034521269360381</MDI>
      <MDI key="STATISTICS_MEDIAN">0</MDI>
      <MDI key="STATISTICS_MINIMUM">2.9069084121147e-005</MDI>
      <MDI key="STATISTICS_MODE">0</MDI>
      <MDI key="STATISTICS_SKIPFACTORX">1</MDI>
      <MDI key="STATISTICS_SKIPFACTORY">1</MDI>
      <MDI key="STATISTICS_STDDEV">0.054344334192945</MDI>
    </Metadata>
  </PAMRasterBand>
</PAMDataset>
