<PAMDataset>
  <PAMRasterBand band="1">
    <Description>Layer_1</Description>
    <Histograms>
      <HistItem>
        <HistMin>2.8536087484099e-005</HistMin>
        <HistMax>0.7353973388671901</HistMax>
        <BucketCount>256</BucketCount>
        <IncludeOutOfRange>1</IncludeOutOfRange>
        <Approximate>0</Approximate>
        <HistCounts>1895|974|643|449|333|266|260|239|215|162|158|139|129|134|114|100|129|86|81|82|75|72|60|65|68|65|52|56|42|59|53|51|41|37|40|28|43|39|42|31|26|23|29|34|32|36|23|21|29|31|23|21|15|24|25|20|19|16|23|26|11|18|12|9|23|12|12|14|22|20|19|13|16|16|12|12|13|7|10|14|16|10|14|14|3|9|11|8|10|8|6|7|9|10|11|12|6|6|7|10|3|4|3|5|5|5|5|2|6|6|8|7|6|3|1|6|4|4|3|5|1|3|6|4|3|3|1|4|2|1|2|4|2|4|0|4|4|1|2|2|7|1|5|2|0|4|1|2|3|2|2|1|3|2|1|1|0|1|4|3|3|2|4|3|1|0|3|1|1|3|1|1|0|1|2|0|1|1|2|1|1|1|2|0|1|1|1|0|0|1|1|3|0|0|2|0|0|3|0|0|1|1|1|2|0|1|2|0|1|1|1|0|1|1|0|1|0|0|1|0|0|1|0|0|0|0|3|0|0|0|0|1|0|0|1|0|0|0|0|0|1|0|0|0|0|1|0|0|0|0|1|0|0|0|1|0</HistCounts>
      </HistItem>
    </Histograms>
    <Metadata>
      <MDI key="LAYER_TYPE">athematic</MDI>
      <MDI key="STATISTICS_COVARIANCES">0.007634133135311407</MDI>
      <MDI key="STATISTICS_EXCLUDEDVALUES"></MDI>
      <MDI key="STATISTICS_MAXIMUM">0.73539733886719</MDI>
      <MDI key="STATISTICS_MEAN">0.052065567266649</MDI>
      <MDI key="STATISTICS_MEDIAN">0</MDI>
      <MDI key="STATISTICS_MINIMUM">2.8536087484099e-005</MDI>
      <MDI key="STATISTICS_MODE">0</MDI>
      <MDI key="STATISTICS_SKIPFACTORX">1</MDI>
      <MDI key="STATISTICS_SKIPFACTORY">1</MDI>
      <MDI key="STATISTICS_STDDEV">0.087373526512963</MDI>
    </Metadata>
  </PAMRasterBand>
</PAMDataset>
