<PAMDataset>
  <PAMRasterBand band="1">
    <Description>Layer_1</Description>
    <Histograms>
      <HistItem>
        <HistMin>2.6481860913918e-005</HistMin>
        <HistMax>0.6515074372291601</HistMax>
        <BucketCount>256</BucketCount>
        <IncludeOutOfRange>1</IncludeOutOfRange>
        <Approximate>0</Approximate>
        <HistCounts>1796|941|693|511|387|318|288|287|238|240|186|171|155|122|135|128|100|113|89|76|89|79|83|69|66|69|76|54|75|64|51|40|34|56|35|26|38|31|21|24|35|28|26|24|26|20|15|24|17|19|12|17|16|17|7|14|22|16|12|7|12|8|6|6|8|6|7|9|7|6|8|7|3|10|7|9|6|4|7|8|9|4|4|5|4|8|8|3|7|5|5|6|7|3|9|5|5|1|4|3|4|2|2|0|4|4|3|1|8|4|1|4|8|3|1|0|1|5|2|4|3|0|1|2|1|1|3|5|0|1|3|3|1|1|1|1|3|2|1|1|1|1|1|2|2|2|3|1|2|2|0|0|1|0|1|2|2|0|1|0|2|2|0|1|1|1|1|1|0|0|0|1|0|1|0|1|0|0|0|0|1|0|0|0|0|2|0|0|0|0|1|2|0|1|0|0|0|2|0|0|0|0|0|0|0|0|1|1|0|0|1|0|0|3|0|1|1|0|0|0|0|0|0|0|0|0|1|0|0|0|1|1|0|1|1|1|1|0|1|1|0|0|0|1|0|0|1|0|0|0|0|0|0|0|1|0</HistCounts>
      </HistItem>
    </Histograms>
    <Metadata>
      <MDI key="LAYER_TYPE">athematic</MDI>
      <MDI key="STATISTICS_COVARIANCES">0.003994134466735305</MDI>
      <MDI key="STATISTICS_EXCLUDEDVALUES"></MDI>
      <MDI key="STATISTICS_MAXIMUM">0.65150743722916</MDI>
      <MDI key="STATISTICS_MEAN">0.036526289572161</MDI>
      <MDI key="STATISTICS_MEDIAN">0</MDI>
      <MDI key="STATISTICS_MINIMUM">2.6481860913918e-005</MDI>
      <MDI key="STATISTICS_MODE">0</MDI>
      <MDI key="STATISTICS_SKIPFACTORX">1</MDI>
      <MDI key="STATISTICS_SKIPFACTORY">1</MDI>
      <MDI key="STATISTICS_STDDEV">0.063199165079416</MDI>
    </Metadata>
  </PAMRasterBand>
</PAMDataset>
