<PAMDataset>
  <PAMRasterBand band="1">
    <Description>Layer_1</Description>
    <Histograms>
      <HistItem>
        <HistMin>5.6520006182836e-005</HistMin>
        <HistMax>0.86686474084854</HistMax>
        <BucketCount>256</BucketCount>
        <IncludeOutOfRange>1</IncludeOutOfRange>
        <Approximate>0</Approximate>
        <HistCounts>1643|1007|663|490|387|305|267|246|187|216|205|163|155|145|107|133|111|87|100|84|68|78|77|74|60|65|40|65|68|44|52|63|53|49|38|35|37|40|55|43|41|30|27|25|23|26|25|22|20|17|16|23|20|22|17|16|25|16|22|11|11|11|10|11|8|8|9|10|16|14|15|15|15|2|8|15|6|10|15|11|12|10|4|11|10|10|13|16|10|11|10|9|10|7|6|10|9|12|8|11|6|4|7|7|6|6|6|5|1|7|6|3|6|3|4|6|5|4|2|2|4|3|2|0|1|0|0|2|3|1|5|3|4|1|3|0|0|1|2|1|2|0|0|0|1|2|0|1|3|1|1|1|0|1|0|0|0|3|0|0|1|1|0|0|1|2|0|0|2|0|1|1|2|1|0|1|0|0|0|0|1|0|0|0|0|0|0|0|0|0|1|0|0|0|0|0|0|0|0|1|0|0|0|0|1|0|0|0|1|0|0|0|0|0|0|0|0|0|0|0|0|0|0|0|0|0|0|0|0|0|0|1|0|0|0|0|0|1|0|0|0|0|0|0|0|0|0|0|0|0|0|0|0|0|0|1</HistCounts>
      </HistItem>
    </Histograms>
    <Metadata>
      <MDI key="LAYER_TYPE">athematic</MDI>
      <MDI key="STATISTICS_COVARIANCES">0.007355452406673157</MDI>
      <MDI key="STATISTICS_EXCLUDEDVALUES"></MDI>
      <MDI key="STATISTICS_MAXIMUM">0.86686474084854</MDI>
      <MDI key="STATISTICS_MEAN">0.05500467162477</MDI>
      <MDI key="STATISTICS_MEDIAN">0</MDI>
      <MDI key="STATISTICS_MINIMUM">5.6520006182836e-005</MDI>
      <MDI key="STATISTICS_MODE">0</MDI>
      <MDI key="STATISTICS_SKIPFACTORX">1</MDI>
      <MDI key="STATISTICS_SKIPFACTORY">1</MDI>
      <MDI key="STATISTICS_STDDEV">0.085763934183742</MDI>
    </Metadata>
  </PAMRasterBand>
</PAMDataset>
