<PAMDataset>
  <PAMRasterBand band="1">
    <Description>Layer_1</Description>
    <Histograms>
      <HistItem>
        <HistMin>6.7179411416873e-005</HistMin>
        <HistMax>0.72259902954102</HistMax>
        <BucketCount>256</BucketCount>
        <IncludeOutOfRange>1</IncludeOutOfRange>
        <Approximate>0</Approximate>
        <HistCounts>1831|895|597|508|434|390|329|249|223|203|173|165|144|132|115|115|104|104|87|76|65|75|83|72|63|58|53|53|61|47|41|42|38|47|39|36|45|37|24|32|24|40|24|30|20|32|25|26|24|21|11|19|10|19|15|20|13|10|13|17|13|17|11|8|7|8|8|10|13|13|9|15|11|9|11|7|7|5|8|7|8|6|6|14|7|4|9|4|7|5|6|6|6|3|7|4|4|6|5|6|4|2|6|5|3|6|1|1|4|5|5|3|6|0|4|1|3|0|2|4|4|6|3|1|2|2|5|0|1|6|3|1|0|2|2|2|1|2|3|3|3|7|2|3|2|2|2|2|2|3|1|0|2|2|2|1|5|6|3|4|2|1|1|1|1|0|1|2|0|2|0|1|0|0|0|0|0|0|0|2|0|1|0|0|1|0|1|2|0|0|1|0|0|1|1|0|0|4|2|0|0|1|0|0|1|0|0|0|1|0|0|1|1|0|0|1|1|0|0|0|1|2|0|2|0|0|0|2|0|0|1|1|0|2|0|0|1|0|1|0|0|0|0|0|1|0|0|0|0|0|1|0|0|0|1|0</HistCounts>
      </HistItem>
    </Histograms>
    <Metadata>
      <MDI key="LAYER_TYPE">athematic</MDI>
      <MDI key="STATISTICS_COVARIANCES">0.006176160800904757</MDI>
      <MDI key="STATISTICS_EXCLUDEDVALUES"></MDI>
      <MDI key="STATISTICS_MAXIMUM">0.72259902954102</MDI>
      <MDI key="STATISTICS_MEAN">0.044851718841457</MDI>
      <MDI key="STATISTICS_MEDIAN">0</MDI>
      <MDI key="STATISTICS_MINIMUM">6.7179411416873e-005</MDI>
      <MDI key="STATISTICS_MODE">0</MDI>
      <MDI key="STATISTICS_SKIPFACTORX">1</MDI>
      <MDI key="STATISTICS_SKIPFACTORY">1</MDI>
      <MDI key="STATISTICS_STDDEV">0.078588553879714</MDI>
    </Metadata>
  </PAMRasterBand>
</PAMDataset>
