<PAMDataset>
  <PAMRasterBand band="1">
    <Description>Layer_1</Description>
    <Histograms>
      <HistItem>
        <HistMin>3.2827239920152e-005</HistMin>
        <HistMax>0.44713920354843</HistMax>
        <BucketCount>256</BucketCount>
        <IncludeOutOfRange>1</IncludeOutOfRange>
        <Approximate>0</Approximate>
        <HistCounts>997|887|577|493|428|355|269|243|220|194|234|158|139|146|140|109|92|90|82|86|90|85|62|70|61|73|75|63|67|65|66|59|56|50|47|55|45|56|55|50|60|36|49|48|47|35|37|43|49|33|39|36|47|39|28|39|31|31|22|14|24|28|29|22|27|19|18|21|13|19|16|16|18|19|22|15|14|10|12|11|12|19|10|11|13|11|8|9|12|9|8|5|9|6|11|10|5|4|11|7|8|7|7|8|11|3|3|6|3|10|5|1|2|6|4|5|10|2|3|6|4|9|6|5|8|7|7|6|7|2|4|6|6|2|6|3|4|2|7|5|5|3|6|1|4|3|0|4|0|1|1|2|0|1|1|4|3|1|3|2|2|0|1|0|2|1|2|4|2|0|2|2|3|2|1|2|0|2|0|2|1|0|0|1|0|1|1|1|1|0|0|1|2|1|1|0|1|0|0|1|0|0|0|3|0|1|1|0|1|0|0|0|1|0|1|1|0|0|0|0|0|1|0|1|0|0|0|0|0|1|0|0|0|0|1|0|0|0|1|0|0|0|0|1|0|0|0|0|0|1|0|0|0|0|1|1</HistCounts>
      </HistItem>
    </Histograms>
    <Metadata>
      <MDI key="LAYER_TYPE">athematic</MDI>
      <MDI key="STATISTICS_COVARIANCES">0.003000986070152362</MDI>
      <MDI key="STATISTICS_EXCLUDEDVALUES"></MDI>
      <MDI key="STATISTICS_MAXIMUM">0.44713920354843</MDI>
      <MDI key="STATISTICS_MEAN">0.038561749916049</MDI>
      <MDI key="STATISTICS_MEDIAN">0</MDI>
      <MDI key="STATISTICS_MINIMUM">3.2827239920152e-005</MDI>
      <MDI key="STATISTICS_MODE">0</MDI>
      <MDI key="STATISTICS_SKIPFACTORX">1</MDI>
      <MDI key="STATISTICS_SKIPFACTORY">1</MDI>
      <MDI key="STATISTICS_STDDEV">0.054781256558721</MDI>
    </Metadata>
  </PAMRasterBand>
</PAMDataset>
