<PAMDataset>
  <PAMRasterBand band="1">
    <Description>Layer_1</Description>
    <Histograms>
      <HistItem>
        <HistMin>8.7584921857342e-005</HistMin>
        <HistMax>0.87323331832886</HistMax>
        <BucketCount>256</BucketCount>
        <IncludeOutOfRange>1</IncludeOutOfRange>
        <Approximate>0</Approximate>
        <HistCounts>1892|930|573|435|351|310|282|212|199|173|166|150|125|139|140|129|108|106|103|104|95|93|76|72|77|60|66|66|58|50|59|53|44|59|52|48|40|39|38|35|32|31|28|25|22|23|23|20|26|23|17|22|17|18|15|16|12|12|18|15|12|18|15|11|16|18|14|8|14|18|13|18|13|11|11|8|10|11|12|10|15|5|8|9|10|9|7|12|9|5|6|7|4|6|9|6|7|6|9|11|7|10|8|6|7|7|6|8|3|4|7|1|4|1|4|3|4|2|6|3|2|2|5|3|3|3|6|3|6|2|5|3|5|2|3|2|0|2|1|5|2|1|1|3|2|2|2|2|0|1|0|0|1|0|0|1|2|1|1|0|0|0|0|0|0|0|0|1|0|1|0|0|0|0|0|0|0|0|0|0|0|0|0|0|0|0|0|2|0|0|0|0|0|0|0|0|0|0|0|0|0|0|0|0|0|1|0|0|0|1|0|0|0|0|0|0|0|0|0|0|0|0|0|0|0|0|0|0|0|0|0|0|0|0|0|1|0|0|0|0|0|0|0|0|0|0|0|0|0|0|0|0|0|0|1|0</HistCounts>
      </HistItem>
    </Histograms>
    <Metadata>
      <MDI key="LAYER_TYPE">athematic</MDI>
      <MDI key="STATISTICS_COVARIANCES">0.007448782398025198</MDI>
      <MDI key="STATISTICS_EXCLUDEDVALUES"></MDI>
      <MDI key="STATISTICS_MAXIMUM">0.87323331832886</MDI>
      <MDI key="STATISTICS_MEAN">0.055814941601384</MDI>
      <MDI key="STATISTICS_MEDIAN">0</MDI>
      <MDI key="STATISTICS_MINIMUM">8.7584921857342e-005</MDI>
      <MDI key="STATISTICS_MODE">0</MDI>
      <MDI key="STATISTICS_SKIPFACTORX">1</MDI>
      <MDI key="STATISTICS_SKIPFACTORY">1</MDI>
      <MDI key="STATISTICS_STDDEV">0.086306328841083</MDI>
    </Metadata>
  </PAMRasterBand>
</PAMDataset>
