<PAMDataset>
  <PAMRasterBand band="1">
    <Description>Layer_1</Description>
    <Histograms>
      <HistItem>
        <HistMin>4.3061278120149e-005</HistMin>
        <HistMax>0.80523097515106</HistMax>
        <BucketCount>256</BucketCount>
        <IncludeOutOfRange>1</IncludeOutOfRange>
        <Approximate>0</Approximate>
        <HistCounts>2557|892|561|481|382|277|224|214|166|168|162|155|128|114|111|86|102|81|87|62|65|65|62|68|55|55|68|56|42|50|34|54|38|35|27|40|25|36|41|29|33|29|39|22|21|30|25|20|22|27|12|12|20|17|18|15|18|14|15|14|20|4|16|8|6|15|18|7|3|10|6|10|5|4|9|5|3|8|8|4|2|7|7|2|5|4|2|1|3|8|4|1|6|6|5|5|2|5|4|3|4|2|2|1|5|4|2|1|3|2|3|3|2|3|2|1|4|6|2|5|1|2|2|5|3|2|1|2|3|2|5|2|0|2|1|1|1|1|0|3|4|2|3|1|2|1|1|2|1|2|2|2|2|1|1|2|0|3|3|1|1|0|3|3|3|1|0|2|0|3|0|1|3|0|0|1|4|1|3|1|0|2|1|1|1|2|1|1|0|1|3|1|1|0|2|0|1|1|3|0|2|1|1|0|0|0|1|2|0|0|2|0|0|2|3|0|0|0|0|1|1|0|0|0|0|1|0|0|0|0|3|0|1|0|0|0|0|0|1|0|0|0|0|0|0|0|1|0|0|0|0|0|0|0|0|1</HistCounts>
      </HistItem>
    </Histograms>
    <Metadata>
      <MDI key="LAYER_TYPE">athematic</MDI>
      <MDI key="STATISTICS_COVARIANCES">0.007554331221748695</MDI>
      <MDI key="STATISTICS_EXCLUDEDVALUES"></MDI>
      <MDI key="STATISTICS_MAXIMUM">0.80523097515106</MDI>
      <MDI key="STATISTICS_MEAN">0.045699848294792</MDI>
      <MDI key="STATISTICS_MEDIAN">0</MDI>
      <MDI key="STATISTICS_MINIMUM">4.3061278120149e-005</MDI>
      <MDI key="STATISTICS_MODE">0</MDI>
      <MDI key="STATISTICS_SKIPFACTORX">1</MDI>
      <MDI key="STATISTICS_SKIPFACTORY">1</MDI>
      <MDI key="STATISTICS_STDDEV">0.086915655791973</MDI>
    </Metadata>
  </PAMRasterBand>
</PAMDataset>
