<PAMDataset>
  <PAMRasterBand band="1">
    <Description>Layer_1</Description>
    <Histograms>
      <HistItem>
        <HistMin>4.5625001803273e-005</HistMin>
        <HistMax>0.35349872708321</HistMax>
        <BucketCount>256</BucketCount>
        <IncludeOutOfRange>1</IncludeOutOfRange>
        <Approximate>0</Approximate>
        <HistCounts>811|919|735|570|480|390|372|313|245|213|187|174|129|121|111|94|83|97|90|91|85|63|59|70|64|56|62|61|57|66|59|60|57|66|53|55|44|43|48|49|40|36|34|45|50|18|25|31|41|26|34|39|28|29|31|21|29|23|26|19|22|23|13|25|13|17|12|19|15|17|19|15|22|13|14|11|19|12|21|13|14|11|18|18|12|7|13|8|8|8|8|9|7|6|7|6|7|8|5|9|10|12|2|9|8|7|8|8|4|3|2|5|3|6|6|3|4|3|3|4|3|4|2|2|5|5|2|3|0|2|2|3|3|3|0|2|2|2|3|2|3|4|1|4|1|2|2|3|0|1|2|4|1|2|5|0|3|1|3|1|2|2|2|0|3|1|2|2|3|1|2|2|3|2|3|1|0|2|2|2|3|2|1|0|1|1|0|2|1|2|3|0|1|3|1|1|3|0|0|0|1|0|0|0|0|0|3|1|2|0|0|0|0|1|0|1|1|2|0|1|0|1|0|0|1|0|0|0|1|0|0|1|0|0|0|0|1|0|0|0|0|0|0|0|0|1|0|0|0|0|1|0|0|0|1|0</HistCounts>
      </HistItem>
    </Histograms>
    <Metadata>
      <MDI key="LAYER_TYPE">athematic</MDI>
      <MDI key="STATISTICS_COVARIANCES">0.001828341061018184</MDI>
      <MDI key="STATISTICS_EXCLUDEDVALUES"></MDI>
      <MDI key="STATISTICS_MAXIMUM">0.35349872708321</MDI>
      <MDI key="STATISTICS_MEAN">0.028463236466862</MDI>
      <MDI key="STATISTICS_MEDIAN">0</MDI>
      <MDI key="STATISTICS_MINIMUM">4.5625001803273e-005</MDI>
      <MDI key="STATISTICS_MODE">0</MDI>
      <MDI key="STATISTICS_SKIPFACTORX">1</MDI>
      <MDI key="STATISTICS_SKIPFACTORY">1</MDI>
      <MDI key="STATISTICS_STDDEV">0.042759105007217</MDI>
    </Metadata>
  </PAMRasterBand>
</PAMDataset>
