<PAMDataset>
  <PAMRasterBand band="1">
    <Description>Layer_1</Description>
    <Histograms>
      <HistItem>
        <HistMin>3.5676297557075e-005</HistMin>
        <HistMax>0.44426149129868</HistMax>
        <BucketCount>256</BucketCount>
        <IncludeOutOfRange>1</IncludeOutOfRange>
        <Approximate>0</Approximate>
        <HistCounts>1054|840|602|464|420|361|274|218|224|228|184|169|148|136|118|117|102|107|90|86|88|54|80|65|73|67|69|72|58|57|50|53|64|60|65|57|54|52|58|36|50|46|38|45|52|52|37|44|40|54|31|44|36|39|33|38|26|35|28|31|28|20|23|30|17|22|20|17|13|18|15|22|15|15|14|16|12|8|14|22|11|11|9|7|15|10|11|17|5|8|9|8|8|9|6|8|13|6|7|7|5|6|3|7|3|8|4|4|7|5|3|8|4|2|6|10|4|5|6|4|5|1|8|5|4|6|8|5|6|7|2|8|2|3|3|3|2|3|1|6|2|5|4|3|1|3|1|1|2|5|3|5|2|3|3|4|3|5|3|1|2|1|0|0|1|0|0|1|0|1|3|1|3|6|0|0|1|0|1|4|0|3|3|2|1|1|1|2|2|2|1|0|1|0|2|2|0|1|1|0|0|0|1|1|0|0|0|1|0|1|1|0|0|0|0|1|2|1|0|0|0|0|0|0|1|0|0|1|1|0|0|0|0|0|0|0|0|1|1|0|0|0|0|0|0|0|0|0|0|1|0|0|0|0|2|0</HistCounts>
      </HistItem>
    </Histograms>
    <Metadata>
      <MDI key="LAYER_TYPE">athematic</MDI>
      <MDI key="STATISTICS_COVARIANCES">0.003036931499031174</MDI>
      <MDI key="STATISTICS_EXCLUDEDVALUES"></MDI>
      <MDI key="STATISTICS_MAXIMUM">0.44426149129868</MDI>
      <MDI key="STATISTICS_MEAN">0.038565919146234</MDI>
      <MDI key="STATISTICS_MEDIAN">0</MDI>
      <MDI key="STATISTICS_MINIMUM">3.5676297557075e-005</MDI>
      <MDI key="STATISTICS_MODE">0</MDI>
      <MDI key="STATISTICS_SKIPFACTORX">1</MDI>
      <MDI key="STATISTICS_SKIPFACTORY">1</MDI>
      <MDI key="STATISTICS_STDDEV">0.055108361425751</MDI>
    </Metadata>
  </PAMRasterBand>
</PAMDataset>
