<PAMDataset>
  <PAMRasterBand band="1">
    <Description>Layer_1</Description>
    <Histograms>
      <HistItem>
        <HistMin>1.1450000556579e-006</HistMin>
        <HistMax>0.48344627022743</HistMax>
        <BucketCount>256</BucketCount>
        <IncludeOutOfRange>1</IncludeOutOfRange>
        <Approximate>0</Approximate>
        <HistCounts>1131|1007|720|464|376|319|277|228|226|187|169|152|185|133|149|156|149|119|102|110|99|118|105|79|72|60|57|54|58|60|64|58|42|56|53|51|45|37|38|32|43|36|35|40|44|45|28|31|32|20|22|27|25|27|21|16|23|22|20|24|20|16|12|17|12|17|10|15|8|5|16|14|11|11|7|3|6|16|7|12|6|5|9|8|9|12|13|6|5|6|9|4|8|4|4|7|5|3|5|5|5|4|2|3|11|4|5|7|2|3|4|4|2|5|2|4|3|1|0|7|4|4|1|2|4|4|4|9|2|8|4|3|1|1|4|2|3|7|5|2|6|2|6|4|4|3|5|1|4|1|2|4|4|1|2|4|1|0|0|2|2|5|2|4|4|0|3|1|6|0|0|2|1|1|1|1|2|2|2|1|2|2|1|3|2|0|0|4|1|2|2|1|0|0|1|1|1|2|0|1|1|0|0|2|1|0|0|0|0|1|0|1|0|0|0|1|0|0|0|1|0|0|0|1|0|0|1|0|0|0|0|0|0|1|2|1|0|0|0|0|0|0|1|0|0|1|0|0|0|0|0|0|0|0|0|1</HistCounts>
      </HistItem>
    </Histograms>
    <Metadata>
      <MDI key="LAYER_TYPE">athematic</MDI>
      <MDI key="STATISTICS_COVARIANCES">0.003272619490356626</MDI>
      <MDI key="STATISTICS_EXCLUDEDVALUES"></MDI>
      <MDI key="STATISTICS_MAXIMUM">0.48344627022743</MDI>
      <MDI key="STATISTICS_MEAN">0.036435851754096</MDI>
      <MDI key="STATISTICS_MEDIAN">0</MDI>
      <MDI key="STATISTICS_MINIMUM">1.1450000556579e-006</MDI>
      <MDI key="STATISTICS_MODE">0</MDI>
      <MDI key="STATISTICS_SKIPFACTORX">1</MDI>
      <MDI key="STATISTICS_SKIPFACTORY">1</MDI>
      <MDI key="STATISTICS_STDDEV">0.057206813321113</MDI>
    </Metadata>
  </PAMRasterBand>
</PAMDataset>
