<PAMDataset>
  <PAMRasterBand band="1">
    <Description>Layer_1</Description>
    <Histograms>
      <HistItem>
        <HistMin>5.3723906603409e-005</HistMin>
        <HistMax>0.64217633008957</HistMax>
        <BucketCount>256</BucketCount>
        <IncludeOutOfRange>1</IncludeOutOfRange>
        <Approximate>0</Approximate>
        <HistCounts>1190|1054|660|474|329|312|279|254|199|183|145|150|144|125|141|111|130|131|111|105|98|110|95|90|103|76|70|72|73|62|62|53|57|53|62|58|56|47|59|38|45|54|34|33|40|37|39|35|30|36|37|35|24|36|19|21|13|24|19|20|12|12|16|20|15|10|12|6|13|11|5|8|13|16|9|10|11|7|6|7|8|1|9|6|10|9|9|3|5|8|10|11|6|10|7|1|5|2|8|4|4|4|8|5|5|8|3|5|4|3|5|7|6|5|4|1|6|6|6|3|2|5|2|6|3|2|3|3|2|2|2|4|2|2|1|4|2|3|3|2|2|3|2|1|3|1|1|1|2|2|1|1|1|2|1|3|0|1|2|2|2|2|0|0|1|2|2|2|1|1|0|3|2|1|1|1|1|2|3|0|3|1|0|0|3|0|0|0|2|0|0|1|0|1|0|1|0|0|1|1|0|1|0|0|0|1|0|1|0|0|0|0|0|1|0|1|0|0|0|0|0|0|0|0|0|0|0|0|1|0|0|0|0|0|0|0|0|0|0|0|0|0|0|0|0|0|1|0|0|0|0|0|0|0|1|0</HistCounts>
      </HistItem>
    </Histograms>
    <Metadata>
      <MDI key="LAYER_TYPE">athematic</MDI>
      <MDI key="STATISTICS_COVARIANCES">0.004756366981329849</MDI>
      <MDI key="STATISTICS_EXCLUDEDVALUES"></MDI>
      <MDI key="STATISTICS_MAXIMUM">0.64217633008957</MDI>
      <MDI key="STATISTICS_MEAN">0.046713998565434</MDI>
      <MDI key="STATISTICS_MEDIAN">0</MDI>
      <MDI key="STATISTICS_MINIMUM">5.3723906603409e-005</MDI>
      <MDI key="STATISTICS_MODE">0</MDI>
      <MDI key="STATISTICS_SKIPFACTORX">1</MDI>
      <MDI key="STATISTICS_SKIPFACTORY">1</MDI>
      <MDI key="STATISTICS_STDDEV">0.068966419229433</MDI>
    </Metadata>
  </PAMRasterBand>
</PAMDataset>
