<PAMDataset>
  <PAMRasterBand band="1">
    <Description>Layer_1</Description>
    <Histograms>
      <HistItem>
        <HistMin>6.529000529553701e-005</HistMin>
        <HistMax>0.56816178560257</HistMax>
        <BucketCount>256</BucketCount>
        <IncludeOutOfRange>1</IncludeOutOfRange>
        <Approximate>0</Approximate>
        <HistCounts>1110|991|657|466|384|307|293|234|227|193|168|162|130|142|138|127|135|112|105|103|117|99|92|84|87|109|59|60|65|52|58|50|65|59|56|44|55|52|45|50|43|36|41|37|34|33|35|25|24|29|35|22|29|26|25|11|22|28|30|18|13|8|14|16|16|5|20|12|10|17|16|13|13|9|16|9|8|10|7|8|11|10|12|7|9|8|5|12|5|9|2|5|1|10|3|6|14|7|3|8|6|3|7|2|5|12|2|1|8|1|7|5|6|5|4|3|4|4|5|5|3|4|4|7|5|4|7|5|6|2|5|4|3|1|7|5|7|1|2|4|3|2|3|2|2|3|3|3|2|0|3|1|2|2|4|4|5|2|5|1|4|1|2|2|4|6|2|1|2|3|1|2|0|2|0|4|3|1|0|1|3|2|4|1|3|1|3|3|1|2|0|1|4|2|0|0|1|2|1|3|1|1|0|0|0|0|0|0|0|2|0|1|2|0|1|0|0|0|0|0|0|0|1|0|0|1|0|0|0|0|0|0|0|0|0|0|0|0|0|2|0|0|0|0|0|0|1|0|0|0|0|0|0|0|1|0</HistCounts>
      </HistItem>
    </Histograms>
    <Metadata>
      <MDI key="LAYER_TYPE">athematic</MDI>
      <MDI key="STATISTICS_COVARIANCES">0.004832310551861736</MDI>
      <MDI key="STATISTICS_EXCLUDEDVALUES"></MDI>
      <MDI key="STATISTICS_MAXIMUM">0.56816178560257</MDI>
      <MDI key="STATISTICS_MEAN">0.045112560451741</MDI>
      <MDI key="STATISTICS_MEDIAN">0</MDI>
      <MDI key="STATISTICS_MINIMUM">6.5290005295537e-005</MDI>
      <MDI key="STATISTICS_MODE">0</MDI>
      <MDI key="STATISTICS_SKIPFACTORX">1</MDI>
      <MDI key="STATISTICS_SKIPFACTORY">1</MDI>
      <MDI key="STATISTICS_STDDEV">0.069514822533484</MDI>
    </Metadata>
  </PAMRasterBand>
</PAMDataset>
