<PAMDataset>
  <PAMRasterBand band="1">
    <Description>Layer_1</Description>
    <Histograms>
      <HistItem>
        <HistMin>7.5700004344981e-006</HistMin>
        <HistMax>0.55072283744812</HistMax>
        <BucketCount>256</BucketCount>
        <IncludeOutOfRange>1</IncludeOutOfRange>
        <Approximate>0</Approximate>
        <HistCounts>1474|853|611|458|393|297|320|300|229|267|207|162|146|146|106|127|96|106|94|95|80|94|83|72|84|56|62|60|65|69|56|57|54|71|73|47|56|47|45|41|39|43|34|30|24|38|40|30|19|29|31|30|22|24|25|17|11|17|21|12|12|20|11|21|14|14|13|17|10|4|11|13|12|4|5|11|7|6|5|4|5|4|11|7|8|3|8|3|7|4|5|3|4|6|8|2|6|4|8|6|6|6|8|4|7|3|3|4|2|5|1|6|2|4|2|0|1|5|3|3|3|3|3|4|0|2|5|1|1|2|3|2|1|3|1|3|2|1|2|1|6|2|3|1|3|1|3|4|0|2|2|1|1|0|1|2|2|2|2|1|0|1|1|0|0|0|1|1|2|1|0|2|0|1|0|1|1|4|1|1|1|1|1|1|0|0|1|1|1|1|1|0|0|0|3|1|1|0|0|2|1|0|1|1|1|0|0|1|2|0|1|0|0|0|0|0|0|4|0|0|0|0|0|1|0|0|1|0|0|1|0|1|0|1|0|0|1|0|0|1|1|0|0|0|0|0|0|1|0|0|1|0|0|1|1|1</HistCounts>
      </HistItem>
    </Histograms>
    <Metadata>
      <MDI key="LAYER_TYPE">athematic</MDI>
      <MDI key="STATISTICS_COVARIANCES">0.003595026886803142</MDI>
      <MDI key="STATISTICS_EXCLUDEDVALUES"></MDI>
      <MDI key="STATISTICS_MAXIMUM">0.55072283744812</MDI>
      <MDI key="STATISTICS_MEAN">0.037702638590489</MDI>
      <MDI key="STATISTICS_MEDIAN">0</MDI>
      <MDI key="STATISTICS_MINIMUM">7.5700004344981e-006</MDI>
      <MDI key="STATISTICS_MODE">0</MDI>
      <MDI key="STATISTICS_SKIPFACTORX">1</MDI>
      <MDI key="STATISTICS_SKIPFACTORY">1</MDI>
      <MDI key="STATISTICS_STDDEV">0.059958543067716</MDI>
    </Metadata>
  </PAMRasterBand>
</PAMDataset>
