<PAMDataset>
  <PAMRasterBand band="1">
    <Description>Layer_1</Description>
    <Histograms>
      <HistItem>
        <HistMin>4.9538841267349e-005</HistMin>
        <HistMax>0.53824329376221</HistMax>
        <BucketCount>256</BucketCount>
        <IncludeOutOfRange>1</IncludeOutOfRange>
        <Approximate>0</Approximate>
        <HistCounts>1447|1070|779|636|516|403|311|279|214|192|159|133|147|118|130|103|107|99|93|93|71|71|55|64|63|59|55|45|55|37|47|50|37|38|39|45|53|40|29|27|40|33|29|36|22|23|22|21|21|25|21|17|21|11|17|14|15|12|17|17|13|13|8|10|8|9|16|15|6|10|11|8|6|7|5|7|4|5|5|5|7|9|4|6|5|7|10|8|4|7|2|0|1|1|3|4|4|0|1|2|2|3|2|1|3|0|1|2|2|1|2|2|2|0|3|5|4|3|2|2|1|0|0|1|2|2|3|1|3|1|0|0|5|3|2|2|2|1|1|4|2|0|2|2|1|0|1|1|3|0|1|2|1|1|1|0|2|0|2|0|0|0|0|0|3|0|0|0|0|1|1|1|0|1|1|0|2|2|0|0|1|2|0|0|0|1|1|1|0|1|0|1|0|0|2|0|0|2|1|0|3|0|1|0|0|0|0|1|1|0|0|1|0|0|2|1|0|0|0|1|0|0|0|0|0|0|0|0|0|0|0|0|0|0|1|0|0|0|0|1|0|0|0|0|0|0|0|0|0|0|0|0|0|1|1|0</HistCounts>
      </HistItem>
    </Histograms>
    <Metadata>
      <MDI key="LAYER_TYPE">athematic</MDI>
      <MDI key="STATISTICS_COVARIANCES">0.002557025529721011</MDI>
      <MDI key="STATISTICS_EXCLUDEDVALUES"></MDI>
      <MDI key="STATISTICS_MAXIMUM">0.53824329376221</MDI>
      <MDI key="STATISTICS_MEAN">0.029722940735912</MDI>
      <MDI key="STATISTICS_MEDIAN">0</MDI>
      <MDI key="STATISTICS_MINIMUM">4.9538841267349e-005</MDI>
      <MDI key="STATISTICS_MODE">0</MDI>
      <MDI key="STATISTICS_SKIPFACTORX">1</MDI>
      <MDI key="STATISTICS_SKIPFACTORY">1</MDI>
      <MDI key="STATISTICS_STDDEV">0.050567039954114</MDI>
    </Metadata>
  </PAMRasterBand>
</PAMDataset>
