<PAMDataset>
  <PAMRasterBand band="1">
    <Description>Layer_1</Description>
    <Histograms>
      <HistItem>
        <HistMin>1.6570000298088e-005</HistMin>
        <HistMax>0.69498139619827</HistMax>
        <BucketCount>256</BucketCount>
        <IncludeOutOfRange>1</IncludeOutOfRange>
        <Approximate>0</Approximate>
        <HistCounts>1865|963|625|464|319|279|247|242|184|159|163|125|135|124|110|121|92|104|87|86|64|70|74|63|62|48|52|55|42|68|38|39|32|49|45|36|40|34|35|29|39|34|35|32|31|25|21|28|23|26|27|22|30|17|27|21|21|36|15|19|12|21|16|24|18|14|21|15|9|17|15|14|11|14|13|14|14|4|15|18|16|11|15|12|12|6|10|7|14|9|11|13|10|4|10|13|10|8|8|8|11|10|7|5|5|12|7|6|6|8|6|6|6|3|5|4|6|7|5|2|2|7|3|6|6|3|4|4|3|3|6|3|3|2|6|4|2|1|4|1|5|6|3|0|3|0|1|2|7|1|2|4|0|2|1|4|1|2|2|1|1|2|3|3|0|1|5|2|3|3|1|0|0|3|1|1|2|4|2|1|2|1|1|1|1|1|2|0|2|0|0|2|2|1|1|1|3|2|0|0|1|1|0|0|1|1|1|2|0|0|0|0|1|0|1|0|1|1|0|0|0|1|1|3|2|0|0|1|0|0|0|0|0|1|0|0|0|0|0|0|0|0|0|0|0|0|0|0|0|1|1|1|0|1|0|1</HistCounts>
      </HistItem>
    </Histograms>
    <Metadata>
      <MDI key="LAYER_TYPE">athematic</MDI>
      <MDI key="STATISTICS_COVARIANCES">0.007710544091377525</MDI>
      <MDI key="STATISTICS_EXCLUDEDVALUES"></MDI>
      <MDI key="STATISTICS_MAXIMUM">0.69498139619827</MDI>
      <MDI key="STATISTICS_MEAN">0.052816628287608</MDI>
      <MDI key="STATISTICS_MEDIAN">0</MDI>
      <MDI key="STATISTICS_MINIMUM">1.6570000298088e-005</MDI>
      <MDI key="STATISTICS_MODE">0</MDI>
      <MDI key="STATISTICS_SKIPFACTORX">1</MDI>
      <MDI key="STATISTICS_SKIPFACTORY">1</MDI>
      <MDI key="STATISTICS_STDDEV">0.087809703856564</MDI>
    </Metadata>
  </PAMRasterBand>
</PAMDataset>
