<PAMDataset>
  <PAMRasterBand band="1">
    <Description>Layer_1</Description>
    <Histograms>
      <HistItem>
        <HistMin>2.0217205019435e-005</HistMin>
        <HistMax>0.85073792934418</HistMax>
        <BucketCount>256</BucketCount>
        <IncludeOutOfRange>1</IncludeOutOfRange>
        <Approximate>0</Approximate>
        <HistCounts>2648|1020|708|505|337|293|212|223|165|146|143|120|106|107|108|76|81|75|70|66|40|61|66|59|49|48|64|32|50|46|39|49|45|41|33|29|30|24|27|31|33|28|18|19|20|19|22|15|27|16|17|15|15|11|14|12|14|11|13|17|9|12|4|11|7|16|10|9|9|7|11|7|5|6|5|3|2|4|2|5|2|6|2|5|5|5|3|4|8|2|1|5|4|6|1|3|3|4|2|5|3|4|3|4|3|0|2|3|2|2|2|5|2|1|1|2|3|1|0|0|5|2|0|2|3|2|0|0|4|1|4|1|4|5|1|1|2|2|2|5|1|2|2|1|1|3|4|1|2|1|4|1|1|3|3|2|0|1|2|1|2|0|2|3|1|1|2|1|4|2|3|3|1|1|0|2|0|4|1|0|0|2|1|0|1|2|1|2|0|2|3|1|0|0|0|0|1|0|0|1|1|0|1|0|1|0|0|0|0|0|0|0|0|0|0|0|1|0|1|0|0|0|2|0|0|0|0|0|1|0|2|0|1|0|0|0|0|0|1|0|0|0|0|0|0|0|0|0|1|0|0|0|0|0|1|0</HistCounts>
      </HistItem>
    </Histograms>
    <Metadata>
      <MDI key="LAYER_TYPE">athematic</MDI>
      <MDI key="STATISTICS_COVARIANCES">0.007567070718810113</MDI>
      <MDI key="STATISTICS_EXCLUDEDVALUES"></MDI>
      <MDI key="STATISTICS_MAXIMUM">0.85073792934418</MDI>
      <MDI key="STATISTICS_MEAN">0.043566608428336</MDI>
      <MDI key="STATISTICS_MEDIAN">0</MDI>
      <MDI key="STATISTICS_MINIMUM">2.0217205019435e-005</MDI>
      <MDI key="STATISTICS_MODE">0</MDI>
      <MDI key="STATISTICS_SKIPFACTORX">1</MDI>
      <MDI key="STATISTICS_SKIPFACTORY">1</MDI>
      <MDI key="STATISTICS_STDDEV">0.086988911470429</MDI>
    </Metadata>
  </PAMRasterBand>
</PAMDataset>
