<PAMDataset>
  <PAMRasterBand band="1">
    <Description>Layer_1</Description>
    <Histograms>
      <HistItem>
        <HistMin>4.9299997044727e-005</HistMin>
        <HistMax>0.70725446939468</HistMax>
        <BucketCount>256</BucketCount>
        <IncludeOutOfRange>1</IncludeOutOfRange>
        <Approximate>0</Approximate>
        <HistCounts>2157|971|718|587|393|386|298|253|247|224|195|163|159|131|117|85|103|105|78|60|57|60|52|47|53|39|38|49|39|30|29|32|32|40|38|24|29|27|31|23|27|16|16|15|22|15|21|10|12|20|11|15|13|4|14|9|9|10|7|13|5|7|7|9|9|5|13|6|8|3|8|3|3|7|8|4|2|4|7|4|8|3|4|5|7|3|3|3|2|7|2|4|3|8|2|2|3|0|4|2|6|0|2|4|5|3|2|4|2|6|6|5|4|1|1|2|2|1|5|3|1|3|0|3|4|4|3|4|2|5|3|4|2|1|1|1|2|3|2|3|2|0|1|2|1|2|0|0|0|1|1|2|2|0|0|0|0|1|1|1|2|2|1|1|1|0|1|0|1|1|1|0|2|1|1|1|0|0|0|1|0|0|1|0|0|0|1|0|0|1|0|0|0|0|1|1|0|1|0|2|0|0|1|0|0|0|0|0|0|0|0|0|0|0|0|0|0|0|0|0|0|0|0|0|0|0|0|0|0|0|0|0|0|0|1|0|1|0|0|0|0|0|0|0|0|0|0|0|0|1|0|0|0|0|0|1</HistCounts>
      </HistItem>
    </Histograms>
    <Metadata>
      <MDI key="LAYER_TYPE">athematic</MDI>
      <MDI key="STATISTICS_COVARIANCES">0.004006343090723191</MDI>
      <MDI key="STATISTICS_EXCLUDEDVALUES"></MDI>
      <MDI key="STATISTICS_MAXIMUM">0.70725446939468</MDI>
      <MDI key="STATISTICS_MEAN">0.033704299807088</MDI>
      <MDI key="STATISTICS_MEDIAN">0</MDI>
      <MDI key="STATISTICS_MINIMUM">4.9299997044727e-005</MDI>
      <MDI key="STATISTICS_MODE">0</MDI>
      <MDI key="STATISTICS_SKIPFACTORX">1</MDI>
      <MDI key="STATISTICS_SKIPFACTORY">1</MDI>
      <MDI key="STATISTICS_STDDEV">0.063295679874089</MDI>
    </Metadata>
  </PAMRasterBand>
</PAMDataset>
