<PAMDataset>
  <PAMRasterBand band="1">
    <Description>Layer_1</Description>
    <Histograms>
      <HistItem>
        <HistMin>7.2499997259001e-006</HistMin>
        <HistMax>0.73734837770462</HistMax>
        <BucketCount>256</BucketCount>
        <IncludeOutOfRange>1</IncludeOutOfRange>
        <Approximate>0</Approximate>
        <HistCounts>2124|1048|831|666|450|354|289|206|169|158|132|149|111|107|103|76|82|61|76|58|75|74|63|56|41|32|37|34|30|41|29|27|27|24|26|24|24|21|24|21|17|24|12|27|19|13|21|22|22|18|19|20|16|15|18|13|15|15|11|15|17|7|12|15|15|10|12|8|10|7|13|15|16|10|5|4|8|9|5|8|10|6|4|6|4|5|5|2|1|3|5|6|7|1|1|4|4|2|6|3|4|2|2|0|3|1|5|2|0|3|3|2|5|3|3|3|1|1|1|2|2|4|1|0|5|3|0|0|3|2|3|7|3|2|0|3|2|4|1|0|1|1|1|1|2|1|2|2|2|1|2|4|3|2|4|3|4|0|4|1|2|1|4|1|2|1|1|1|6|2|2|2|0|2|0|0|1|2|1|6|1|2|2|1|1|2|1|1|1|4|1|1|3|0|2|1|0|0|0|3|1|0|1|0|0|1|1|1|1|0|0|0|0|0|0|1|0|0|1|0|0|0|0|1|0|1|1|0|1|1|1|0|1|0|0|0|0|0|0|0|0|1|0|0|0|0|0|0|0|0|0|0|0|1|0|1</HistCounts>
      </HistItem>
    </Histograms>
    <Metadata>
      <MDI key="LAYER_TYPE">athematic</MDI>
      <MDI key="STATISTICS_COVARIANCES">0.006517255444824933</MDI>
      <MDI key="STATISTICS_EXCLUDEDVALUES"></MDI>
      <MDI key="STATISTICS_MAXIMUM">0.73734837770462</MDI>
      <MDI key="STATISTICS_MEAN">0.040102224652803</MDI>
      <MDI key="STATISTICS_MEDIAN">0</MDI>
      <MDI key="STATISTICS_MINIMUM">7.2499997259001e-006</MDI>
      <MDI key="STATISTICS_MODE">0</MDI>
      <MDI key="STATISTICS_SKIPFACTORX">1</MDI>
      <MDI key="STATISTICS_SKIPFACTORY">1</MDI>
      <MDI key="STATISTICS_STDDEV">0.080729520281152</MDI>
    </Metadata>
  </PAMRasterBand>
</PAMDataset>
