<PAMDataset>
  <PAMRasterBand band="1">
    <Description>Layer_1</Description>
    <Histograms>
      <HistItem>
        <HistMin>8.1696503912099e-005</HistMin>
        <HistMax>0.57435411214828</HistMax>
        <BucketCount>256</BucketCount>
        <IncludeOutOfRange>1</IncludeOutOfRange>
        <Approximate>0</Approximate>
        <HistCounts>1068|969|712|437|361|349|264|247|228|225|188|132|134|138|125|123|116|115|114|116|98|93|94|92|88|73|64|66|82|76|68|53|62|41|49|67|55|42|42|41|49|40|36|33|39|35|27|48|24|35|40|31|41|29|27|22|23|28|22|27|22|19|15|19|15|16|12|9|13|14|14|13|8|7|10|12|9|13|9|6|8|6|5|10|6|11|6|2|8|10|9|9|5|7|10|5|4|4|6|3|11|5|4|1|5|7|1|6|6|8|5|10|2|3|6|0|4|8|2|9|3|3|6|2|4|2|4|5|3|7|3|3|3|0|3|2|2|4|3|3|4|4|1|5|0|4|1|5|2|3|2|3|4|3|3|0|1|3|3|1|0|3|3|2|2|2|2|0|1|4|3|0|1|1|1|4|0|3|0|0|1|0|1|2|1|2|0|1|0|0|2|0|2|3|0|0|0|2|0|0|1|4|1|1|0|3|0|0|0|0|0|0|0|0|0|0|0|1|1|0|1|0|0|0|0|0|1|0|0|0|0|0|0|0|0|0|0|0|0|0|0|0|0|0|0|0|0|0|1|0|0|0|0|0|0|1</HistCounts>
      </HistItem>
    </Histograms>
    <Metadata>
      <MDI key="LAYER_TYPE">athematic</MDI>
      <MDI key="STATISTICS_COVARIANCES">0.004408348405771777</MDI>
      <MDI key="STATISTICS_EXCLUDEDVALUES"></MDI>
      <MDI key="STATISTICS_MAXIMUM">0.57435411214828</MDI>
      <MDI key="STATISTICS_MEAN">0.044680974144499</MDI>
      <MDI key="STATISTICS_MEDIAN">0</MDI>
      <MDI key="STATISTICS_MINIMUM">8.1696503912099e-005</MDI>
      <MDI key="STATISTICS_MODE">0</MDI>
      <MDI key="STATISTICS_SKIPFACTORX">1</MDI>
      <MDI key="STATISTICS_SKIPFACTORY">1</MDI>
      <MDI key="STATISTICS_STDDEV">0.066395394462054</MDI>
    </Metadata>
  </PAMRasterBand>
</PAMDataset>
