<PAMDataset>
  <PAMRasterBand band="1">
    <Description>Layer_1</Description>
    <Histograms>
      <HistItem>
        <HistMin>1.0545567420195e-005</HistMin>
        <HistMax>0.41725492477417</HistMax>
        <BucketCount>256</BucketCount>
        <IncludeOutOfRange>1</IncludeOutOfRange>
        <Approximate>0</Approximate>
        <HistCounts>916|1012|862|657|502|452|381|264|219|209|142|140|109|120|96|104|102|99|62|86|82|66|73|67|57|66|59|56|48|64|60|67|57|52|47|38|48|32|39|36|34|40|36|33|39|38|24|29|27|28|29|23|19|26|27|25|28|19|22|23|22|22|19|15|21|10|15|22|18|11|8|21|19|11|12|10|11|11|7|10|13|12|4|9|8|6|9|6|8|4|6|5|9|6|4|3|3|5|3|3|5|8|1|2|2|4|5|2|3|4|3|3|1|2|3|0|3|0|7|6|2|3|1|5|0|0|2|6|3|4|1|3|3|2|1|1|3|5|2|1|4|2|2|0|3|1|1|1|1|2|2|1|0|2|3|0|4|2|0|1|2|0|1|1|1|1|0|2|0|2|2|0|3|0|1|1|0|2|0|0|2|2|0|0|1|1|2|1|0|0|0|2|0|0|0|2|1|0|1|1|0|0|0|1|1|1|0|2|1|0|1|3|2|0|0|1|0|1|0|0|0|0|0|0|0|0|0|0|0|0|0|1|1|1|0|0|1|0|1|0|0|0|0|0|0|0|0|0|0|0|0|0|0|0|1|0</HistCounts>
      </HistItem>
    </Histograms>
    <Metadata>
      <MDI key="LAYER_TYPE">athematic</MDI>
      <MDI key="STATISTICS_COVARIANCES">0.002038161746489972</MDI>
      <MDI key="STATISTICS_EXCLUDEDVALUES"></MDI>
      <MDI key="STATISTICS_MAXIMUM">0.41725492477417</MDI>
      <MDI key="STATISTICS_MEAN">0.028667583870061</MDI>
      <MDI key="STATISTICS_MEDIAN">0</MDI>
      <MDI key="STATISTICS_MINIMUM">1.0545567420195e-005</MDI>
      <MDI key="STATISTICS_MODE">0</MDI>
      <MDI key="STATISTICS_SKIPFACTORX">1</MDI>
      <MDI key="STATISTICS_SKIPFACTORY">1</MDI>
      <MDI key="STATISTICS_STDDEV">0.045146004767753</MDI>
    </Metadata>
  </PAMRasterBand>
</PAMDataset>
