<PAMDataset>
  <PAMRasterBand band="1">
    <Description>Layer_1</Description>
    <Histograms>
      <HistItem>
        <HistMin>3.1067418603925e-005</HistMin>
        <HistMax>0.48113715648651</HistMax>
        <BucketCount>256</BucketCount>
        <IncludeOutOfRange>1</IncludeOutOfRange>
        <Approximate>0</Approximate>
        <HistCounts>1239|970|649|470|385|316|250|238|193|201|183|164|155|171|151|165|116|108|114|117|104|105|94|90|72|78|65|65|59|60|45|50|49|55|49|52|46|48|40|35|31|30|30|35|36|29|38|35|22|39|28|24|27|22|30|20|21|18|18|25|22|16|20|11|12|13|11|6|9|7|13|10|9|5|8|13|11|9|6|8|8|11|4|5|8|7|4|12|5|8|5|5|4|7|9|6|7|7|7|6|7|3|4|6|4|4|3|4|7|2|2|3|2|5|3|4|2|6|2|4|6|4|3|5|3|6|4|3|1|3|2|5|3|3|5|4|1|1|3|8|3|3|1|2|6|7|3|4|5|7|1|7|4|3|3|3|0|4|1|1|4|2|2|0|2|3|4|1|2|1|4|2|0|1|1|1|1|1|1|2|1|4|2|5|1|5|1|1|0|1|3|0|2|3|0|1|1|0|1|2|0|0|0|1|0|2|2|0|0|0|0|0|1|0|1|1|0|1|1|0|2|0|0|1|3|0|0|1|0|0|1|0|0|0|0|0|0|0|0|0|0|0|0|0|0|1|1|0|1|0|0|0|0|0|0|1</HistCounts>
      </HistItem>
    </Histograms>
    <Metadata>
      <MDI key="LAYER_TYPE">athematic</MDI>
      <MDI key="STATISTICS_COVARIANCES">0.003444625259803621</MDI>
      <MDI key="STATISTICS_EXCLUDEDVALUES"></MDI>
      <MDI key="STATISTICS_MAXIMUM">0.48113715648651</MDI>
      <MDI key="STATISTICS_MEAN">0.036766925608257</MDI>
      <MDI key="STATISTICS_MEDIAN">0</MDI>
      <MDI key="STATISTICS_MINIMUM">3.1067418603925e-005</MDI>
      <MDI key="STATISTICS_MODE">0</MDI>
      <MDI key="STATISTICS_SKIPFACTORX">1</MDI>
      <MDI key="STATISTICS_SKIPFACTORY">1</MDI>
      <MDI key="STATISTICS_STDDEV">0.058690929961993</MDI>
    </Metadata>
  </PAMRasterBand>
</PAMDataset>
