<PAMDataset>
  <PAMRasterBand band="1">
    <Description>Layer_1</Description>
    <Histograms>
      <HistItem>
        <HistMin>4.1738014260773e-005</HistMin>
        <HistMax>0.84900784492493</HistMax>
        <BucketCount>256</BucketCount>
        <IncludeOutOfRange>1</IncludeOutOfRange>
        <Approximate>0</Approximate>
        <HistCounts>2674|931|613|489|357|293|224|193|210|142|154|146|132|124|98|87|74|70|75|65|62|62|47|67|47|58|52|55|32|49|46|42|37|21|43|39|47|35|28|33|20|31|33|15|19|27|29|19|16|14|19|9|14|19|17|14|10|15|11|15|8|14|16|9|10|14|13|6|3|6|8|4|6|3|7|7|5|3|7|4|3|4|2|3|7|2|4|1|3|5|5|4|6|2|4|5|4|5|0|6|1|2|5|1|3|0|3|3|4|2|6|1|5|1|3|1|1|1|1|2|2|4|1|2|4|2|4|4|3|1|1|0|2|2|2|2|0|1|3|0|2|0|2|4|3|7|1|2|1|0|1|2|1|2|2|1|1|2|1|1|1|2|6|2|1|1|1|1|1|3|0|1|2|3|2|1|2|3|0|1|0|2|1|2|2|2|0|1|1|0|0|1|2|0|0|2|0|0|1|2|0|1|2|1|0|0|0|0|0|0|0|0|0|1|0|0|1|1|0|0|0|1|0|0|0|0|0|1|1|1|1|0|0|0|0|0|0|0|0|1|0|0|0|1|0|0|0|0|0|0|0|0|0|0|1|0</HistCounts>
      </HistItem>
    </Histograms>
    <Metadata>
      <MDI key="LAYER_TYPE">athematic</MDI>
      <MDI key="STATISTICS_COVARIANCES">0.007637267776216554</MDI>
      <MDI key="STATISTICS_EXCLUDEDVALUES"></MDI>
      <MDI key="STATISTICS_MAXIMUM">0.84900784492493</MDI>
      <MDI key="STATISTICS_MEAN">0.044701190967142</MDI>
      <MDI key="STATISTICS_MEDIAN">0</MDI>
      <MDI key="STATISTICS_MINIMUM">4.1738014260773e-005</MDI>
      <MDI key="STATISTICS_MODE">0</MDI>
      <MDI key="STATISTICS_SKIPFACTORX">1</MDI>
      <MDI key="STATISTICS_SKIPFACTORY">1</MDI>
      <MDI key="STATISTICS_STDDEV">0.087391462833715</MDI>
    </Metadata>
  </PAMRasterBand>
</PAMDataset>
