<PAMDataset>
  <PAMRasterBand band="1">
    <Description>Layer_1</Description>
    <Histograms>
      <HistItem>
        <HistMin>6.0127622418804e-005</HistMin>
        <HistMax>0.9416019320488001</HistMax>
        <BucketCount>256</BucketCount>
        <IncludeOutOfRange>1</IncludeOutOfRange>
        <Approximate>0</Approximate>
        <HistCounts>1917|911|645|535|418|311|290|216|206|201|164|135|135|119|134|99|106|88|91|89|75|93|68|81|67|65|57|60|53|62|50|51|44|45|43|36|32|33|31|30|25|29|25|25|29|29|19|26|13|24|24|20|19|19|20|20|18|12|13|9|16|15|16|18|11|18|12|11|17|11|14|9|11|6|6|10|9|13|6|7|9|10|8|7|9|7|8|7|6|4|6|8|7|12|7|13|7|5|5|11|8|8|5|4|8|4|6|4|4|5|2|4|1|3|4|2|1|3|2|1|3|0|1|2|2|1|1|3|4|4|1|1|0|3|2|1|1|2|0|1|0|0|0|1|0|1|3|2|0|0|1|0|1|1|2|1|1|2|0|1|0|1|1|0|0|1|1|0|0|0|0|0|0|1|0|0|1|0|0|0|0|0|0|0|1|0|0|0|0|0|0|0|0|0|0|0|0|0|0|0|1|0|0|0|1|0|0|0|0|0|0|0|0|0|0|0|0|0|0|0|0|0|0|1|0|0|0|0|0|0|0|0|0|0|0|0|1|0|0|0|0|0|0|0|0|0|0|0|0|0|0|0|0|0|1|0</HistCounts>
      </HistItem>
    </Histograms>
    <Metadata>
      <MDI key="LAYER_TYPE">athematic</MDI>
      <MDI key="STATISTICS_COVARIANCES">0.007669131370199892</MDI>
      <MDI key="STATISTICS_EXCLUDEDVALUES"></MDI>
      <MDI key="STATISTICS_MAXIMUM">0.9416019320488</MDI>
      <MDI key="STATISTICS_MEAN">0.055088307329003</MDI>
      <MDI key="STATISTICS_MEDIAN">0</MDI>
      <MDI key="STATISTICS_MINIMUM">6.0127622418804e-005</MDI>
      <MDI key="STATISTICS_MODE">0</MDI>
      <MDI key="STATISTICS_SKIPFACTORX">1</MDI>
      <MDI key="STATISTICS_SKIPFACTORY">1</MDI>
      <MDI key="STATISTICS_STDDEV">0.087573576895088</MDI>
    </Metadata>
  </PAMRasterBand>
</PAMDataset>
