<PAMDataset>
  <PAMRasterBand band="1">
    <Description>Layer_1</Description>
    <Histograms>
      <HistItem>
        <HistMin>4.1691077058204e-005</HistMin>
        <HistMax>0.7154575586319</HistMax>
        <BucketCount>256</BucketCount>
        <IncludeOutOfRange>1</IncludeOutOfRange>
        <Approximate>0</Approximate>
        <HistCounts>1969|983|693|533|401|337|310|261|237|232|169|156|150|144|112|109|119|102|77|91|88|78|82|74|69|63|52|53|48|39|43|33|34|35|36|35|28|26|23|23|22|25|25|19|21|24|24|16|14|10|16|10|17|13|9|20|10|12|12|12|5|5|4|18|5|3|11|11|8|5|5|4|4|3|10|6|11|5|6|4|7|5|7|5|6|7|5|10|9|5|4|3|2|2|2|5|1|3|3|1|4|3|3|5|2|2|6|4|2|2|1|0|3|3|1|4|2|0|1|1|4|1|2|0|4|2|3|0|1|3|4|1|1|0|1|2|0|1|1|0|1|2|2|1|0|2|1|0|1|0|1|1|0|1|0|2|1|2|2|0|0|0|0|0|0|0|0|1|0|1|0|0|1|0|1|1|0|1|1|1|1|1|0|0|0|1|1|0|0|0|1|0|0|0|0|0|1|0|0|0|1|1|0|0|0|0|0|0|0|0|0|0|2|0|0|0|1|1|2|1|2|1|1|1|0|0|0|0|0|1|0|1|0|0|0|0|1|0|0|1|0|0|1|0|0|0|0|0|0|0|0|0|0|0|1|0</HistCounts>
      </HistItem>
    </Histograms>
    <Metadata>
      <MDI key="LAYER_TYPE">athematic</MDI>
      <MDI key="STATISTICS_COVARIANCES">0.004251773808409954</MDI>
      <MDI key="STATISTICS_EXCLUDEDVALUES"></MDI>
      <MDI key="STATISTICS_MAXIMUM">0.7154575586319</MDI>
      <MDI key="STATISTICS_MEAN">0.036426081165318</MDI>
      <MDI key="STATISTICS_MEDIAN">0</MDI>
      <MDI key="STATISTICS_MINIMUM">4.1691077058204e-005</MDI>
      <MDI key="STATISTICS_MODE">0</MDI>
      <MDI key="STATISTICS_SKIPFACTORX">1</MDI>
      <MDI key="STATISTICS_SKIPFACTORY">1</MDI>
      <MDI key="STATISTICS_STDDEV">0.065205627122281</MDI>
    </Metadata>
  </PAMRasterBand>
</PAMDataset>
