<PAMDataset>
  <PAMRasterBand band="1">
    <Description>Layer_1</Description>
    <Histograms>
      <HistItem>
        <HistMin>7.3450000854791e-006</HistMin>
        <HistMax>0.66303789615631</HistMax>
        <BucketCount>256</BucketCount>
        <IncludeOutOfRange>1</IncludeOutOfRange>
        <Approximate>0</Approximate>
        <HistCounts>1560|950|637|509|416|318|250|224|198|186|152|171|176|149|136|145|129|143|130|98|91|94|91|87|72|78|83|74|51|50|58|45|44|46|51|56|38|40|40|30|33|26|30|31|19|18|25|22|19|18|23|15|20|15|18|15|8|17|9|14|10|12|9|8|11|2|17|9|7|5|9|8|9|11|7|7|4|8|6|6|13|10|7|11|10|8|8|4|4|4|5|6|7|4|6|4|5|8|3|9|6|8|8|3|4|2|4|5|3|5|10|6|4|4|3|8|5|7|6|6|2|3|1|1|4|3|3|2|6|5|3|0|3|1|4|8|4|2|3|0|1|4|2|2|4|4|8|4|2|2|0|1|3|1|1|4|4|1|0|0|3|2|1|2|1|3|4|0|1|1|1|0|0|0|0|0|0|0|0|0|0|0|1|0|1|0|1|0|1|0|0|0|0|0|0|0|0|0|0|0|1|0|0|1|0|0|1|2|0|0|0|0|0|0|1|0|0|0|0|0|0|0|0|0|0|0|0|0|0|0|0|0|0|1|0|0|0|0|0|0|0|0|0|0|0|0|0|0|0|0|0|1|0|0|0|1</HistCounts>
      </HistItem>
    </Histograms>
    <Metadata>
      <MDI key="LAYER_TYPE">athematic</MDI>
      <MDI key="STATISTICS_COVARIANCES">0.004776913954123284</MDI>
      <MDI key="STATISTICS_EXCLUDEDVALUES"></MDI>
      <MDI key="STATISTICS_MAXIMUM">0.66303789615631</MDI>
      <MDI key="STATISTICS_MEAN">0.042996407563961</MDI>
      <MDI key="STATISTICS_MEDIAN">0</MDI>
      <MDI key="STATISTICS_MINIMUM">7.3450000854791e-006</MDI>
      <MDI key="STATISTICS_MODE">0</MDI>
      <MDI key="STATISTICS_SKIPFACTORX">1</MDI>
      <MDI key="STATISTICS_SKIPFACTORY">1</MDI>
      <MDI key="STATISTICS_STDDEV">0.069115222303942</MDI>
    </Metadata>
  </PAMRasterBand>
</PAMDataset>
