<PAMDataset>
  <PAMRasterBand band="1">
    <Description>Layer_1</Description>
    <Histograms>
      <HistItem>
        <HistMin>2.5120001737378e-005</HistMin>
        <HistMax>0.38810756802559</HistMax>
        <BucketCount>256</BucketCount>
        <IncludeOutOfRange>1</IncludeOutOfRange>
        <Approximate>0</Approximate>
        <HistCounts>781|888|792|586|443|381|296|231|243|223|180|168|129|129|117|126|104|89|84|88|88|64|79|77|74|80|74|79|56|60|61|78|62|65|67|51|52|59|38|25|62|43|45|40|36|42|37|30|34|34|33|38|25|28|25|32|18|38|19|17|25|22|22|23|18|23|13|16|13|12|19|13|17|20|13|10|12|8|14|16|13|17|9|8|13|7|9|6|6|8|8|5|7|13|8|8|9|5|5|8|2|7|9|8|6|7|5|2|6|5|3|6|0|2|6|7|3|5|5|2|6|5|3|4|5|3|5|5|4|7|4|4|1|5|4|5|4|4|3|2|3|1|2|3|2|2|2|3|1|0|2|4|2|0|2|2|0|3|2|0|3|2|2|3|2|0|1|4|3|1|2|3|0|1|2|3|1|1|0|1|0|1|0|1|2|1|0|1|4|1|3|1|1|0|0|0|3|0|1|1|0|2|0|0|1|0|0|1|0|1|0|0|2|0|0|0|0|1|1|0|1|1|2|0|1|1|0|0|0|1|0|0|1|0|0|1|0|2|0|0|0|0|0|0|0|0|0|0|1|0|0|0|0|0|1|0</HistCounts>
      </HistItem>
    </Histograms>
    <Metadata>
      <MDI key="LAYER_TYPE">athematic</MDI>
      <MDI key="STATISTICS_COVARIANCES">0.002191808944078998</MDI>
      <MDI key="STATISTICS_EXCLUDEDVALUES"></MDI>
      <MDI key="STATISTICS_MAXIMUM">0.38810756802559</MDI>
      <MDI key="STATISTICS_MEAN">0.031794994758147</MDI>
      <MDI key="STATISTICS_MEDIAN">0</MDI>
      <MDI key="STATISTICS_MINIMUM">2.5120001737378e-005</MDI>
      <MDI key="STATISTICS_MODE">0</MDI>
      <MDI key="STATISTICS_SKIPFACTORX">1</MDI>
      <MDI key="STATISTICS_SKIPFACTORY">1</MDI>
      <MDI key="STATISTICS_STDDEV">0.046816759222302</MDI>
    </Metadata>
  </PAMRasterBand>
</PAMDataset>
