<PAMDataset>
  <PAMRasterBand band="1">
    <Description>Layer_1</Description>
    <Histograms>
      <HistItem>
        <HistMin>1.308638456976e-005</HistMin>
        <HistMax>0.76481431722641</HistMax>
        <BucketCount>256</BucketCount>
        <IncludeOutOfRange>1</IncludeOutOfRange>
        <Approximate>0</Approximate>
        <HistCounts>1822|896|678|495|357|318|294|262|209|192|176|171|139|130|111|101|90|83|88|84|73|94|62|65|54|68|58|55|46|54|60|47|45|43|37|35|41|32|36|34|33|35|36|32|25|28|19|21|25|25|20|18|21|12|21|18|21|27|25|10|15|14|15|14|22|13|10|15|16|17|9|9|12|7|11|13|9|10|10|8|8|7|4|8|7|6|11|7|6|4|8|6|12|3|5|6|4|11|3|5|7|6|3|2|6|5|6|1|3|4|4|2|6|6|5|0|4|4|4|2|3|3|0|5|4|2|2|3|0|3|4|4|3|2|3|5|1|2|3|3|3|4|1|3|4|4|0|3|5|6|1|0|2|0|1|1|0|2|3|1|3|1|1|1|2|2|2|3|0|2|1|1|1|1|1|2|0|2|0|0|1|1|0|0|0|1|1|1|0|1|1|3|1|1|2|1|1|1|0|2|1|0|3|1|0|0|1|0|1|1|0|0|0|1|0|0|2|1|1|0|0|0|1|1|1|0|0|1|0|0|1|0|1|1|1|0|1|0|2|0|0|0|0|0|0|1|0|0|0|0|0|0|0|0|1|0</HistCounts>
      </HistItem>
    </Histograms>
    <Metadata>
      <MDI key="LAYER_TYPE">athematic</MDI>
      <MDI key="STATISTICS_COVARIANCES">0.00774057977988634</MDI>
      <MDI key="STATISTICS_EXCLUDEDVALUES"></MDI>
      <MDI key="STATISTICS_MAXIMUM">0.76481431722641</MDI>
      <MDI key="STATISTICS_MEAN">0.051166430892708</MDI>
      <MDI key="STATISTICS_MEDIAN">0</MDI>
      <MDI key="STATISTICS_MINIMUM">1.308638456976e-005</MDI>
      <MDI key="STATISTICS_MODE">0</MDI>
      <MDI key="STATISTICS_SKIPFACTORX">1</MDI>
      <MDI key="STATISTICS_SKIPFACTORY">1</MDI>
      <MDI key="STATISTICS_STDDEV">0.087980564784993</MDI>
    </Metadata>
  </PAMRasterBand>
</PAMDataset>
