<PAMDataset>
  <PAMRasterBand band="1">
    <Description>Layer_1</Description>
    <Histograms>
      <HistItem>
        <HistMin>2.0740000763908e-005</HistMin>
        <HistMax>0.65483617782593</HistMax>
        <BucketCount>256</BucketCount>
        <IncludeOutOfRange>1</IncludeOutOfRange>
        <Approximate>0</Approximate>
        <HistCounts>1743|974|634|476|349|299|228|208|213|182|143|150|112|123|110|105|93|90|88|68|78|74|64|76|44|55|54|57|48|40|53|43|30|42|50|38|38|31|32|29|43|34|34|34|32|16|30|22|25|23|29|23|27|28|21|24|26|23|20|21|18|14|20|17|17|13|12|15|20|18|21|13|19|19|16|16|12|12|14|15|13|8|18|10|8|7|10|13|7|6|5|17|10|10|7|10|10|2|8|16|11|16|10|11|8|11|12|5|9|9|10|6|8|5|5|9|7|2|4|7|2|2|5|8|3|5|3|8|3|6|7|3|4|3|0|4|8|3|6|3|3|9|5|3|3|5|1|4|1|3|0|3|3|3|2|0|4|2|1|1|4|1|5|0|0|2|1|1|1|3|3|6|2|1|1|1|2|3|1|3|3|6|3|3|1|1|1|4|2|1|1|2|2|1|1|1|0|0|1|3|0|1|2|0|2|3|2|0|1|0|1|2|0|1|1|2|1|1|1|2|0|1|0|2|0|0|0|1|0|0|1|1|2|0|0|0|0|0|1|0|0|0|1|0|1|0|1|0|0|0|0|1|0|0|1|0</HistCounts>
      </HistItem>
    </Histograms>
    <Metadata>
      <MDI key="LAYER_TYPE">athematic</MDI>
      <MDI key="STATISTICS_COVARIANCES">0.007958683119134483</MDI>
      <MDI key="STATISTICS_EXCLUDEDVALUES"></MDI>
      <MDI key="STATISTICS_MAXIMUM">0.65483617782593</MDI>
      <MDI key="STATISTICS_MEAN">0.053516152793415</MDI>
      <MDI key="STATISTICS_MEDIAN">0</MDI>
      <MDI key="STATISTICS_MINIMUM">2.0740000763908e-005</MDI>
      <MDI key="STATISTICS_MODE">0</MDI>
      <MDI key="STATISTICS_SKIPFACTORX">1</MDI>
      <MDI key="STATISTICS_SKIPFACTORY">1</MDI>
      <MDI key="STATISTICS_STDDEV">0.089211451726415</MDI>
    </Metadata>
  </PAMRasterBand>
</PAMDataset>
