<PAMDataset>
  <PAMRasterBand band="1">
    <Description>Layer_1</Description>
    <Histograms>
      <HistItem>
        <HistMin>1.3219999345893e-005</HistMin>
        <HistMax>0.81052702665329</HistMax>
        <BucketCount>256</BucketCount>
        <IncludeOutOfRange>1</IncludeOutOfRange>
        <Approximate>0</Approximate>
        <HistCounts>2032|990|572|460|380|346|240|215|212|189|146|142|138|105|111|123|91|96|77|77|66|72|64|55|57|66|56|57|52|60|46|59|57|58|60|48|44|44|55|39|23|33|23|27|34|19|25|32|26|16|20|22|23|18|19|12|20|15|21|20|15|20|10|17|7|10|13|11|9|4|15|8|9|9|14|7|7|3|4|4|5|7|9|6|6|8|4|5|6|6|4|4|5|6|8|5|2|8|3|4|2|1|6|4|5|3|3|4|4|5|2|6|3|7|1|2|1|1|3|4|4|4|3|1|4|2|2|2|3|2|6|1|3|1|4|3|3|3|2|3|1|3|2|1|4|3|2|4|1|3|3|3|1|0|1|3|2|0|0|2|1|0|1|1|2|2|1|2|1|1|2|1|1|1|0|2|3|0|0|1|1|1|0|0|0|1|0|1|1|2|1|0|0|2|1|0|0|2|1|2|1|1|2|1|1|1|0|0|2|0|1|0|1|1|0|0|1|0|0|1|0|0|0|2|1|0|1|0|0|0|1|1|0|0|0|0|0|0|0|0|0|0|0|0|0|0|0|0|0|1|0|0|0|2|1|0</HistCounts>
      </HistItem>
    </Histograms>
    <Metadata>
      <MDI key="LAYER_TYPE">athematic</MDI>
      <MDI key="STATISTICS_COVARIANCES">0.007962164784473619</MDI>
      <MDI key="STATISTICS_EXCLUDEDVALUES"></MDI>
      <MDI key="STATISTICS_MAXIMUM">0.81052702665329</MDI>
      <MDI key="STATISTICS_MEAN">0.051223283828143</MDI>
      <MDI key="STATISTICS_MEDIAN">0</MDI>
      <MDI key="STATISTICS_MINIMUM">1.3219999345893e-005</MDI>
      <MDI key="STATISTICS_MODE">0</MDI>
      <MDI key="STATISTICS_SKIPFACTORX">1</MDI>
      <MDI key="STATISTICS_SKIPFACTORY">1</MDI>
      <MDI key="STATISTICS_STDDEV">0.089230963148862</MDI>
    </Metadata>
  </PAMRasterBand>
</PAMDataset>
