<PAMDataset>
  <PAMRasterBand band="1">
    <Description>Layer_1</Description>
    <Histograms>
      <HistItem>
        <HistMin>6.8885383370798e-005</HistMin>
        <HistMax>0.65397316217422</HistMax>
        <BucketCount>256</BucketCount>
        <IncludeOutOfRange>1</IncludeOutOfRange>
        <Approximate>0</Approximate>
        <HistCounts>1672|972|601|464|387|335|251|212|181|198|187|165|154|169|151|137|129|124|118|106|109|94|76|89|80|73|71|74|58|58|50|41|34|42|39|39|38|39|50|40|32|29|30|21|22|20|24|19|18|22|23|20|21|14|21|5|12|14|12|8|5|15|7|10|8|7|9|8|12|8|14|4|12|4|9|10|9|9|8|6|9|6|7|9|9|6|6|6|5|6|4|8|4|5|5|9|1|4|5|7|5|7|3|3|2|5|8|6|4|4|5|4|5|5|9|6|4|4|3|7|7|1|1|4|2|2|3|8|5|3|3|1|1|5|5|0|7|3|4|2|4|1|3|3|5|1|3|4|3|5|4|2|2|6|0|0|2|3|1|2|2|1|1|1|1|2|1|0|0|0|4|0|0|1|1|0|0|1|0|0|0|0|0|0|0|0|2|0|0|1|0|0|0|0|0|0|0|0|0|0|1|0|1|1|0|1|0|1|0|0|0|0|0|0|0|0|0|0|0|0|1|0|0|0|0|0|0|0|0|0|0|0|0|0|0|0|1|0|0|0|0|0|0|0|0|0|0|0|0|0|0|0|0|1|0|1</HistCounts>
      </HistItem>
    </Histograms>
    <Metadata>
      <MDI key="LAYER_TYPE">athematic</MDI>
      <MDI key="STATISTICS_COVARIANCES">0.004678200591618892</MDI>
      <MDI key="STATISTICS_EXCLUDEDVALUES"></MDI>
      <MDI key="STATISTICS_MAXIMUM">0.65397316217422</MDI>
      <MDI key="STATISTICS_MEAN">0.04200891848955</MDI>
      <MDI key="STATISTICS_MEDIAN">0</MDI>
      <MDI key="STATISTICS_MINIMUM">6.8885383370798e-005</MDI>
      <MDI key="STATISTICS_MODE">0</MDI>
      <MDI key="STATISTICS_SKIPFACTORX">1</MDI>
      <MDI key="STATISTICS_SKIPFACTORY">1</MDI>
      <MDI key="STATISTICS_STDDEV">0.068397372695294</MDI>
    </Metadata>
  </PAMRasterBand>
</PAMDataset>
