<PAMDataset>
  <PAMRasterBand band="1">
    <Description>Layer_1</Description>
    <Histograms>
      <HistItem>
        <HistMin>3.3349482691847e-005</HistMin>
        <HistMax>0.51913177967072</HistMax>
        <BucketCount>256</BucketCount>
        <IncludeOutOfRange>1</IncludeOutOfRange>
        <Approximate>0</Approximate>
        <HistCounts>1344|892|650|458|346|305|280|262|220|228|206|182|160|141|131|132|92|96|91|84|77|90|85|83|63|71|62|70|67|52|70|43|56|66|56|57|60|58|54|50|54|37|51|28|32|30|27|37|28|30|35|33|26|23|25|33|28|15|20|19|25|17|15|18|22|12|15|15|12|6|17|13|20|10|7|8|6|11|4|13|10|10|10|6|8|10|9|2|8|9|4|5|5|5|5|8|3|2|2|5|3|4|9|5|6|10|8|4|4|6|1|1|4|4|0|5|2|3|3|2|6|5|2|3|1|3|4|3|6|1|3|4|2|1|0|3|2|1|1|1|1|3|1|4|1|1|0|2|2|1|2|3|3|1|1|1|4|3|2|3|1|3|3|0|1|1|0|1|0|2|1|1|1|0|0|1|0|2|1|1|2|1|0|1|2|1|4|1|1|0|0|2|1|0|3|0|0|1|0|1|1|1|0|0|3|0|1|1|0|0|1|0|1|0|0|3|0|0|4|0|1|0|1|2|0|0|0|0|0|2|1|0|0|0|0|0|0|0|0|0|0|0|1|1|0|0|0|0|0|0|0|1|0|1|1|0</HistCounts>
      </HistItem>
    </Histograms>
    <Metadata>
      <MDI key="LAYER_TYPE">athematic</MDI>
      <MDI key="STATISTICS_COVARIANCES">0.003512910727230356</MDI>
      <MDI key="STATISTICS_EXCLUDEDVALUES"></MDI>
      <MDI key="STATISTICS_MAXIMUM">0.51913177967072</MDI>
      <MDI key="STATISTICS_MEAN">0.038430165765567</MDI>
      <MDI key="STATISTICS_MEDIAN">0</MDI>
      <MDI key="STATISTICS_MINIMUM">3.3349482691847e-005</MDI>
      <MDI key="STATISTICS_MODE">0</MDI>
      <MDI key="STATISTICS_SKIPFACTORX">1</MDI>
      <MDI key="STATISTICS_SKIPFACTORY">1</MDI>
      <MDI key="STATISTICS_STDDEV">0.059269812950864</MDI>
    </Metadata>
  </PAMRasterBand>
</PAMDataset>
