<PAMDataset>
  <PAMRasterBand band="1">
    <Description>Layer_1</Description>
    <Histograms>
      <HistItem>
        <HistMin>2.5930670744856e-005</HistMin>
        <HistMax>0.59075194597244</HistMax>
        <BucketCount>256</BucketCount>
        <IncludeOutOfRange>1</IncludeOutOfRange>
        <Approximate>0</Approximate>
        <HistCounts>1697|850|593|537|428|268|231|226|233|173|203|192|156|170|129|156|131|107|107|106|83|84|81|72|73|77|68|59|55|43|49|38|46|54|35|35|33|36|42|31|34|20|46|42|31|30|22|17|17|23|26|13|16|16|25|21|21|19|12|14|16|5|19|11|6|14|15|12|3|5|10|6|10|6|8|7|9|7|9|7|6|7|7|12|2|8|5|10|7|8|4|4|5|6|10|3|3|6|4|5|4|4|2|5|1|4|3|4|6|1|5|3|5|5|3|3|6|4|3|6|5|3|2|4|4|3|5|3|6|3|6|2|6|7|4|4|0|6|1|3|0|3|5|3|6|3|7|1|3|1|5|3|4|8|3|2|3|4|6|4|1|6|3|1|4|3|2|0|0|1|2|0|0|0|2|1|1|1|1|0|0|1|2|0|1|0|1|0|0|1|0|0|1|0|1|0|1|1|0|1|1|0|0|1|1|0|1|0|0|0|1|0|0|0|0|0|0|0|0|0|0|0|0|0|0|0|1|0|0|0|0|1|0|0|0|0|0|0|0|0|0|0|0|1|0|0|0|0|0|0|0|1|0|0|0|1</HistCounts>
      </HistItem>
    </Histograms>
    <Metadata>
      <MDI key="LAYER_TYPE">athematic</MDI>
      <MDI key="STATISTICS_COVARIANCES">0.004419842861934428</MDI>
      <MDI key="STATISTICS_EXCLUDEDVALUES"></MDI>
      <MDI key="STATISTICS_MAXIMUM">0.59075194597244</MDI>
      <MDI key="STATISTICS_MEAN">0.039956738152147</MDI>
      <MDI key="STATISTICS_MEDIAN">0</MDI>
      <MDI key="STATISTICS_MINIMUM">2.5930670744856e-005</MDI>
      <MDI key="STATISTICS_MODE">0</MDI>
      <MDI key="STATISTICS_SKIPFACTORX">1</MDI>
      <MDI key="STATISTICS_SKIPFACTORY">1</MDI>
      <MDI key="STATISTICS_STDDEV">0.06648189875398</MDI>
    </Metadata>
  </PAMRasterBand>
</PAMDataset>
