<PAMDataset>
  <PAMRasterBand band="1">
    <Description>Layer_1</Description>
    <Histograms>
      <HistItem>
        <HistMin>3.9073442167137e-005</HistMin>
        <HistMax>0.43096703290939</HistMax>
        <BucketCount>256</BucketCount>
        <IncludeOutOfRange>1</IncludeOutOfRange>
        <Approximate>0</Approximate>
        <HistCounts>786|1039|914|635|413|329|264|291|224|159|150|162|140|115|109|115|103|96|87|90|91|86|83|74|74|69|66|73|72|55|69|63|57|54|47|65|44|46|50|58|45|44|41|29|44|46|34|36|35|29|34|20|41|22|22|16|24|24|32|21|27|22|20|20|13|31|14|9|9|12|17|9|12|11|11|16|19|9|12|15|8|9|10|11|7|6|8|10|10|5|8|4|9|4|8|13|5|8|5|2|4|1|3|5|2|5|2|0|3|7|5|3|0|2|5|7|4|3|2|1|5|1|1|0|7|2|2|1|2|0|2|4|4|1|1|1|3|2|2|1|2|4|4|0|3|0|2|0|2|2|2|3|1|3|0|2|1|3|0|2|1|3|0|1|0|0|0|1|4|0|3|1|1|2|2|1|1|0|1|0|1|2|1|2|1|2|0|2|5|1|3|2|0|0|1|1|1|1|3|0|2|0|0|0|2|0|1|0|0|2|2|0|0|0|3|0|0|2|0|0|2|1|1|1|0|1|0|0|0|0|1|0|1|0|0|0|0|1|0|1|0|0|0|0|0|0|2|0|0|0|1|2|0|0|0|1</HistCounts>
      </HistItem>
    </Histograms>
    <Metadata>
      <MDI key="LAYER_TYPE">athematic</MDI>
      <MDI key="STATISTICS_COVARIANCES">0.002529064783265699</MDI>
      <MDI key="STATISTICS_EXCLUDEDVALUES"></MDI>
      <MDI key="STATISTICS_MAXIMUM">0.43096703290939</MDI>
      <MDI key="STATISTICS_MEAN">0.032791660485185</MDI>
      <MDI key="STATISTICS_MEDIAN">0</MDI>
      <MDI key="STATISTICS_MINIMUM">3.9073442167137e-005</MDI>
      <MDI key="STATISTICS_MODE">0</MDI>
      <MDI key="STATISTICS_SKIPFACTORX">1</MDI>
      <MDI key="STATISTICS_SKIPFACTORY">1</MDI>
      <MDI key="STATISTICS_STDDEV">0.0502898079462</MDI>
    </Metadata>
  </PAMRasterBand>
</PAMDataset>
