<PAMDataset>
  <PAMRasterBand band="1">
    <Description>Layer_1</Description>
    <Histograms>
      <HistItem>
        <HistMin>1.9884999346687e-005</HistMin>
        <HistMax>0.6722038984298701</HistMax>
        <BucketCount>256</BucketCount>
        <IncludeOutOfRange>1</IncludeOutOfRange>
        <Approximate>0</Approximate>
        <HistCounts>1408|1022|684|522|447|366|312|289|232|213|167|137|122|96|115|95|89|97|68|82|73|76|69|72|48|64|49|53|53|47|54|37|38|47|44|36|31|36|43|33|30|33|25|36|30|30|37|30|29|21|21|30|21|23|24|22|16|22|21|15|23|15|14|16|15|11|16|8|13|15|17|7|8|9|20|14|9|11|13|11|9|15|6|8|5|9|13|10|11|7|10|10|1|13|8|11|5|8|3|9|6|7|3|6|9|5|3|2|5|4|4|11|5|5|4|5|2|3|4|6|3|2|6|4|3|6|7|6|3|0|4|1|3|5|1|2|4|1|5|2|2|4|4|2|3|3|2|3|1|3|6|0|0|3|2|1|2|2|1|0|3|2|1|3|3|3|1|2|2|2|2|6|3|1|3|4|1|2|1|0|1|1|4|0|1|2|1|2|0|1|1|1|0|1|1|2|0|0|1|1|1|2|1|1|0|0|1|1|1|0|0|2|1|1|0|1|0|1|0|2|1|1|2|0|0|1|0|0|1|2|1|1|0|0|0|1|0|1|2|2|0|1|0|0|0|1|0|1|1|1|3|0|1|0|0|1</HistCounts>
      </HistItem>
    </Histograms>
    <Metadata>
      <MDI key="LAYER_TYPE">athematic</MDI>
      <MDI key="STATISTICS_COVARIANCES">0.007388284959472104</MDI>
      <MDI key="STATISTICS_EXCLUDEDVALUES"></MDI>
      <MDI key="STATISTICS_MAXIMUM">0.67220389842987</MDI>
      <MDI key="STATISTICS_MEAN">0.050153381143613</MDI>
      <MDI key="STATISTICS_MEDIAN">0</MDI>
      <MDI key="STATISTICS_MINIMUM">1.9884999346687e-005</MDI>
      <MDI key="STATISTICS_MODE">0</MDI>
      <MDI key="STATISTICS_SKIPFACTORX">1</MDI>
      <MDI key="STATISTICS_SKIPFACTORY">1</MDI>
      <MDI key="STATISTICS_STDDEV">0.085955133409658</MDI>
    </Metadata>
  </PAMRasterBand>
</PAMDataset>
