<PAMDataset>
  <PAMRasterBand band="1">
    <Description>Layer_1</Description>
    <Histograms>
      <HistItem>
        <HistMin>3.879999894707e-006</HistMin>
        <HistMax>0.44659540057182</HistMax>
        <BucketCount>256</BucketCount>
        <IncludeOutOfRange>1</IncludeOutOfRange>
        <Approximate>0</Approximate>
        <HistCounts>1107|875|562|500|380|328|284|241|215|205|186|140|157|159|132|117|94|92|81|86|79|71|79|72|68|73|68|67|68|69|59|72|55|56|41|55|52|46|68|39|48|37|45|46|38|51|36|39|38|45|38|43|52|32|38|25|39|29|34|28|29|26|23|23|28|25|20|19|23|14|17|17|13|17|14|15|16|10|15|11|11|6|10|12|8|13|8|9|8|3|6|10|9|6|5|9|11|10|10|4|5|4|5|6|3|7|10|7|7|10|4|6|2|4|6|2|7|6|4|8|3|4|3|4|2|4|2|3|5|4|4|7|6|4|2|3|4|3|1|1|3|1|0|4|2|2|3|3|3|2|3|1|1|1|2|2|2|0|2|5|1|0|0|0|1|7|3|2|2|3|4|2|1|3|2|2|1|1|0|2|1|0|0|2|2|2|0|3|2|0|2|1|2|2|0|1|2|0|3|1|2|1|0|1|0|1|3|0|2|1|1|1|1|3|1|1|0|0|1|0|0|1|1|0|0|1|0|0|0|1|0|0|0|0|0|0|1|0|0|0|0|0|0|0|0|1|0|0|1|0|0|0|0|0|0|1</HistCounts>
      </HistItem>
    </Histograms>
    <Metadata>
      <MDI key="LAYER_TYPE">athematic</MDI>
      <MDI key="STATISTICS_COVARIANCES">0.00313813091199544</MDI>
      <MDI key="STATISTICS_EXCLUDEDVALUES"></MDI>
      <MDI key="STATISTICS_MAXIMUM">0.44659540057182</MDI>
      <MDI key="STATISTICS_MEAN">0.038560645332623</MDI>
      <MDI key="STATISTICS_MEDIAN">0</MDI>
      <MDI key="STATISTICS_MINIMUM">3.879999894707e-006</MDI>
      <MDI key="STATISTICS_MODE">0</MDI>
      <MDI key="STATISTICS_SKIPFACTORX">1</MDI>
      <MDI key="STATISTICS_SKIPFACTORY">1</MDI>
      <MDI key="STATISTICS_STDDEV">0.056019022769015</MDI>
    </Metadata>
  </PAMRasterBand>
</PAMDataset>
