<PAMDataset>
  <PAMRasterBand band="1">
    <Description>Layer_1</Description>
    <Histograms>
      <HistItem>
        <HistMin>5.0775823183358e-005</HistMin>
        <HistMax>0.45420876145363</HistMax>
        <BucketCount>256</BucketCount>
        <IncludeOutOfRange>1</IncludeOutOfRange>
        <Approximate>0</Approximate>
        <HistCounts>1008|1010|891|725|530|441|344|267|217|176|153|119|143|118|112|115|93|85|99|70|73|79|66|59|69|76|61|67|53|34|49|36|46|52|35|45|34|37|50|48|33|29|31|23|30|37|26|28|26|29|29|24|22|28|19|22|16|26|17|23|12|18|21|20|7|13|9|20|14|19|12|14|9|12|7|9|10|15|9|7|7|6|11|7|4|6|10|3|4|4|3|4|7|3|1|5|3|3|4|6|1|6|4|6|2|3|4|3|4|1|1|3|2|3|1|4|4|3|3|0|4|0|2|4|3|2|4|0|3|4|2|1|4|0|2|0|1|0|1|2|2|1|4|1|5|0|1|1|1|0|1|2|1|4|1|0|3|0|1|0|0|1|1|0|1|2|0|2|0|0|2|0|0|1|1|0|0|0|2|0|1|1|0|1|0|1|2|1|0|0|2|1|2|0|0|1|3|1|0|2|0|0|0|1|0|0|0|0|0|1|1|2|0|0|1|1|1|1|0|0|0|0|0|1|0|0|1|0|0|1|1|0|0|0|0|0|2|1|0|0|0|0|0|0|0|0|0|1|0|0|0|0|0|0|1|0</HistCounts>
      </HistItem>
    </Histograms>
    <Metadata>
      <MDI key="LAYER_TYPE">athematic</MDI>
      <MDI key="STATISTICS_COVARIANCES">0.002214543535346628</MDI>
      <MDI key="STATISTICS_EXCLUDEDVALUES"></MDI>
      <MDI key="STATISTICS_MAXIMUM">0.45420876145363</MDI>
      <MDI key="STATISTICS_MEAN">0.029011878385486</MDI>
      <MDI key="STATISTICS_MEDIAN">0</MDI>
      <MDI key="STATISTICS_MINIMUM">5.0775823183358e-005</MDI>
      <MDI key="STATISTICS_MODE">0</MDI>
      <MDI key="STATISTICS_SKIPFACTORX">1</MDI>
      <MDI key="STATISTICS_SKIPFACTORY">1</MDI>
      <MDI key="STATISTICS_STDDEV">0.047058936827627</MDI>
    </Metadata>
  </PAMRasterBand>
</PAMDataset>
