<PAMDataset>
  <PAMRasterBand band="1">
    <Description>Layer_1</Description>
    <Histograms>
      <HistItem>
        <HistMin>2.6099998649443e-005</HistMin>
        <HistMax>0.65426397323608</HistMax>
        <BucketCount>256</BucketCount>
        <IncludeOutOfRange>1</IncludeOutOfRange>
        <Approximate>0</Approximate>
        <HistCounts>1562|941|565|513|388|321|315|224|202|205|175|176|153|156|135|149|135|126|123|109|88|78|114|72|68|83|77|63|64|65|56|43|44|45|35|44|35|36|29|26|34|22|33|29|22|26|34|22|28|21|21|18|19|17|30|26|12|9|11|14|12|7|10|5|17|10|9|12|11|15|9|5|9|5|9|4|12|4|12|10|7|6|8|12|2|5|10|8|4|5|6|5|6|3|8|6|4|10|3|9|2|5|3|6|4|4|7|5|2|2|5|5|3|11|11|4|3|4|4|3|4|4|5|8|1|4|3|1|1|8|2|4|0|0|2|3|0|2|2|3|5|3|2|2|3|3|4|4|3|4|1|3|4|3|1|1|2|1|1|1|2|3|4|0|3|1|1|2|0|1|2|0|1|1|1|1|0|0|0|0|0|0|1|0|0|0|1|0|0|1|0|0|1|1|0|0|0|0|0|0|0|0|0|0|1|0|0|1|0|0|1|0|1|0|0|1|0|0|0|0|0|0|0|0|0|0|0|0|0|1|0|0|0|0|0|0|0|0|0|0|0|0|0|0|0|0|0|1|0|0|0|0|0|0|0|1</HistCounts>
      </HistItem>
    </Histograms>
    <Metadata>
      <MDI key="LAYER_TYPE">athematic</MDI>
      <MDI key="STATISTICS_COVARIANCES">0.004696567078530442</MDI>
      <MDI key="STATISTICS_EXCLUDEDVALUES"></MDI>
      <MDI key="STATISTICS_MAXIMUM">0.65426397323608</MDI>
      <MDI key="STATISTICS_MEAN">0.042888303992587</MDI>
      <MDI key="STATISTICS_MEDIAN">0</MDI>
      <MDI key="STATISTICS_MINIMUM">2.6099998649443e-005</MDI>
      <MDI key="STATISTICS_MODE">0</MDI>
      <MDI key="STATISTICS_SKIPFACTORX">1</MDI>
      <MDI key="STATISTICS_SKIPFACTORY">1</MDI>
      <MDI key="STATISTICS_STDDEV">0.068531504277452</MDI>
    </Metadata>
  </PAMRasterBand>
</PAMDataset>
