<PAMDataset>
  <PAMRasterBand band="1">
    <Description>Layer_1</Description>
    <Histograms>
      <HistItem>
        <HistMin>1.1649999578367e-006</HistMin>
        <HistMax>0.62781590223312</HistMax>
        <BucketCount>256</BucketCount>
        <IncludeOutOfRange>1</IncludeOutOfRange>
        <Approximate>0</Approximate>
        <HistCounts>1534|1101|672|456|338|270|278|244|219|192|162|139|109|119|114|93|82|85|73|69|88|80|58|57|66|62|54|53|48|49|46|40|41|43|30|51|36|42|38|34|29|28|33|35|29|36|32|26|22|27|20|25|21|27|23|24|17|15|21|16|24|26|14|15|23|22|14|27|16|16|10|17|20|21|10|19|8|10|13|11|11|6|10|14|11|9|14|10|8|13|5|9|10|3|13|7|13|12|9|5|10|5|10|11|7|10|7|6|6|5|6|8|7|5|7|8|9|4|4|6|9|7|5|4|7|5|3|5|7|6|3|5|2|7|9|4|3|5|0|4|7|2|3|8|0|1|3|1|4|4|4|4|3|3|5|2|0|3|1|5|6|7|2|2|1|0|6|1|2|1|1|3|2|3|2|2|1|3|1|3|2|1|1|4|0|1|2|2|1|0|1|3|6|0|0|4|0|2|1|2|0|3|0|2|0|0|1|1|1|0|0|4|3|1|2|2|1|0|1|1|0|0|0|1|1|0|1|1|1|1|0|0|1|2|2|3|0|2|0|2|1|1|0|0|1|0|1|0|0|0|0|1|0|3|2|1</HistCounts>
      </HistItem>
    </Histograms>
    <Metadata>
      <MDI key="LAYER_TYPE">athematic</MDI>
      <MDI key="STATISTICS_COVARIANCES">0.007915862094371645</MDI>
      <MDI key="STATISTICS_EXCLUDEDVALUES"></MDI>
      <MDI key="STATISTICS_MAXIMUM">0.62781590223312</MDI>
      <MDI key="STATISTICS_MEAN">0.052662420099639</MDI>
      <MDI key="STATISTICS_MEDIAN">0</MDI>
      <MDI key="STATISTICS_MINIMUM">1.1649999578367e-006</MDI>
      <MDI key="STATISTICS_MODE">0</MDI>
      <MDI key="STATISTICS_SKIPFACTORX">1</MDI>
      <MDI key="STATISTICS_SKIPFACTORY">1</MDI>
      <MDI key="STATISTICS_STDDEV">0.088971130679404</MDI>
    </Metadata>
  </PAMRasterBand>
</PAMDataset>
