<PAMDataset>
  <PAMRasterBand band="1">
    <Description>Layer_1</Description>
    <Histograms>
      <HistItem>
        <HistMin>1.808623164834e-005</HistMin>
        <HistMax>0.84306436777115</HistMax>
        <BucketCount>256</BucketCount>
        <IncludeOutOfRange>1</IncludeOutOfRange>
        <Approximate>0</Approximate>
        <HistCounts>2299|956|559|429|387|326|220|176|189|190|139|128|118|114|116|106|104|81|79|74|79|71|78|57|72|74|65|64|70|59|50|50|46|41|45|48|36|33|36|37|36|43|42|44|19|29|19|22|25|19|16|19|20|18|12|7|19|12|8|10|11|12|10|12|9|13|9|9|8|7|6|8|12|9|6|10|9|10|4|4|11|10|7|7|5|7|4|2|6|3|2|6|6|4|5|1|3|2|5|5|5|6|1|3|1|2|4|3|8|7|7|4|4|3|3|4|0|6|1|0|5|2|2|2|3|1|3|4|0|2|4|3|3|0|0|3|3|2|2|2|2|3|0|3|2|1|3|3|4|3|4|2|0|3|2|1|2|0|0|2|0|1|0|2|2|1|0|1|1|0|2|2|3|4|0|0|2|2|2|2|1|0|1|0|0|1|0|0|0|0|1|1|1|0|2|1|0|0|0|0|0|1|1|3|3|2|1|0|0|1|0|0|1|1|0|0|1|0|0|1|1|0|0|0|0|0|2|0|0|1|1|0|0|0|0|0|0|0|1|0|0|0|0|0|0|0|0|0|1|0|0|0|0|0|1|0</HistCounts>
      </HistItem>
    </Histograms>
    <Metadata>
      <MDI key="LAYER_TYPE">athematic</MDI>
      <MDI key="STATISTICS_COVARIANCES">0.008156590785858786</MDI>
      <MDI key="STATISTICS_EXCLUDEDVALUES"></MDI>
      <MDI key="STATISTICS_MAXIMUM">0.84306436777115</MDI>
      <MDI key="STATISTICS_MEAN">0.050644405209146</MDI>
      <MDI key="STATISTICS_MEDIAN">0</MDI>
      <MDI key="STATISTICS_MINIMUM">1.808623164834e-005</MDI>
      <MDI key="STATISTICS_MODE">0</MDI>
      <MDI key="STATISTICS_SKIPFACTORX">1</MDI>
      <MDI key="STATISTICS_SKIPFACTORY">1</MDI>
      <MDI key="STATISTICS_STDDEV">0.090313846036246</MDI>
    </Metadata>
  </PAMRasterBand>
</PAMDataset>
