<PAMDataset>
  <PAMRasterBand band="1">
    <Description>Layer_1</Description>
    <Histograms>
      <HistItem>
        <HistMin>2.8837834179285e-005</HistMin>
        <HistMax>0.68055659532547</HistMax>
        <BucketCount>256</BucketCount>
        <IncludeOutOfRange>1</IncludeOutOfRange>
        <Approximate>0</Approximate>
        <HistCounts>2054|991|760|597|424|392|300|277|226|198|147|145|125|103|88|78|89|79|87|63|66|57|47|45|45|48|39|40|42|43|34|39|24|20|23|27|30|22|27|21|26|25|16|20|24|18|18|28|21|11|19|17|19|15|15|18|14|12|16|13|18|11|16|8|9|12|15|9|4|12|15|9|10|6|3|4|3|6|8|13|6|7|5|2|7|8|9|6|6|1|3|6|6|4|4|4|3|6|3|1|5|2|5|3|4|2|1|5|4|4|2|2|5|2|4|3|4|3|0|4|1|2|3|0|0|1|1|4|0|4|1|1|1|5|0|3|0|3|1|4|2|7|1|1|3|2|2|1|3|3|0|1|3|2|3|4|2|3|3|1|3|3|3|1|1|1|2|2|0|1|2|1|1|1|0|2|2|0|2|3|1|0|1|2|3|2|1|0|2|0|2|1|3|1|1|1|0|2|3|3|3|0|1|0|1|0|1|0|0|1|1|2|0|0|0|0|0|1|0|0|0|1|0|0|0|0|0|0|0|0|0|0|0|0|0|0|0|1|0|0|1|0|0|0|0|0|0|0|0|1|0|0|0|0|0|1</HistCounts>
      </HistItem>
    </Histograms>
    <Metadata>
      <MDI key="LAYER_TYPE">athematic</MDI>
      <MDI key="STATISTICS_COVARIANCES">0.005504569052423139</MDI>
      <MDI key="STATISTICS_EXCLUDEDVALUES"></MDI>
      <MDI key="STATISTICS_MAXIMUM">0.68055659532547</MDI>
      <MDI key="STATISTICS_MEAN">0.038066748002005</MDI>
      <MDI key="STATISTICS_MEDIAN">0</MDI>
      <MDI key="STATISTICS_MINIMUM">2.8837834179285e-005</MDI>
      <MDI key="STATISTICS_MODE">0</MDI>
      <MDI key="STATISTICS_SKIPFACTORX">1</MDI>
      <MDI key="STATISTICS_SKIPFACTORY">1</MDI>
      <MDI key="STATISTICS_STDDEV">0.074192783021148</MDI>
    </Metadata>
  </PAMRasterBand>
</PAMDataset>
