<PAMDataset>
  <PAMRasterBand band="1">
    <Description>Layer_1</Description>
    <Histograms>
      <HistItem>
        <HistMin>4.5804987166775e-005</HistMin>
        <HistMax>0.61963558197021</HistMax>
        <BucketCount>256</BucketCount>
        <IncludeOutOfRange>1</IncludeOutOfRange>
        <Approximate>0</Approximate>
        <HistCounts>1656|908|598|519|408|284|251|229|220|177|193|160|165|172|160|125|120|137|127|100|99|82|78|91|81|56|62|67|53|60|49|46|42|40|38|47|36|36|32|41|35|30|37|28|26|15|24|26|17|22|15|18|21|19|18|15|16|13|22|19|12|9|13|6|3|12|4|12|9|6|8|9|8|12|8|11|12|8|3|7|6|3|9|7|8|6|9|15|6|2|1|10|9|3|5|0|4|4|3|4|2|4|7|4|7|3|7|4|3|7|4|4|2|2|4|3|2|3|3|7|5|5|4|2|7|5|5|4|5|6|3|3|2|6|4|4|3|4|4|5|3|2|2|3|3|2|3|3|2|3|3|2|4|5|1|6|3|6|2|3|2|3|3|1|1|2|2|3|0|1|2|1|1|1|0|2|0|0|1|0|0|0|0|0|1|0|0|0|1|1|2|0|0|0|1|0|0|0|0|1|0|0|0|0|1|0|1|0|1|0|0|0|0|0|0|0|0|0|1|0|0|0|0|0|0|0|0|1|0|0|0|0|0|0|0|0|0|0|0|0|0|1|0|0|0|0|0|0|0|0|0|0|0|0|1|1</HistCounts>
      </HistItem>
    </Histograms>
    <Metadata>
      <MDI key="LAYER_TYPE">athematic</MDI>
      <MDI key="STATISTICS_COVARIANCES">0.00457178400160702</MDI>
      <MDI key="STATISTICS_EXCLUDEDVALUES"></MDI>
      <MDI key="STATISTICS_MAXIMUM">0.61963558197021</MDI>
      <MDI key="STATISTICS_MEAN">0.041002301557934</MDI>
      <MDI key="STATISTICS_MEDIAN">0</MDI>
      <MDI key="STATISTICS_MINIMUM">4.5804987166775e-005</MDI>
      <MDI key="STATISTICS_MODE">0</MDI>
      <MDI key="STATISTICS_SKIPFACTORX">1</MDI>
      <MDI key="STATISTICS_SKIPFACTORY">1</MDI>
      <MDI key="STATISTICS_STDDEV">0.067614968768809</MDI>
    </Metadata>
  </PAMRasterBand>
</PAMDataset>
