<PAMDataset>
  <PAMRasterBand band="1">
    <Description>Layer_1</Description>
    <Histograms>
      <HistItem>
        <HistMin>4.6114430006128e-005</HistMin>
        <HistMax>0.83661538362503</HistMax>
        <BucketCount>256</BucketCount>
        <IncludeOutOfRange>1</IncludeOutOfRange>
        <Approximate>0</Approximate>
        <HistCounts>1556|1027|683|516|407|313|247|202|189|196|201|188|150|137|128|118|103|95|102|90|74|83|69|68|70|61|69|60|42|57|40|59|57|52|55|55|42|36|39|36|37|44|32|34|23|20|26|25|17|33|20|12|19|25|15|19|17|21|11|7|11|15|14|13|11|17|10|16|12|15|12|11|9|7|7|12|17|11|6|10|19|12|10|11|8|9|8|12|6|11|8|7|8|11|5|6|7|9|9|8|7|6|7|9|3|12|4|4|5|4|2|1|9|8|7|5|0|4|4|3|4|1|3|5|0|5|3|1|4|1|2|1|1|5|1|4|4|1|1|0|0|2|0|1|1|0|2|1|0|2|0|1|0|2|1|1|1|1|2|1|0|0|2|0|0|0|0|0|0|1|1|0|1|3|1|0|1|0|0|1|0|0|0|0|0|0|0|0|0|0|0|0|0|0|0|1|0|0|0|0|0|0|0|1|0|0|1|0|0|0|0|1|0|0|0|0|0|0|0|0|0|0|0|0|0|0|0|0|0|0|0|0|0|0|1|0|0|0|0|1|0|0|0|0|0|0|0|0|0|0|0|0|0|0|0|1</HistCounts>
      </HistItem>
    </Histograms>
    <Metadata>
      <MDI key="LAYER_TYPE">athematic</MDI>
      <MDI key="STATISTICS_COVARIANCES">0.006992230355634069</MDI>
      <MDI key="STATISTICS_EXCLUDEDVALUES"></MDI>
      <MDI key="STATISTICS_MAXIMUM">0.83661538362503</MDI>
      <MDI key="STATISTICS_MEAN">0.054001625613286</MDI>
      <MDI key="STATISTICS_MEDIAN">0</MDI>
      <MDI key="STATISTICS_MINIMUM">4.6114430006128e-005</MDI>
      <MDI key="STATISTICS_MODE">0</MDI>
      <MDI key="STATISTICS_SKIPFACTORX">1</MDI>
      <MDI key="STATISTICS_SKIPFACTORY">1</MDI>
      <MDI key="STATISTICS_STDDEV">0.083619557255669</MDI>
    </Metadata>
  </PAMRasterBand>
</PAMDataset>
