<PAMDataset>
  <PAMRasterBand band="1">
    <Description>Layer_1</Description>
    <Histograms>
      <HistItem>
        <HistMin>1.9706136299646e-005</HistMin>
        <HistMax>0.73711454868317</HistMax>
        <BucketCount>256</BucketCount>
        <IncludeOutOfRange>1</IncludeOutOfRange>
        <Approximate>0</Approximate>
        <HistCounts>1889|980|660|536|432|343|311|235|203|175|185|183|144|143|129|127|103|115|94|78|73|70|57|62|52|56|52|68|52|45|43|40|41|42|29|41|23|33|25|30|24|27|20|29|21|22|20|14|15|27|34|23|11|17|8|17|11|8|9|17|9|9|9|9|12|6|7|7|15|12|8|11|9|5|12|12|7|10|3|4|7|2|3|8|5|6|7|4|3|6|8|6|9|2|4|3|5|6|6|4|5|4|2|1|4|4|2|0|3|4|2|1|6|2|4|1|2|2|2|4|2|5|4|0|3|5|4|4|5|4|5|4|3|1|2|3|3|1|0|1|1|2|1|1|3|1|0|4|1|0|0|3|0|1|1|0|2|2|0|2|0|1|3|1|0|0|0|0|0|1|0|2|1|0|3|1|0|1|0|2|1|0|0|0|1|0|0|0|0|0|0|0|1|0|1|1|0|0|0|1|1|2|1|0|1|0|1|1|1|0|1|1|1|0|0|0|0|0|0|2|1|1|0|0|0|0|0|0|0|1|0|2|0|0|0|0|0|1|0|0|1|1|0|0|0|0|0|0|0|0|1|0|0|0|1|0</HistCounts>
      </HistItem>
    </Histograms>
    <Metadata>
      <MDI key="LAYER_TYPE">athematic</MDI>
      <MDI key="STATISTICS_COVARIANCES">0.005574961823669951</MDI>
      <MDI key="STATISTICS_EXCLUDEDVALUES"></MDI>
      <MDI key="STATISTICS_MAXIMUM">0.73711454868317</MDI>
      <MDI key="STATISTICS_MEAN">0.041849609203912</MDI>
      <MDI key="STATISTICS_MEDIAN">0</MDI>
      <MDI key="STATISTICS_MINIMUM">1.9706136299646e-005</MDI>
      <MDI key="STATISTICS_MODE">0</MDI>
      <MDI key="STATISTICS_SKIPFACTORX">1</MDI>
      <MDI key="STATISTICS_SKIPFACTORY">1</MDI>
      <MDI key="STATISTICS_STDDEV">0.074665666967288</MDI>
    </Metadata>
  </PAMRasterBand>
</PAMDataset>
