<PAMDataset>
  <PAMRasterBand band="1">
    <Description>Layer_1</Description>
    <Histograms>
      <HistItem>
        <HistMin>6.6029759182129e-005</HistMin>
        <HistMax>0.55503630638123</HistMax>
        <BucketCount>256</BucketCount>
        <IncludeOutOfRange>1</IncludeOutOfRange>
        <Approximate>0</Approximate>
        <HistCounts>1029|984|659|480|365|347|264|235|231|191|171|159|155|133|127|113|117|128|98|105|104|99|115|99|104|67|95|55|76|54|66|50|56|55|60|47|52|46|52|47|36|46|39|41|39|30|35|31|31|29|35|35|38|21|24|23|25|22|18|17|15|18|12|22|14|16|17|14|14|12|9|16|14|10|8|14|9|19|6|9|8|7|9|8|3|5|11|8|11|5|4|8|7|6|8|3|5|10|4|4|5|6|6|5|4|7|5|2|6|8|5|3|6|3|4|7|3|6|7|4|4|3|7|4|4|2|3|6|3|5|5|5|8|6|2|1|4|3|3|2|3|1|3|3|8|2|5|3|4|3|0|2|4|4|2|3|1|1|4|2|5|5|4|3|1|3|2|2|3|0|1|2|1|1|1|5|1|0|1|1|3|3|0|0|1|2|2|4|0|4|2|2|0|3|2|3|1|1|0|2|1|0|0|2|1|0|1|0|0|0|1|0|1|0|0|0|1|0|0|0|0|0|1|0|0|0|0|0|0|0|0|0|0|0|2|0|0|0|0|0|0|0|0|0|0|0|1|0|0|0|0|0|0|0|1|0</HistCounts>
      </HistItem>
    </Histograms>
    <Metadata>
      <MDI key="LAYER_TYPE">athematic</MDI>
      <MDI key="STATISTICS_COVARIANCES">0.004598428274474735</MDI>
      <MDI key="STATISTICS_EXCLUDEDVALUES"></MDI>
      <MDI key="STATISTICS_MAXIMUM">0.55503630638123</MDI>
      <MDI key="STATISTICS_MEAN">0.044873080259852</MDI>
      <MDI key="STATISTICS_MEDIAN">0</MDI>
      <MDI key="STATISTICS_MINIMUM">6.6029759182129e-005</MDI>
      <MDI key="STATISTICS_MODE">0</MDI>
      <MDI key="STATISTICS_SKIPFACTORX">1</MDI>
      <MDI key="STATISTICS_SKIPFACTORY">1</MDI>
      <MDI key="STATISTICS_STDDEV">0.067811711927032</MDI>
    </Metadata>
  </PAMRasterBand>
</PAMDataset>
