<PAMDataset>
  <PAMRasterBand band="1">
    <Description>Layer_1</Description>
    <Histograms>
      <HistItem>
        <HistMin>2.3492435502703e-005</HistMin>
        <HistMax>0.8924435973167399</HistMax>
        <BucketCount>256</BucketCount>
        <IncludeOutOfRange>1</IncludeOutOfRange>
        <Approximate>0</Approximate>
        <HistCounts>1774|966|568|468|406|323|279|234|232|219|187|169|126|160|128|118|107|86|85|92|90|77|76|52|62|68|69|62|51|60|61|43|42|44|41|46|36|34|38|34|39|36|22|20|23|26|26|29|17|15|25|23|17|18|13|23|18|15|14|18|10|15|13|6|7|17|14|12|11|13|13|9|13|11|13|15|13|11|8|12|12|8|7|14|15|14|15|8|4|11|9|13|7|4|14|11|12|7|8|7|5|8|4|4|5|3|4|2|3|7|5|7|5|6|5|2|1|5|2|2|0|3|0|2|2|4|2|1|1|2|1|3|1|2|2|0|2|3|1|0|3|1|1|0|1|0|3|0|1|0|0|0|2|0|0|1|1|0|2|0|1|1|1|1|2|1|1|0|0|0|0|1|1|0|0|1|0|0|0|0|0|0|0|0|0|0|1|0|0|0|0|0|0|0|0|0|1|0|0|0|0|0|0|0|0|0|1|1|0|0|0|0|0|0|0|0|0|0|0|0|0|0|0|0|0|0|0|0|0|0|1|0|0|0|0|0|0|0|1|0|0|0|0|0|0|0|0|0|0|0|0|0|0|0|0|1</HistCounts>
      </HistItem>
    </Histograms>
    <Metadata>
      <MDI key="LAYER_TYPE">athematic</MDI>
      <MDI key="STATISTICS_COVARIANCES">0.007504277269460192</MDI>
      <MDI key="STATISTICS_EXCLUDEDVALUES"></MDI>
      <MDI key="STATISTICS_MAXIMUM">0.89244359731674</MDI>
      <MDI key="STATISTICS_MEAN">0.055564267756003</MDI>
      <MDI key="STATISTICS_MEDIAN">0</MDI>
      <MDI key="STATISTICS_MINIMUM">2.3492435502703e-005</MDI>
      <MDI key="STATISTICS_MODE">0</MDI>
      <MDI key="STATISTICS_SKIPFACTORX">1</MDI>
      <MDI key="STATISTICS_SKIPFACTORY">1</MDI>
      <MDI key="STATISTICS_STDDEV">0.086627231685309</MDI>
    </Metadata>
  </PAMRasterBand>
</PAMDataset>
