<PAMDataset>
  <PAMRasterBand band="1">
    <Description>Layer_1</Description>
    <Histograms>
      <HistItem>
        <HistMin>9.7040500640869</HistMin>
        <HistMax>30.399993896484</HistMax>
        <BucketCount>256</BucketCount>
        <IncludeOutOfRange>1</IncludeOutOfRange>
        <Approximate>0</Approximate>
        <HistCounts>3|0|0|1|0|2|2|0|0|0|2|2|1|3|1|2|1|1|1|1|1|0|2|0|0|3|1|3|2|1|3|3|2|1|1|1|3|0|3|2|3|3|3|2|1|1|3|5|2|1|2|1|3|3|6|4|5|7|10|5|2|8|8|10|4|6|8|9|14|11|20|19|21|16|19|25|23|19|10|15|20|11|9|15|17|21|19|26|31|29|29|22|27|25|20|27|23|23|20|21|15|17|13|19|23|20|20|15|17|16|12|22|19|18|12|20|17|19|16|8|8|11|12|6|9|7|17|13|12|7|10|9|8|13|11|21|12|14|14|12|11|17|8|23|21|18|31|20|26|28|22|23|24|29|36|41|40|21|32|22|25|28|22|42|40|38|32|43|41|34|31|33|35|31|30|51|54|63|75|66|59|60|44|58|50|41|48|36|39|60|56|41|43|47|73|66|83|84|82|80|59|44|36|19|28|59|54|75|61|60|70|55|45|54|67|183|270|244|297|244|222|192|160|180|215|191|187|193|207|167|114|134|152|74|52|44|39|36|35|39|44|46|54|36|33|55|63|25|15|8|5|7|2|5|3|1</HistCounts>
      </HistItem>
    </Histograms>
    <Metadata>
      <MDI key="LAYER_TYPE">athematic</MDI>
      <MDI key="STATISTICS_COVARIANCES">15.63298328577698</MDI>
      <MDI key="STATISTICS_EXCLUDEDVALUES"></MDI>
      <MDI key="STATISTICS_MAXIMUM">30.399993896484</MDI>
      <MDI key="STATISTICS_MEAN">25.13743593011</MDI>
      <MDI key="STATISTICS_MEDIAN">0</MDI>
      <MDI key="STATISTICS_MINIMUM">9.7040500640869</MDI>
      <MDI key="STATISTICS_MODE">0</MDI>
      <MDI key="STATISTICS_SKIPFACTORX">1</MDI>
      <MDI key="STATISTICS_SKIPFACTORY">1</MDI>
      <MDI key="STATISTICS_STDDEV">3.9538567609079</MDI>
    </Metadata>
  </PAMRasterBand>
</PAMDataset>
