<PAMDataset>
  <PAMRasterBand band="1">
    <Description>Layer_1</Description>
    <Histograms>
      <HistItem>
        <HistMin>5.428925037384</HistMin>
        <HistMax>29.380004882813</HistMax>
        <BucketCount>256</BucketCount>
        <IncludeOutOfRange>1</IncludeOutOfRange>
        <Approximate>0</Approximate>
        <HistCounts>3|0|1|0|0|0|3|1|0|0|1|0|3|1|1|0|0|1|0|3|3|1|6|4|3|4|4|2|1|5|3|5|9|7|14|18|19|17|18|35|27|29|35|35|40|30|38|27|38|25|28|28|28|29|20|22|24|27|25|26|35|18|25|20|27|15|21|27|21|27|27|18|13|12|12|10|13|14|7|14|6|10|15|6|15|10|15|7|9|18|16|19|19|21|14|12|14|14|15|10|10|14|16|12|21|9|10|18|15|8|11|20|12|19|21|23|19|31|28|26|24|27|38|26|16|30|26|22|31|25|31|27|38|32|29|44|43|42|58|62|63|54|44|47|50|38|29|37|39|39|28|33|32|28|25|23|20|21|19|31|18|34|32|33|22|22|30|26|17|20|18|26|28|28|28|31|31|28|27|21|12|12|16|11|15|11|23|12|15|19|28|16|29|27|13|18|14|17|12|9|9|6|10|14|17|23|33|33|55|81|141|207|136|165|133|130|135|133|119|91|96|124|107|148|134|142|122|122|139|122|112|118|146|160|195|170|168|114|91|69|78|43|68|52|47|38|48|46|69|89|33|27|8|5|5|0</HistCounts>
      </HistItem>
    </Histograms>
    <Metadata>
      <MDI key="LAYER_TYPE">athematic</MDI>
      <MDI key="STATISTICS_COVARIANCES">36.0463479183481</MDI>
      <MDI key="STATISTICS_EXCLUDEDVALUES"></MDI>
      <MDI key="STATISTICS_MAXIMUM">29.380004882813</MDI>
      <MDI key="STATISTICS_MEAN">22.108968884211</MDI>
      <MDI key="STATISTICS_MEDIAN">0</MDI>
      <MDI key="STATISTICS_MINIMUM">5.428925037384</MDI>
      <MDI key="STATISTICS_MODE">0</MDI>
      <MDI key="STATISTICS_SKIPFACTORX">1</MDI>
      <MDI key="STATISTICS_SKIPFACTORY">1</MDI>
      <MDI key="STATISTICS_STDDEV">6.0038610841981</MDI>
    </Metadata>
  </PAMRasterBand>
</PAMDataset>
