<PAMDataset>
  <PAMRasterBand band="1">
    <Description>Layer_1</Description>
    <Histograms>
      <HistItem>
        <HistMin>5.2125039100647</HistMin>
        <HistMax>29.149993896484</HistMax>
        <BucketCount>256</BucketCount>
        <IncludeOutOfRange>1</IncludeOutOfRange>
        <Approximate>0</Approximate>
        <HistCounts>3|1|2|0|2|2|0|2|2|1|3|2|5|3|3|2|2|7|3|1|4|2|3|3|3|6|5|5|8|12|18|19|16|27|18|18|27|22|27|28|31|35|39|38|40|37|25|22|22|27|22|26|20|25|20|28|29|17|22|23|19|26|23|15|19|24|20|25|33|44|21|20|15|14|11|8|12|13|19|14|8|12|15|15|23|14|17|15|12|20|11|9|15|13|16|14|7|13|13|10|12|11|11|13|25|28|20|18|14|23|20|27|19|20|12|20|16|12|18|16|19|14|18|14|14|25|17|16|26|18|28|31|30|21|43|32|24|30|31|29|42|30|34|34|39|36|36|49|36|44|29|48|34|37|33|37|39|35|29|37|35|34|31|31|23|25|22|22|26|19|11|23|22|22|16|24|26|20|27|13|25|24|21|13|22|13|12|20|11|15|10|20|17|13|17|17|15|20|20|23|17|8|14|12|11|13|8|10|12|18|22|31|29|38|37|52|71|109|185|174|198|239|220|247|183|180|122|129|119|104|139|211|176|216|164|146|143|136|136|117|120|107|117|86|66|59|62|64|51|21|14|7|6|5|0|1</HistCounts>
      </HistItem>
    </Histograms>
    <Metadata>
      <MDI key="LAYER_TYPE">athematic</MDI>
      <MDI key="STATISTICS_COVARIANCES">39.42989591000337</MDI>
      <MDI key="STATISTICS_EXCLUDEDVALUES"></MDI>
      <MDI key="STATISTICS_MAXIMUM">29.149993896484</MDI>
      <MDI key="STATISTICS_MEAN">21.953116416985</MDI>
      <MDI key="STATISTICS_MEDIAN">0</MDI>
      <MDI key="STATISTICS_MINIMUM">5.2125039100647</MDI>
      <MDI key="STATISTICS_MODE">0</MDI>
      <MDI key="STATISTICS_SKIPFACTORX">1</MDI>
      <MDI key="STATISTICS_SKIPFACTORY">1</MDI>
      <MDI key="STATISTICS_STDDEV">6.2793228862675</MDI>
    </Metadata>
  </PAMRasterBand>
</PAMDataset>
