<PAMDataset>
  <PAMRasterBand band="1">
    <Description>Layer_1</Description>
    <Histograms>
      <HistItem>
        <HistMin>6.7568736076355</HistMin>
        <HistMax>29.470001220703</HistMax>
        <BucketCount>256</BucketCount>
        <IncludeOutOfRange>1</IncludeOutOfRange>
        <Approximate>0</Approximate>
        <HistCounts>3|0|1|0|0|2|0|1|1|0|1|0|1|1|1|1|1|1|2|1|1|10|5|2|3|1|2|1|1|4|8|6|6|8|12|16|17|20|8|17|16|14|26|32|25|46|32|27|19|26|26|24|25|26|28|20|21|24|22|26|21|23|22|13|17|19|19|20|24|16|21|14|21|26|24|22|17|27|19|13|15|11|16|17|18|21|7|20|15|10|14|10|12|19|16|14|24|16|21|19|11|14|15|15|7|11|10|13|12|13|10|15|12|10|21|10|10|11|20|12|16|11|26|22|25|18|22|26|33|38|39|59|45|42|46|46|46|44|46|50|36|33|28|31|36|41|55|59|53|34|36|32|30|25|27|26|29|26|28|38|30|26|19|24|15|25|31|37|19|22|31|18|21|30|26|23|28|27|21|35|28|37|30|23|28|37|24|27|24|29|23|21|18|15|24|15|10|14|10|19|16|12|11|22|17|26|18|35|35|66|118|291|246|185|150|92|105|87|98|104|105|106|106|112|99|116|131|119|124|128|127|143|165|216|166|113|110|83|86|94|88|99|80|57|60|87|85|62|38|27|17|11|4|3|2|1</HistCounts>
      </HistItem>
    </Histograms>
    <Metadata>
      <MDI key="LAYER_TYPE">athematic</MDI>
      <MDI key="STATISTICS_COVARIANCES">30.68116266147386</MDI>
      <MDI key="STATISTICS_EXCLUDEDVALUES"></MDI>
      <MDI key="STATISTICS_MAXIMUM">29.470001220703</MDI>
      <MDI key="STATISTICS_MEAN">22.692177334123</MDI>
      <MDI key="STATISTICS_MEDIAN">0</MDI>
      <MDI key="STATISTICS_MINIMUM">6.7568736076355</MDI>
      <MDI key="STATISTICS_MODE">0</MDI>
      <MDI key="STATISTICS_SKIPFACTORX">1</MDI>
      <MDI key="STATISTICS_SKIPFACTORY">1</MDI>
      <MDI key="STATISTICS_STDDEV">5.5390579218378</MDI>
    </Metadata>
  </PAMRasterBand>
</PAMDataset>
