<PAMDataset>
  <PAMRasterBand band="1">
    <Description>Layer_1</Description>
    <Histograms>
      <HistItem>
        <HistMin>8.991514205932599</HistMin>
        <HistMax>30.450012207031</HistMax>
        <BucketCount>256</BucketCount>
        <IncludeOutOfRange>1</IncludeOutOfRange>
        <Approximate>0</Approximate>
        <HistCounts>5|2|0|1|1|2|1|0|2|0|0|2|0|1|0|2|0|3|0|0|1|3|1|2|4|1|3|1|3|0|1|0|2|0|1|2|2|2|0|2|3|2|3|2|2|3|2|1|1|5|1|2|3|1|2|5|0|2|3|2|3|4|2|3|1|3|6|9|6|1|5|7|9|6|11|4|10|5|11|8|11|10|18|14|17|22|16|22|26|23|20|24|24|27|35|38|34|24|23|26|28|26|26|26|20|33|23|17|30|22|28|24|23|21|21|18|22|7|11|14|15|8|11|7|10|16|7|18|11|9|14|12|12|11|15|21|13|14|13|16|16|13|18|9|19|17|13|20|18|16|15|21|26|25|24|24|18|34|17|22|25|25|24|22|51|38|35|29|35|26|34|32|36|57|37|30|30|32|24|48|34|55|71|77|66|58|47|64|88|64|67|56|61|76|90|97|75|79|62|59|57|52|40|35|26|36|34|41|39|35|34|34|27|41|54|56|57|78|211|238|226|262|204|173|182|201|177|154|123|118|160|177|147|135|124|122|132|172|142|120|111|94|72|43|43|51|80|70|41|36|15|4|4|4|2|1</HistCounts>
      </HistItem>
    </Histograms>
    <Metadata>
      <MDI key="LAYER_TYPE">athematic</MDI>
      <MDI key="STATISTICS_COVARIANCES">16.49683385572816</MDI>
      <MDI key="STATISTICS_EXCLUDEDVALUES"></MDI>
      <MDI key="STATISTICS_MAXIMUM">30.450012207031</MDI>
      <MDI key="STATISTICS_MEAN">25.358158266717</MDI>
      <MDI key="STATISTICS_MEDIAN">0</MDI>
      <MDI key="STATISTICS_MINIMUM">8.9915142059326</MDI>
      <MDI key="STATISTICS_MODE">0</MDI>
      <MDI key="STATISTICS_SKIPFACTORX">1</MDI>
      <MDI key="STATISTICS_SKIPFACTORY">1</MDI>
      <MDI key="STATISTICS_STDDEV">4.0616294582012</MDI>
    </Metadata>
  </PAMRasterBand>
</PAMDataset>
