<PAMDataset>
  <PAMRasterBand band="1">
    <Description>Layer_1</Description>
    <Histograms>
      <HistItem>
        <HistMin>8.6976613998413</HistMin>
        <HistMax>30.269989013672</HistMax>
        <BucketCount>256</BucketCount>
        <IncludeOutOfRange>1</IncludeOutOfRange>
        <Approximate>0</Approximate>
        <HistCounts>1|1|1|1|2|1|3|1|1|1|0|2|0|0|3|0|0|1|1|2|1|3|2|1|3|1|1|2|0|1|2|1|0|2|1|1|3|1|0|0|0|1|0|0|2|1|0|1|2|4|3|8|5|3|11|6|9|13|9|13|12|8|8|16|14|22|24|10|16|9|13|5|7|8|8|7|11|12|13|13|7|13|13|14|15|24|13|15|23|11|17|24|20|19|21|19|19|15|20|8|18|23|28|23|16|29|25|20|15|19|19|28|13|25|18|13|12|16|17|19|19|13|17|12|11|6|14|13|9|15|13|10|15|7|15|9|20|10|11|15|15|14|17|19|14|17|16|20|12|14|11|20|17|13|18|10|11|12|26|15|10|22|20|18|23|31|26|25|32|48|39|35|38|51|38|43|50|30|33|38|34|52|76|71|72|69|56|43|57|49|67|73|59|62|54|64|55|59|63|62|63|75|59|80|55|56|43|41|42|40|39|34|32|27|44|47|130|219|235|322|281|252|217|214|197|157|167|198|239|247|201|179|252|164|119|77|60|74|60|56|46|83|37|17|11|13|17|37|11|8|6|5|4|4|1|0</HistCounts>
      </HistItem>
    </Histograms>
    <Metadata>
      <MDI key="LAYER_TYPE">athematic</MDI>
      <MDI key="STATISTICS_COVARIANCES">16.75401578275912</MDI>
      <MDI key="STATISTICS_EXCLUDEDVALUES"></MDI>
      <MDI key="STATISTICS_MAXIMUM">30.269989013672</MDI>
      <MDI key="STATISTICS_MEAN">25.068977633055</MDI>
      <MDI key="STATISTICS_MEDIAN">0</MDI>
      <MDI key="STATISTICS_MINIMUM">8.6976613998413</MDI>
      <MDI key="STATISTICS_MODE">0</MDI>
      <MDI key="STATISTICS_SKIPFACTORX">1</MDI>
      <MDI key="STATISTICS_SKIPFACTORY">1</MDI>
      <MDI key="STATISTICS_STDDEV">4.0931669624826</MDI>
    </Metadata>
  </PAMRasterBand>
</PAMDataset>
