<PAMDataset>
  <PAMRasterBand band="1">
    <Description>Layer_1</Description>
    <Histograms>
      <HistItem>
        <HistMin>8.270226478576699</HistMin>
        <HistMax>30.929992675781</HistMax>
        <BucketCount>256</BucketCount>
        <IncludeOutOfRange>1</IncludeOutOfRange>
        <Approximate>0</Approximate>
        <HistCounts>2|2|0|1|0|3|5|2|1|0|1|1|2|3|1|0|1|4|0|0|3|0|3|2|4|3|1|1|0|3|4|1|2|7|7|3|3|1|12|6|4|1|5|8|5|12|11|13|19|16|9|11|6|14|11|11|12|11|9|7|9|11|8|8|15|6|12|10|15|11|13|12|18|16|16|20|16|11|10|16|8|12|16|12|11|14|13|10|8|17|21|13|14|15|14|18|18|17|27|25|16|30|23|23|27|25|25|21|29|29|22|24|10|12|7|10|4|13|12|11|5|19|9|19|7|13|10|8|14|11|7|15|11|13|15|19|12|13|15|16|14|13|22|17|14|20|29|21|25|29|26|23|41|29|22|22|29|29|26|24|27|22|22|28|37|57|60|50|35|32|24|35|35|25|48|35|42|39|34|37|32|28|32|30|33|35|35|71|57|67|68|65|67|81|66|62|55|41|35|43|27|35|33|30|23|18|24|19|24|23|22|22|28|34|30|87|92|146|114|135|172|160|133|186|177|185|219|260|156|116|116|149|132|128|131|146|171|323|404|286|200|155|71|41|9|8|8|4|4|5|5|3|1|1|3|1</HistCounts>
      </HistItem>
    </Histograms>
    <Metadata>
      <MDI key="LAYER_TYPE">athematic</MDI>
      <MDI key="STATISTICS_COVARIANCES">22.81215212858005</MDI>
      <MDI key="STATISTICS_EXCLUDEDVALUES"></MDI>
      <MDI key="STATISTICS_MAXIMUM">30.929992675781</MDI>
      <MDI key="STATISTICS_MEAN">25.383252106171</MDI>
      <MDI key="STATISTICS_MEDIAN">0</MDI>
      <MDI key="STATISTICS_MINIMUM">8.2702264785767</MDI>
      <MDI key="STATISTICS_MODE">0</MDI>
      <MDI key="STATISTICS_SKIPFACTORX">1</MDI>
      <MDI key="STATISTICS_SKIPFACTORY">1</MDI>
      <MDI key="STATISTICS_STDDEV">4.7762068766522</MDI>
    </Metadata>
  </PAMRasterBand>
</PAMDataset>
