<PAMDataset>
  <PAMRasterBand band="1">
    <Description>Layer_1</Description>
    <Histograms>
      <HistItem>
        <HistMin>6.7671208381653</HistMin>
        <HistMax>30.079986572266</HistMax>
        <BucketCount>256</BucketCount>
        <IncludeOutOfRange>1</IncludeOutOfRange>
        <Approximate>0</Approximate>
        <HistCounts>3|0|1|1|0|0|2|2|0|0|2|1|0|2|1|0|1|7|2|3|2|3|3|4|4|5|6|4|2|2|3|6|7|2|7|7|7|6|12|9|11|11|11|12|13|10|16|12|17|26|5|15|27|28|25|24|30|32|22|25|25|26|31|27|17|19|25|26|18|18|22|13|18|18|18|22|16|14|24|20|17|24|21|20|21|22|24|25|19|17|19|18|16|10|13|19|13|20|13|20|12|22|16|9|18|14|15|11|14|13|13|14|19|15|23|17|23|18|22|17|26|27|23|31|21|25|24|26|27|14|20|29|29|30|33|38|45|47|46|39|24|41|37|30|38|42|34|39|46|56|35|35|43|40|34|26|22|28|26|38|38|38|39|39|20|30|25|25|29|30|32|22|23|23|25|25|27|26|29|34|23|37|41|31|41|32|38|29|27|33|20|23|26|24|17|18|13|10|17|11|15|21|23|23|26|41|103|171|113|90|89|108|108|115|140|133|110|111|77|90|126|100|103|109|126|123|120|99|110|112|119|148|171|208|190|214|128|75|64|76|67|53|67|70|67|73|113|71|36|19|8|7|3|4|3|0</HistCounts>
      </HistItem>
    </Histograms>
    <Metadata>
      <MDI key="LAYER_TYPE">athematic</MDI>
      <MDI key="STATISTICS_COVARIANCES">30.15443918810684</MDI>
      <MDI key="STATISTICS_EXCLUDEDVALUES"></MDI>
      <MDI key="STATISTICS_MAXIMUM">30.079986572266</MDI>
      <MDI key="STATISTICS_MEAN">23.239208403294</MDI>
      <MDI key="STATISTICS_MEDIAN">0</MDI>
      <MDI key="STATISTICS_MINIMUM">6.7671208381653</MDI>
      <MDI key="STATISTICS_MODE">0</MDI>
      <MDI key="STATISTICS_SKIPFACTORX">1</MDI>
      <MDI key="STATISTICS_SKIPFACTORY">1</MDI>
      <MDI key="STATISTICS_STDDEV">5.4913057816977</MDI>
    </Metadata>
  </PAMRasterBand>
</PAMDataset>
