<PAMDataset>
  <PAMRasterBand band="1">
    <Description>Layer_1</Description>
    <Histograms>
      <HistItem>
        <HistMin>6.3687806129456</HistMin>
        <HistMax>29.679992675781</HistMax>
        <BucketCount>256</BucketCount>
        <IncludeOutOfRange>1</IncludeOutOfRange>
        <Approximate>0</Approximate>
        <HistCounts>2|2|0|0|0|3|1|0|0|1|1|2|1|0|1|2|2|1|4|8|1|4|1|3|2|1|2|1|5|2|1|4|0|3|8|8|9|7|13|11|8|15|10|19|13|20|29|28|34|27|29|22|26|25|26|25|24|31|18|21|25|21|23|25|22|19|29|25|16|18|16|21|21|16|19|19|21|26|27|16|20|34|24|13|11|19|14|24|12|17|9|15|11|8|9|16|18|10|18|22|25|16|13|13|14|13|11|18|9|9|16|8|14|9|10|16|13|11|9|14|14|9|14|13|13|17|16|8|19|24|29|23|26|28|29|29|34|33|32|38|42|42|55|39|45|58|50|36|45|39|46|40|28|35|37|28|32|50|36|46|40|41|20|29|36|31|32|36|53|43|29|27|24|25|16|23|24|23|21|22|28|30|32|32|30|29|38|26|32|23|44|29|29|24|20|19|16|22|13|14|12|20|27|23|24|35|33|96|202|216|189|165|128|101|77|76|78|94|127|116|113|129|121|121|87|106|84|114|95|135|151|159|178|240|128|107|107|94|108|85|91|81|57|62|71|104|71|36|21|10|8|5|4|3|2|1</HistCounts>
      </HistItem>
    </Histograms>
    <Metadata>
      <MDI key="LAYER_TYPE">athematic</MDI>
      <MDI key="STATISTICS_COVARIANCES">30.16346109346686</MDI>
      <MDI key="STATISTICS_EXCLUDEDVALUES"></MDI>
      <MDI key="STATISTICS_MAXIMUM">29.679992675781</MDI>
      <MDI key="STATISTICS_MEAN">22.856906043569</MDI>
      <MDI key="STATISTICS_MEDIAN">0</MDI>
      <MDI key="STATISTICS_MINIMUM">6.3687806129456</MDI>
      <MDI key="STATISTICS_MODE">0</MDI>
      <MDI key="STATISTICS_SKIPFACTORX">1</MDI>
      <MDI key="STATISTICS_SKIPFACTORY">1</MDI>
      <MDI key="STATISTICS_STDDEV">5.4921271920329</MDI>
    </Metadata>
  </PAMRasterBand>
</PAMDataset>
