<PAMDataset>
  <PAMRasterBand band="1">
    <Description>Layer_1</Description>
    <Histograms>
      <HistItem>
        <HistMin>9.6685485839844</HistMin>
        <HistMax>31.059997558594</HistMax>
        <BucketCount>256</BucketCount>
        <IncludeOutOfRange>1</IncludeOutOfRange>
        <Approximate>0</Approximate>
        <HistCounts>2|1|1|0|0|1|1|3|1|1|1|2|2|1|1|0|2|1|1|2|5|2|1|1|1|2|1|0|1|2|2|1|0|1|2|1|1|0|1|2|0|0|0|1|1|0|0|1|2|2|0|1|2|1|3|3|0|2|2|6|3|7|4|0|5|2|7|3|5|3|1|2|5|6|6|4|4|7|9|2|7|14|5|8|11|8|7|14|12|15|18|20|24|27|17|26|32|24|24|33|31|33|27|26|44|29|20|23|21|18|28|34|31|42|26|23|23|16|14|18|9|10|10|8|10|8|12|14|16|9|5|16|8|5|8|8|13|13|17|21|16|18|15|12|16|25|13|15|18|13|19|24|44|35|38|45|46|47|29|23|23|24|27|26|41|65|44|42|42|41|35|48|66|70|72|62|53|59|52|69|80|87|89|78|89|112|122|105|78|84|69|55|43|37|31|29|37|28|38|34|20|30|25|26|24|43|80|135|137|148|170|161|119|93|117|151|151|156|241|203|208|239|235|222|197|182|159|119|102|115|78|56|55|67|54|50|39|36|47|40|47|37|17|59|71|44|13|9|5|8|7|3|2|1|1|0</HistCounts>
      </HistItem>
    </Histograms>
    <Metadata>
      <MDI key="LAYER_TYPE">athematic</MDI>
      <MDI key="STATISTICS_COVARIANCES">13.57625141420345</MDI>
      <MDI key="STATISTICS_EXCLUDEDVALUES"></MDI>
      <MDI key="STATISTICS_MAXIMUM">31.059997558594</MDI>
      <MDI key="STATISTICS_MEAN">25.615127170957</MDI>
      <MDI key="STATISTICS_MEDIAN">0</MDI>
      <MDI key="STATISTICS_MINIMUM">9.6685485839844</MDI>
      <MDI key="STATISTICS_MODE">0</MDI>
      <MDI key="STATISTICS_SKIPFACTORX">1</MDI>
      <MDI key="STATISTICS_SKIPFACTORY">1</MDI>
      <MDI key="STATISTICS_STDDEV">3.6845965062953</MDI>
    </Metadata>
  </PAMRasterBand>
</PAMDataset>
