<PAMDataset>
  <PAMRasterBand band="1">
    <Description>Layer_1</Description>
    <Histograms>
      <HistItem>
        <HistMin>9.6759548187256</HistMin>
        <HistMax>30.369995117188</HistMax>
        <BucketCount>256</BucketCount>
        <IncludeOutOfRange>1</IncludeOutOfRange>
        <Approximate>0</Approximate>
        <HistCounts>3|0|0|1|0|2|2|0|0|1|1|2|2|1|3|2|1|0|0|2|0|2|1|0|0|3|1|3|1|2|4|3|1|1|0|1|0|4|2|2|2|3|2|3|1|0|4|4|1|3|1|1|2|2|1|2|7|2|1|6|3|3|5|5|13|3|5|10|13|9|21|8|16|11|19|6|9|20|8|9|21|16|18|14|22|12|19|31|25|18|32|20|28|21|16|23|19|23|13|26|25|22|18|9|25|23|21|25|41|24|20|21|20|14|13|17|19|12|18|16|13|8|9|9|13|9|6|13|16|7|7|14|17|16|14|12|15|11|12|17|15|20|10|13|15|20|20|20|21|18|31|34|24|29|27|35|35|37|31|27|33|22|27|25|33|40|32|32|42|34|40|42|34|44|45|57|62|49|44|65|67|70|70|66|66|48|46|40|46|53|54|67|64|69|80|75|85|73|63|53|40|27|24|36|35|32|36|30|32|35|47|62|59|43|39|99|166|189|271|272|266|247|201|193|208|159|166|169|215|158|127|112|119|129|89|69|84|72|57|53|62|56|44|41|61|75|67|75|31|7|7|8|2|5|4|0</HistCounts>
      </HistItem>
    </Histograms>
    <Metadata>
      <MDI key="LAYER_TYPE">athematic</MDI>
      <MDI key="STATISTICS_COVARIANCES">15.30862931663502</MDI>
      <MDI key="STATISTICS_EXCLUDEDVALUES"></MDI>
      <MDI key="STATISTICS_MAXIMUM">30.369995117188</MDI>
      <MDI key="STATISTICS_MEAN">25.2496690718</MDI>
      <MDI key="STATISTICS_MEDIAN">0</MDI>
      <MDI key="STATISTICS_MINIMUM">9.6759548187256</MDI>
      <MDI key="STATISTICS_MODE">0</MDI>
      <MDI key="STATISTICS_SKIPFACTORX">1</MDI>
      <MDI key="STATISTICS_SKIPFACTORY">1</MDI>
      <MDI key="STATISTICS_STDDEV">3.9126243515874</MDI>
    </Metadata>
  </PAMRasterBand>
</PAMDataset>
