<PAMDataset>
  <PAMRasterBand band="1">
    <Description>Layer_1</Description>
    <Histograms>
      <HistItem>
        <HistMin>9.0685014724731</HistMin>
        <HistMax>30.670013427734</HistMax>
        <BucketCount>256</BucketCount>
        <IncludeOutOfRange>1</IncludeOutOfRange>
        <Approximate>0</Approximate>
        <HistCounts>3|1|1|2|0|1|1|0|1|1|0|2|2|1|3|1|0|2|2|1|0|3|2|2|1|3|3|2|3|4|2|9|4|3|3|2|2|1|4|3|4|2|1|3|2|1|1|4|4|3|2|2|4|2|5|2|1|2|4|2|4|4|4|5|12|13|21|23|19|10|14|12|15|6|12|9|14|20|13|15|18|12|20|22|15|16|12|26|16|16|22|20|19|15|38|24|33|20|25|14|25|29|14|14|15|18|17|17|23|12|17|11|17|15|8|2|4|2|8|3|6|10|6|9|9|2|14|7|5|9|7|10|13|13|10|18|9|13|15|11|13|13|14|21|32|33|33|21|27|32|23|20|24|27|22|28|21|30|37|22|27|24|31|32|32|29|30|27|34|31|34|30|38|37|41|48|36|51|63|54|56|53|54|66|63|57|66|61|37|36|37|44|35|48|41|62|57|60|57|81|65|54|37|42|46|111|81|67|76|66|59|60|66|97|96|102|107|98|89|100|107|106|102|106|109|109|118|97|123|133|143|175|186|191|250|277|220|286|210|150|133|105|122|93|89|54|12|16|7|4|3|5|3|1|2|1</HistCounts>
      </HistItem>
    </Histograms>
    <Metadata>
      <MDI key="LAYER_TYPE">athematic</MDI>
      <MDI key="STATISTICS_COVARIANCES">18.00115820416505</MDI>
      <MDI key="STATISTICS_EXCLUDEDVALUES"></MDI>
      <MDI key="STATISTICS_MAXIMUM">30.670013427734</MDI>
      <MDI key="STATISTICS_MEAN">25.578505056186</MDI>
      <MDI key="STATISTICS_MEDIAN">0</MDI>
      <MDI key="STATISTICS_MINIMUM">9.0685014724731</MDI>
      <MDI key="STATISTICS_MODE">0</MDI>
      <MDI key="STATISTICS_SKIPFACTORX">1</MDI>
      <MDI key="STATISTICS_SKIPFACTORY">1</MDI>
      <MDI key="STATISTICS_STDDEV">4.2427771805935</MDI>
    </Metadata>
  </PAMRasterBand>
</PAMDataset>
