<PAMDataset>
  <PAMRasterBand band="1">
    <Description>Layer_1</Description>
    <Histograms>
      <HistItem>
        <HistMin>7.9971466064453</HistMin>
        <HistMax>31.070007324219</HistMax>
        <BucketCount>256</BucketCount>
        <IncludeOutOfRange>1</IncludeOutOfRange>
        <Approximate>0</Approximate>
        <HistCounts>1|0|0|0|2|2|0|1|0|2|1|1|1|1|4|3|1|0|2|2|5|3|4|3|6|3|4|1|3|2|2|5|4|5|3|3|4|3|5|2|4|3|5|6|2|5|4|4|9|4|7|5|10|12|15|16|12|15|19|15|17|9|16|12|8|10|12|11|10|13|11|20|12|24|9|15|16|18|9|19|11|14|14|22|12|17|26|22|26|20|23|23|25|18|19|22|20|19|23|22|25|20|20|19|16|18|15|14|12|14|8|7|9|13|12|6|9|14|18|8|19|10|14|8|21|7|9|19|16|17|28|27|12|16|22|19|18|19|10|20|14|23|17|21|18|18|20|14|32|22|21|22|23|25|31|27|30|28|29|22|36|23|34|34|48|53|33|34|30|25|37|26|34|44|23|35|28|38|48|61|65|33|51|35|38|40|42|40|43|55|32|40|32|51|38|43|53|39|53|47|48|43|35|44|62|75|103|158|123|115|109|113|162|156|164|151|123|115|128|125|151|173|144|136|129|100|126|131|122|189|280|287|243|240|167|149|55|59|36|36|42|51|41|18|14|8|8|5|4|3|4|3|3|1|3|0</HistCounts>
      </HistItem>
    </Histograms>
    <Metadata>
      <MDI key="LAYER_TYPE">athematic</MDI>
      <MDI key="STATISTICS_COVARIANCES">22.02852343798271</MDI>
      <MDI key="STATISTICS_EXCLUDEDVALUES"></MDI>
      <MDI key="STATISTICS_MAXIMUM">31.070007324219</MDI>
      <MDI key="STATISTICS_MEAN">25.072788529649</MDI>
      <MDI key="STATISTICS_MEDIAN">0</MDI>
      <MDI key="STATISTICS_MINIMUM">7.9971466064453</MDI>
      <MDI key="STATISTICS_MODE">0</MDI>
      <MDI key="STATISTICS_SKIPFACTORX">1</MDI>
      <MDI key="STATISTICS_SKIPFACTORY">1</MDI>
      <MDI key="STATISTICS_STDDEV">4.6934553836148</MDI>
    </Metadata>
  </PAMRasterBand>
</PAMDataset>
