<PAMDataset>
  <PAMRasterBand band="1">
    <Description>Layer_1</Description>
    <Histograms>
      <HistItem>
        <HistMin>10.08359336853</HistMin>
        <HistMax>30.619995117188</HistMax>
        <BucketCount>256</BucketCount>
        <IncludeOutOfRange>1</IncludeOutOfRange>
        <Approximate>0</Approximate>
        <HistCounts>3|0|0|2|4|2|2|2|2|1|1|2|3|3|2|3|1|4|0|1|1|5|1|0|0|1|1|1|3|1|4|4|3|4|2|5|0|1|6|2|6|1|3|1|5|2|2|3|6|1|2|1|5|2|5|1|6|5|3|2|3|8|12|13|6|12|7|14|12|23|19|14|10|12|17|22|11|20|20|28|11|23|27|22|20|20|19|17|21|25|15|21|15|21|20|22|17|19|14|23|19|17|16|28|31|20|24|24|15|16|9|18|14|6|15|9|13|7|10|12|11|11|6|8|16|10|6|9|16|17|11|10|11|10|14|10|17|7|15|7|18|11|19|24|26|32|27|30|31|24|23|28|28|26|19|28|28|33|28|23|30|36|40|33|34|37|40|34|51|26|28|30|23|24|23|32|58|49|47|70|72|66|96|87|81|88|99|84|91|88|73|80|99|63|49|31|42|44|32|33|50|34|28|17|13|25|33|42|36|43|139|211|176|170|161|196|159|123|115|97|102|106|113|144|152|104|143|180|142|160|156|148|148|140|169|153|140|109|61|32|27|39|38|48|48|82|57|50|10|6|6|5|6|0|1|0</HistCounts>
      </HistItem>
    </Histograms>
    <Metadata>
      <MDI key="LAYER_TYPE">athematic</MDI>
      <MDI key="STATISTICS_COVARIANCES">16.05951370088808</MDI>
      <MDI key="STATISTICS_EXCLUDEDVALUES"></MDI>
      <MDI key="STATISTICS_MAXIMUM">30.619995117188</MDI>
      <MDI key="STATISTICS_MEAN">25.367947531533</MDI>
      <MDI key="STATISTICS_MEDIAN">0</MDI>
      <MDI key="STATISTICS_MINIMUM">10.08359336853</MDI>
      <MDI key="STATISTICS_MODE">0</MDI>
      <MDI key="STATISTICS_SKIPFACTORX">1</MDI>
      <MDI key="STATISTICS_SKIPFACTORY">1</MDI>
      <MDI key="STATISTICS_STDDEV">4.0074323077113</MDI>
    </Metadata>
  </PAMRasterBand>
</PAMDataset>
