<PAMDataset>
  <PAMRasterBand band="1">
    <Description>Layer_1</Description>
    <Histograms>
      <HistItem>
        <HistMin>8.7472848892212</HistMin>
        <HistMax>30.429992675781</HistMax>
        <BucketCount>256</BucketCount>
        <IncludeOutOfRange>1</IncludeOutOfRange>
        <Approximate>0</Approximate>
        <HistCounts>1|2|0|1|2|0|1|0|0|3|1|3|0|1|1|2|0|1|1|0|2|1|1|4|1|1|1|1|0|2|4|1|2|1|3|3|2|3|0|5|1|3|4|4|4|3|2|1|1|1|2|3|6|1|3|0|2|1|3|7|6|2|8|3|7|9|17|10|12|10|17|15|9|10|13|14|6|7|9|12|16|17|11|10|6|15|12|16|20|13|14|14|20|13|17|20|10|16|17|10|11|18|10|13|13|14|13|19|11|14|11|16|18|19|17|15|17|16|15|23|13|33|33|31|26|24|15|22|12|17|11|4|6|9|6|9|7|4|12|10|4|15|5|6|13|12|3|16|19|9|10|12|10|7|13|8|20|13|17|20|16|16|19|18|29|39|47|30|38|44|45|35|38|43|37|41|47|36|35|51|51|55|43|71|81|64|49|38|42|39|31|49|51|56|44|52|51|59|59|76|60|57|62|61|58|59|48|79|98|129|111|92|85|119|153|124|106|114|95|112|146|143|110|111|122|120|142|160|155|162|167|214|235|284|286|255|201|210|124|139|72|64|57|74|61|24|18|7|5|5|3|5|3|1|2|1</HistCounts>
      </HistItem>
    </Histograms>
    <Metadata>
      <MDI key="LAYER_TYPE">athematic</MDI>
      <MDI key="STATISTICS_COVARIANCES">15.84262118450747</MDI>
      <MDI key="STATISTICS_EXCLUDEDVALUES"></MDI>
      <MDI key="STATISTICS_MAXIMUM">30.429992675781</MDI>
      <MDI key="STATISTICS_MEAN">25.563147089277</MDI>
      <MDI key="STATISTICS_MEDIAN">0</MDI>
      <MDI key="STATISTICS_MINIMUM">8.7472848892212</MDI>
      <MDI key="STATISTICS_MODE">0</MDI>
      <MDI key="STATISTICS_SKIPFACTORX">1</MDI>
      <MDI key="STATISTICS_SKIPFACTORY">1</MDI>
      <MDI key="STATISTICS_STDDEV">3.9802790334985</MDI>
    </Metadata>
  </PAMRasterBand>
</PAMDataset>
