<PAMDataset>
  <PAMRasterBand band="1">
    <Description>Layer_1</Description>
    <Histograms>
      <HistItem>
        <HistMin>9.840690612793001</HistMin>
        <HistMax>30.420013427734</HistMax>
        <BucketCount>256</BucketCount>
        <IncludeOutOfRange>1</IncludeOutOfRange>
        <Approximate>0</Approximate>
        <HistCounts>2|0|2|0|0|0|1|1|2|0|0|0|1|2|0|0|0|1|1|0|0|0|1|0|0|0|0|1|1|0|3|0|4|2|0|2|0|3|2|3|2|3|5|3|2|3|5|2|2|3|2|3|3|0|6|1|3|2|3|2|4|6|1|4|5|7|6|5|5|3|8|15|15|14|19|30|18|16|9|12|18|18|21|11|10|10|18|16|16|19|17|15|19|24|18|17|19|14|22|20|22|25|21|22|14|16|18|20|20|21|23|17|23|17|13|15|20|11|17|18|20|14|20|21|16|19|16|20|17|15|12|18|12|14|19|14|18|15|12|19|17|12|15|13|22|15|18|29|13|23|14|28|19|23|24|27|22|25|27|22|33|27|37|25|25|21|46|48|37|52|77|49|39|50|59|51|53|58|73|72|48|53|53|45|47|42|39|51|50|61|53|47|55|47|55|54|69|70|85|84|66|65|59|57|85|55|89|76|67|96|68|69|78|206|195|203|290|229|182|167|145|167|150|155|191|204|202|208|211|150|142|92|47|52|35|31|34|45|38|40|42|64|37|22|78|64|17|17|10|8|5|5|2|4|4|1</HistCounts>
      </HistItem>
    </Histograms>
    <Metadata>
      <MDI key="LAYER_TYPE">athematic</MDI>
      <MDI key="STATISTICS_COVARIANCES">13.61714340571485</MDI>
      <MDI key="STATISTICS_EXCLUDEDVALUES"></MDI>
      <MDI key="STATISTICS_MAXIMUM">30.420013427734</MDI>
      <MDI key="STATISTICS_MEAN">25.25480147255</MDI>
      <MDI key="STATISTICS_MEDIAN">0</MDI>
      <MDI key="STATISTICS_MINIMUM">9.840690612793</MDI>
      <MDI key="STATISTICS_MODE">0</MDI>
      <MDI key="STATISTICS_SKIPFACTORX">1</MDI>
      <MDI key="STATISTICS_SKIPFACTORY">1</MDI>
      <MDI key="STATISTICS_STDDEV">3.6901413801797</MDI>
    </Metadata>
  </PAMRasterBand>
</PAMDataset>
