<PAMDataset>
  <PAMRasterBand band="1">
    <Description>Layer_1</Description>
    <Histograms>
      <HistItem>
        <HistMin>10.003073692322</HistMin>
        <HistMax>30.630004882813</HistMax>
        <BucketCount>256</BucketCount>
        <IncludeOutOfRange>1</IncludeOutOfRange>
        <Approximate>0</Approximate>
        <HistCounts>2|1|1|0|0|0|0|3|2|2|0|1|2|1|2|3|2|4|0|0|1|0|3|6|2|0|0|3|2|1|2|2|2|3|5|2|3|3|5|5|1|4|2|3|4|2|0|3|4|4|4|3|2|2|3|3|5|6|6|5|9|3|10|4|7|10|9|10|13|19|11|11|15|14|17|9|17|14|12|22|16|16|20|20|25|17|20|19|33|18|12|30|19|16|23|18|17|19|21|23|21|23|22|25|26|15|24|18|17|13|18|11|19|13|13|8|11|8|12|7|12|12|9|10|10|12|5|12|11|18|14|15|14|16|11|10|12|12|13|12|16|8|18|26|32|27|25|24|24|25|26|24|26|22|20|32|14|26|20|24|25|37|29|26|28|28|37|24|38|29|34|33|32|44|21|30|31|33|53|58|76|74|78|135|135|116|94|98|96|92|99|74|63|54|56|34|54|39|26|32|32|25|30|24|14|14|21|36|61|69|126|224|176|151|105|154|183|132|119|101|107|102|107|156|174|121|163|185|185|159|144|131|128|131|155|166|146|92|66|52|40|41|47|33|51|65|68|57|15|5|6|6|4|3|1|0</HistCounts>
      </HistItem>
    </Histograms>
    <Metadata>
      <MDI key="LAYER_TYPE">athematic</MDI>
      <MDI key="STATISTICS_COVARIANCES">15.68334130518853</MDI>
      <MDI key="STATISTICS_EXCLUDEDVALUES"></MDI>
      <MDI key="STATISTICS_MAXIMUM">30.630004882813</MDI>
      <MDI key="STATISTICS_MEAN">25.43468965552</MDI>
      <MDI key="STATISTICS_MEDIAN">0</MDI>
      <MDI key="STATISTICS_MINIMUM">10.003073692322</MDI>
      <MDI key="STATISTICS_MODE">0</MDI>
      <MDI key="STATISTICS_SKIPFACTORX">1</MDI>
      <MDI key="STATISTICS_SKIPFACTORY">1</MDI>
      <MDI key="STATISTICS_STDDEV">3.9602198556631</MDI>
    </Metadata>
  </PAMRasterBand>
</PAMDataset>
