<PAMDataset>
  <PAMRasterBand band="1">
    <Description>Layer_1</Description>
    <Histograms>
      <HistItem>
        <HistMin>9.166419982910201</HistMin>
        <HistMax>30.769989013672</HistMax>
        <BucketCount>256</BucketCount>
        <IncludeOutOfRange>1</IncludeOutOfRange>
        <Approximate>0</Approximate>
        <HistCounts>2|1|0|1|0|2|0|1|1|2|1|0|0|1|0|1|0|0|2|1|1|1|1|4|0|0|0|4|2|4|4|3|4|2|2|2|1|7|0|4|5|4|0|4|2|3|0|4|1|3|3|0|3|1|1|1|1|4|6|3|4|2|5|7|7|5|4|6|6|8|12|19|21|11|12|23|20|16|25|16|15|17|12|10|10|19|12|13|12|15|14|19|20|30|26|28|32|27|19|28|13|11|21|17|31|33|26|26|25|25|22|24|19|19|17|11|18|12|16|12|13|15|11|20|15|14|16|9|19|10|13|14|10|13|16|11|18|10|14|21|14|14|14|14|16|15|17|22|27|32|37|28|23|27|26|27|19|26|33|23|28|22|27|22|33|39|42|43|35|34|34|47|39|47|41|36|53|63|78|66|63|64|65|72|79|76|91|94|113|110|79|67|84|79|62|40|35|30|14|20|13|23|16|16|10|20|61|58|55|94|172|188|215|226|204|175|225|215|194|176|165|170|141|148|174|179|235|185|142|160|67|54|37|39|41|39|28|36|41|31|47|50|85|99|46|42|13|10|6|7|2|7|5|1|1|0</HistCounts>
      </HistItem>
    </Histograms>
    <Metadata>
      <MDI key="LAYER_TYPE">athematic</MDI>
      <MDI key="STATISTICS_COVARIANCES">15.80817956182593</MDI>
      <MDI key="STATISTICS_EXCLUDEDVALUES"></MDI>
      <MDI key="STATISTICS_MAXIMUM">30.769989013672</MDI>
      <MDI key="STATISTICS_MEAN">25.1855360108</MDI>
      <MDI key="STATISTICS_MEDIAN">0</MDI>
      <MDI key="STATISTICS_MINIMUM">9.1664199829102</MDI>
      <MDI key="STATISTICS_MODE">0</MDI>
      <MDI key="STATISTICS_SKIPFACTORX">1</MDI>
      <MDI key="STATISTICS_SKIPFACTORY">1</MDI>
      <MDI key="STATISTICS_STDDEV">3.9759501457923</MDI>
    </Metadata>
  </PAMRasterBand>
</PAMDataset>
