<PAMDataset>
  <PAMRasterBand band="1">
    <Description>Layer_1</Description>
    <Histograms>
      <HistItem>
        <HistMin>10.002822875977</HistMin>
        <HistMax>30.970001220703</HistMax>
        <BucketCount>256</BucketCount>
        <IncludeOutOfRange>1</IncludeOutOfRange>
        <Approximate>0</Approximate>
        <HistCounts>1|2|1|0|0|1|0|0|5|1|0|1|0|0|3|3|2|1|2|1|0|2|4|1|1|1|1|2|3|1|1|0|1|2|1|0|2|1|0|1|0|1|0|1|1|1|1|3|0|1|1|1|0|3|3|3|2|3|5|3|5|2|6|8|3|4|10|2|6|5|10|8|5|4|8|10|8|4|10|9|12|7|7|17|18|16|16|23|22|26|19|24|22|22|29|28|29|25|23|26|25|26|21|25|19|29|29|21|26|22|38|31|35|28|10|15|12|12|13|14|10|10|8|7|11|12|10|7|8|10|8|11|6|7|9|6|16|15|16|23|17|10|15|21|18|21|14|19|17|24|20|33|40|45|38|40|29|16|22|16|22|22|18|22|24|25|19|33|29|43|42|36|36|32|37|30|44|38|46|38|39|38|48|59|67|91|141|118|155|137|144|122|131|58|45|39|42|53|64|46|28|22|32|27|33|30|43|86|146|132|124|145|179|114|119|173|168|213|214|220|195|194|196|183|184|156|158|132|125|110|107|111|112|81|65|46|34|32|32|40|32|32|23|27|24|75|73|16|9|7|6|8|2|2|0|1</HistCounts>
      </HistItem>
    </Histograms>
    <Metadata>
      <MDI key="LAYER_TYPE">athematic</MDI>
      <MDI key="STATISTICS_COVARIANCES">13.701939756755</MDI>
      <MDI key="STATISTICS_EXCLUDEDVALUES"></MDI>
      <MDI key="STATISTICS_MAXIMUM">30.970001220703</MDI>
      <MDI key="STATISTICS_MEAN">25.69819125249</MDI>
      <MDI key="STATISTICS_MEDIAN">0</MDI>
      <MDI key="STATISTICS_MINIMUM">10.002822875977</MDI>
      <MDI key="STATISTICS_MODE">0</MDI>
      <MDI key="STATISTICS_SKIPFACTORX">1</MDI>
      <MDI key="STATISTICS_SKIPFACTORY">1</MDI>
      <MDI key="STATISTICS_STDDEV">3.7016131289959</MDI>
    </Metadata>
  </PAMRasterBand>
</PAMDataset>
