<PAMDataset>
  <PAMRasterBand band="1">
    <Description>Layer_1</Description>
    <Histograms>
      <HistItem>
        <HistMin>6.4611430168152</HistMin>
        <HistMax>30.139984130859</HistMax>
        <BucketCount>256</BucketCount>
        <IncludeOutOfRange>1</IncludeOutOfRange>
        <Approximate>0</Approximate>
        <HistCounts>3|0|1|1|0|0|1|3|0|0|2|0|1|0|2|1|0|1|0|1|6|4|2|1|3|4|5|4|4|5|4|5|7|6|7|18|10|10|8|12|19|12|10|19|20|14|17|28|17|25|30|19|21|20|29|22|23|17|16|25|16|21|18|20|19|20|19|23|14|26|18|23|17|17|20|12|28|18|17|26|25|22|21|23|19|26|24|20|16|23|21|14|17|12|14|18|20|16|20|13|21|15|10|22|12|18|13|12|11|20|17|12|13|18|22|15|20|18|15|26|29|26|22|29|26|22|31|24|35|24|33|36|35|47|39|34|45|45|45|40|32|24|37|29|33|26|35|42|37|45|32|32|36|30|34|35|23|44|51|32|27|31|29|19|28|29|21|27|23|23|34|19|24|30|22|23|24|20|39|29|24|21|40|24|37|27|34|23|27|34|27|15|26|21|15|18|21|12|23|24|26|30|23|20|42|138|218|90|83|74|86|84|101|129|116|99|108|82|109|123|134|116|91|106|99|129|126|107|108|127|130|138|173|237|180|162|103|95|74|92|64|62|75|72|77|69|64|43|21|9|8|4|6|2|1|1</HistCounts>
      </HistItem>
    </Histograms>
    <Metadata>
      <MDI key="LAYER_TYPE">athematic</MDI>
      <MDI key="STATISTICS_COVARIANCES">31.48645929302847</MDI>
      <MDI key="STATISTICS_EXCLUDEDVALUES"></MDI>
      <MDI key="STATISTICS_MAXIMUM">30.139984130859</MDI>
      <MDI key="STATISTICS_MEAN">23.090869255469</MDI>
      <MDI key="STATISTICS_MEDIAN">0</MDI>
      <MDI key="STATISTICS_MINIMUM">6.4611430168152</MDI>
      <MDI key="STATISTICS_MODE">0</MDI>
      <MDI key="STATISTICS_SKIPFACTORX">1</MDI>
      <MDI key="STATISTICS_SKIPFACTORY">1</MDI>
      <MDI key="STATISTICS_STDDEV">5.6112796484428</MDI>
    </Metadata>
  </PAMRasterBand>
</PAMDataset>
