<PAMDataset>
  <PAMRasterBand band="1">
    <Description>Layer_1</Description>
    <Histograms>
      <HistItem>
        <HistMin>7.262375831604</HistMin>
        <HistMax>30.149993896484</HistMax>
        <BucketCount>256</BucketCount>
        <IncludeOutOfRange>1</IncludeOutOfRange>
        <Approximate>0</Approximate>
        <HistCounts>2|2|0|0|0|1|2|1|0|0|2|0|6|3|0|1|2|3|1|0|5|1|2|1|7|2|1|3|3|1|4|4|2|2|1|4|4|3|3|3|7|5|4|5|7|5|5|7|10|7|15|17|16|20|9|11|6|12|11|11|4|10|18|19|9|13|10|14|18|11|18|6|15|16|16|11|17|13|12|20|17|9|25|20|19|16|19|14|13|19|16|17|12|14|18|16|14|23|20|22|24|18|27|26|24|33|37|21|16|22|9|10|11|9|12|6|8|10|10|9|10|10|10|8|10|15|8|17|14|15|9|12|15|9|11|16|14|17|12|18|26|17|11|21|18|17|19|34|33|38|38|42|40|33|54|38|37|40|48|48|55|57|51|35|43|29|38|46|32|39|34|37|43|33|43|51|43|30|30|32|34|29|38|33|26|36|37|34|43|43|44|39|42|45|41|40|55|43|29|35|27|23|25|32|22|38|64|77|92|125|118|120|103|114|119|102|113|126|112|137|130|124|115|105|100|100|118|106|99|95|104|103|111|136|122|117|152|140|113|84|107|137|212|252|218|215|51|18|9|13|6|1|4|2|2|1</HistCounts>
      </HistItem>
    </Histograms>
    <Metadata>
      <MDI key="LAYER_TYPE">athematic</MDI>
      <MDI key="STATISTICS_COVARIANCES">23.53218653139046</MDI>
      <MDI key="STATISTICS_EXCLUDEDVALUES"></MDI>
      <MDI key="STATISTICS_MAXIMUM">30.149993896484</MDI>
      <MDI key="STATISTICS_MEAN">24.374459829638</MDI>
      <MDI key="STATISTICS_MEDIAN">0</MDI>
      <MDI key="STATISTICS_MINIMUM">7.262375831604</MDI>
      <MDI key="STATISTICS_MODE">0</MDI>
      <MDI key="STATISTICS_SKIPFACTORX">1</MDI>
      <MDI key="STATISTICS_SKIPFACTORY">1</MDI>
      <MDI key="STATISTICS_STDDEV">4.850998508698</MDI>
    </Metadata>
  </PAMRasterBand>
</PAMDataset>
