<PAMDataset>
  <PAMRasterBand band="1">
    <Description>Layer_1</Description>
    <Histograms>
      <HistItem>
        <HistMin>8.2023782730103</HistMin>
        <HistMax>31.079986572266</HistMax>
        <BucketCount>256</BucketCount>
        <IncludeOutOfRange>1</IncludeOutOfRange>
        <Approximate>0</Approximate>
        <HistCounts>2|2|0|0|1|0|4|2|4|1|1|1|0|3|2|1|0|3|1|3|1|1|1|3|2|4|2|2|1|6|3|2|1|6|6|6|5|7|6|2|3|3|4|7|4|4|8|11|5|6|12|14|9|16|13|6|13|18|8|15|10|6|15|9|12|11|18|14|11|23|16|13|19|17|12|8|9|17|14|13|9|8|20|12|9|11|13|11|9|14|18|12|12|13|16|18|12|17|26|34|28|28|27|23|22|30|21|27|19|29|21|11|10|10|8|4|9|11|8|10|12|15|9|15|15|9|9|9|13|11|8|14|20|12|11|12|15|12|17|11|14|20|11|17|18|21|13|25|24|19|27|20|43|25|29|45|38|26|33|34|27|32|47|51|45|46|42|28|36|29|28|28|19|30|30|39|51|41|45|40|29|35|38|26|34|34|50|49|55|70|79|63|55|59|56|72|52|38|48|37|22|26|27|35|49|30|17|22|27|23|21|32|45|112|105|96|95|152|199|160|99|107|112|103|113|229|283|228|152|126|98|157|133|123|151|168|325|474|280|200|133|62|38|11|8|9|7|4|4|4|4|3|2|0|4|0</HistCounts>
      </HistItem>
    </Histograms>
    <Metadata>
      <MDI key="LAYER_TYPE">athematic</MDI>
      <MDI key="STATISTICS_COVARIANCES">22.75197924773936</MDI>
      <MDI key="STATISTICS_EXCLUDEDVALUES"></MDI>
      <MDI key="STATISTICS_MAXIMUM">31.079986572266</MDI>
      <MDI key="STATISTICS_MEAN">25.443791516879</MDI>
      <MDI key="STATISTICS_MEDIAN">0</MDI>
      <MDI key="STATISTICS_MINIMUM">8.2023782730103</MDI>
      <MDI key="STATISTICS_MODE">0</MDI>
      <MDI key="STATISTICS_SKIPFACTORX">1</MDI>
      <MDI key="STATISTICS_SKIPFACTORY">1</MDI>
      <MDI key="STATISTICS_STDDEV">4.7699034841115</MDI>
    </Metadata>
  </PAMRasterBand>
</PAMDataset>
