<PAMDataset>
  <PAMRasterBand band="1">
    <Description>Layer_1</Description>
    <Histograms>
      <HistItem>
        <HistMin>4.8701887130737</HistMin>
        <HistMax>29.179992675781</HistMax>
        <BucketCount>256</BucketCount>
        <IncludeOutOfRange>1</IncludeOutOfRange>
        <Approximate>0</Approximate>
        <HistCounts>2|3|0|1|3|0|3|1|1|2|3|6|2|3|3|3|2|7|1|4|3|3|5|10|15|10|11|8|5|12|16|18|14|18|20|21|20|29|24|19|30|42|43|39|36|39|41|35|25|27|21|20|30|18|29|16|24|18|29|20|24|35|27|37|33|20|15|16|14|23|13|12|11|15|10|15|12|7|12|8|7|7|13|14|17|14|16|19|8|11|13|13|15|12|14|13|19|16|39|26|24|24|20|30|20|14|19|24|29|18|14|26|17|18|18|21|28|23|16|22|12|27|19|19|19|32|39|30|25|32|30|27|22|21|37|32|40|42|52|46|64|51|56|47|57|65|54|44|45|45|45|39|30|17|21|28|21|25|28|22|24|21|17|17|21|26|19|31|21|22|16|12|13|12|11|11|13|7|14|16|5|15|10|10|12|11|13|11|11|12|13|16|17|15|19|16|16|13|22|18|27|16|23|20|23|30|45|40|60|81|99|142|152|196|292|188|166|161|153|131|152|133|123|140|124|131|160|152|177|197|219|190|137|122|102|73|59|54|36|40|32|31|36|43|37|31|24|24|21|13|7|6|5|0|1|1</HistCounts>
      </HistItem>
    </Histograms>
    <Metadata>
      <MDI key="LAYER_TYPE">athematic</MDI>
      <MDI key="STATISTICS_COVARIANCES">38.94962217448212</MDI>
      <MDI key="STATISTICS_EXCLUDEDVALUES"></MDI>
      <MDI key="STATISTICS_MAXIMUM">29.179992675781</MDI>
      <MDI key="STATISTICS_MEAN">21.303755495569</MDI>
      <MDI key="STATISTICS_MEDIAN">0</MDI>
      <MDI key="STATISTICS_MINIMUM">4.8701887130737</MDI>
      <MDI key="STATISTICS_MODE">0</MDI>
      <MDI key="STATISTICS_SKIPFACTORX">1</MDI>
      <MDI key="STATISTICS_SKIPFACTORY">1</MDI>
      <MDI key="STATISTICS_STDDEV">6.2409632409174</MDI>
    </Metadata>
  </PAMRasterBand>
</PAMDataset>
