<PAMDataset>
  <PAMRasterBand band="1">
    <Description>Layer_1</Description>
    <Histograms>
      <HistItem>
        <HistMin>9.3238658905029</HistMin>
        <HistMax>30.369995117188</HistMax>
        <BucketCount>256</BucketCount>
        <IncludeOutOfRange>1</IncludeOutOfRange>
        <Approximate>0</Approximate>
        <HistCounts>1|2|0|1|2|1|1|1|2|2|1|0|1|2|0|1|0|0|0|2|1|1|2|2|3|1|0|0|0|1|6|1|0|2|1|2|3|3|0|1|2|0|4|6|2|6|4|2|4|2|5|7|6|2|5|4|5|3|5|9|9|3|10|9|13|12|9|14|18|14|11|12|13|11|14|11|11|17|13|14|10|16|16|7|17|20|19|17|16|24|11|14|23|9|12|15|21|13|12|13|9|15|20|15|15|15|19|13|19|25|14|26|8|30|19|35|25|23|21|19|20|13|15|10|5|8|9|7|8|7|10|7|7|7|8|7|8|9|15|10|10|9|13|18|8|13|11|14|12|16|21|14|17|23|25|19|23|21|22|21|27|29|35|27|28|34|33|40|51|35|39|46|46|42|48|32|36|34|39|40|47|49|53|46|30|42|41|40|31|37|38|37|39|56|49|43|36|52|42|53|66|44|52|53|62|66|105|196|138|126|122|109|114|94|107|102|107|117|163|142|120|139|143|129|119|106|148|148|135|155|166|207|190|198|213|241|208|153|90|86|110|89|72|73|104|43|19|9|7|4|4|3|4|1|3|0</HistCounts>
      </HistItem>
    </Histograms>
    <Metadata>
      <MDI key="LAYER_TYPE">athematic</MDI>
      <MDI key="STATISTICS_COVARIANCES">15.94538791013263</MDI>
      <MDI key="STATISTICS_EXCLUDEDVALUES"></MDI>
      <MDI key="STATISTICS_MAXIMUM">30.369995117188</MDI>
      <MDI key="STATISTICS_MEAN">25.476205325252</MDI>
      <MDI key="STATISTICS_MEDIAN">0</MDI>
      <MDI key="STATISTICS_MINIMUM">9.3238658905029</MDI>
      <MDI key="STATISTICS_MODE">0</MDI>
      <MDI key="STATISTICS_SKIPFACTORX">1</MDI>
      <MDI key="STATISTICS_SKIPFACTORY">1</MDI>
      <MDI key="STATISTICS_STDDEV">3.993167653647</MDI>
    </Metadata>
  </PAMRasterBand>
</PAMDataset>
