<PAMDataset>
  <PAMRasterBand band="1">
    <Description>Layer_1</Description>
    <Histograms>
      <HistItem>
        <HistMin>6.6366410255432</HistMin>
        <HistMax>30.25</HistMax>
        <BucketCount>256</BucketCount>
        <IncludeOutOfRange>1</IncludeOutOfRange>
        <Approximate>0</Approximate>
        <HistCounts>2|2|0|0|1|2|1|1|1|5|4|2|2|3|2|2|1|5|5|1|4|5|4|2|4|5|7|2|5|3|3|6|3|1|3|3|4|3|5|6|8|7|7|7|7|7|7|10|10|8|9|11|12|16|13|12|18|17|32|22|18|23|17|20|20|17|19|21|19|20|14|20|26|16|16|15|16|17|19|25|17|14|19|19|13|25|25|16|22|27|32|28|21|28|24|19|17|16|10|9|11|9|11|12|15|16|17|14|12|16|14|14|20|15|8|13|7|7|19|10|15|8|12|9|17|17|16|22|21|33|21|39|48|28|28|33|24|27|25|28|31|27|45|46|55|43|44|37|39|60|47|52|57|59|43|42|55|47|26|30|32|24|22|18|29|30|48|35|31|26|26|27|27|44|24|40|27|34|44|33|33|39|45|36|42|29|41|40|39|48|43|36|27|31|21|23|21|19|22|13|16|9|12|8|14|22|25|34|35|61|102|249|135|154|156|158|130|144|144|155|147|141|132|131|128|133|118|121|117|160|165|164|153|126|139|143|82|69|60|73|68|76|83|109|133|86|24|12|6|6|3|6|3|2|0|1</HistCounts>
      </HistItem>
    </Histograms>
    <Metadata>
      <MDI key="LAYER_TYPE">athematic</MDI>
      <MDI key="STATISTICS_COVARIANCES">27.63671293357199</MDI>
      <MDI key="STATISTICS_EXCLUDEDVALUES"></MDI>
      <MDI key="STATISTICS_MAXIMUM">30.25</MDI>
      <MDI key="STATISTICS_MEAN">23.58915079613</MDI>
      <MDI key="STATISTICS_MEDIAN">0</MDI>
      <MDI key="STATISTICS_MINIMUM">6.6366410255432</MDI>
      <MDI key="STATISTICS_MODE">0</MDI>
      <MDI key="STATISTICS_SKIPFACTORX">1</MDI>
      <MDI key="STATISTICS_SKIPFACTORY">1</MDI>
      <MDI key="STATISTICS_STDDEV">5.2570631471927</MDI>
    </Metadata>
  </PAMRasterBand>
</PAMDataset>
