<PAMDataset>
  <PAMRasterBand band="1">
    <Description>Layer_1</Description>
    <Histograms>
      <HistItem>
        <HistMin>5.5035934448242</HistMin>
        <HistMax>29.170013427734</HistMax>
        <BucketCount>256</BucketCount>
        <IncludeOutOfRange>1</IncludeOutOfRange>
        <Approximate>0</Approximate>
        <HistCounts>3|0|3|0|1|2|1|2|1|1|2|1|4|3|3|2|4|3|3|2|2|1|1|2|2|3|4|9|7|14|5|15|11|14|22|27|32|30|34|24|25|28|19|42|30|25|26|29|24|33|21|23|50|24|26|37|29|24|18|17|28|27|18|22|23|20|28|32|29|29|16|15|11|10|14|8|7|16|14|10|16|9|18|15|23|16|20|13|17|12|17|11|12|11|16|10|11|11|6|12|9|9|13|16|10|14|5|13|17|22|26|23|15|19|28|23|25|31|21|13|14|22|22|21|12|20|24|16|33|26|21|32|30|38|29|25|39|32|38|38|36|44|36|43|32|36|34|38|42|41|33|42|31|35|29|28|41|21|20|23|28|21|19|14|24|20|22|21|14|28|27|22|27|29|21|20|26|29|17|22|27|15|24|20|14|24|16|22|12|10|21|11|14|16|10|18|15|8|28|15|14|13|10|14|22|14|13|13|14|23|12|18|17|41|45|57|74|114|101|135|318|261|204|165|141|121|151|149|149|186|193|177|153|203|154|152|151|157|126|123|135|118|124|76|91|60|57|76|39|22|22|11|7|3|4|1</HistCounts>
      </HistItem>
    </Histograms>
    <Metadata>
      <MDI key="LAYER_TYPE">athematic</MDI>
      <MDI key="STATISTICS_COVARIANCES">38.24561059340715</MDI>
      <MDI key="STATISTICS_EXCLUDEDVALUES"></MDI>
      <MDI key="STATISTICS_MAXIMUM">29.170013427734</MDI>
      <MDI key="STATISTICS_MEAN">22.144662965893</MDI>
      <MDI key="STATISTICS_MEDIAN">0</MDI>
      <MDI key="STATISTICS_MINIMUM">5.5035934448242</MDI>
      <MDI key="STATISTICS_MODE">0</MDI>
      <MDI key="STATISTICS_SKIPFACTORX">1</MDI>
      <MDI key="STATISTICS_SKIPFACTORY">1</MDI>
      <MDI key="STATISTICS_STDDEV">6.1843035657548</MDI>
    </Metadata>
  </PAMRasterBand>
</PAMDataset>
