<PAMDataset>
  <PAMRasterBand band="1">
    <Description>Layer_1</Description>
    <Histograms>
      <HistItem>
        <HistMin>9.088087081909199</HistMin>
        <HistMax>30.399993896484</HistMax>
        <BucketCount>256</BucketCount>
        <IncludeOutOfRange>1</IncludeOutOfRange>
        <Approximate>0</Approximate>
        <HistCounts>2|1|0|1|0|2|1|1|0|2|1|1|0|0|1|0|0|1|0|0|0|0|3|1|4|2|0|2|2|0|0|2|3|1|2|1|1|0|2|2|0|4|3|5|3|2|1|2|1|3|3|3|3|6|4|4|0|5|8|8|8|11|8|12|19|12|15|16|16|15|17|10|9|15|11|16|12|13|10|8|9|14|14|7|14|8|18|9|15|10|7|12|15|13|15|17|19|19|14|29|18|19|26|31|35|31|19|25|27|16|26|23|23|15|21|20|16|23|14|18|32|18|21|26|21|13|15|16|11|14|7|11|10|12|15|12|14|16|17|8|20|10|14|10|12|13|20|12|18|14|16|25|26|25|34|28|32|25|27|25|33|32|30|26|32|32|28|29|37|42|42|36|46|40|48|41|48|52|55|61|63|58|60|61|62|59|72|77|75|83|67|85|68|79|114|65|46|47|31|30|32|21|25|22|19|39|33|29|30|48|47|66|104|159|213|270|280|249|221|233|188|183|156|136|148|134|143|179|255|215|159|144|97|77|76|55|41|50|62|61|51|68|40|13|7|14|18|33|34|12|9|4|4|4|2|1</HistCounts>
      </HistItem>
    </Histograms>
    <Metadata>
      <MDI key="LAYER_TYPE">athematic</MDI>
      <MDI key="STATISTICS_COVARIANCES">15.63932333699501</MDI>
      <MDI key="STATISTICS_EXCLUDEDVALUES"></MDI>
      <MDI key="STATISTICS_MAXIMUM">30.399993896484</MDI>
      <MDI key="STATISTICS_MEAN">25.033211693293</MDI>
      <MDI key="STATISTICS_MEDIAN">0</MDI>
      <MDI key="STATISTICS_MINIMUM">9.0880870819092</MDI>
      <MDI key="STATISTICS_MODE">0</MDI>
      <MDI key="STATISTICS_SKIPFACTORX">1</MDI>
      <MDI key="STATISTICS_SKIPFACTORY">1</MDI>
      <MDI key="STATISTICS_STDDEV">3.954658434934</MDI>
    </Metadata>
  </PAMRasterBand>
</PAMDataset>
