<PAMDataset>
  <PAMRasterBand band="1">
    <Description>Layer_1</Description>
    <Histograms>
      <HistItem>
        <HistMin>9.679253578186</HistMin>
        <HistMax>30.350006103516</HistMax>
        <BucketCount>256</BucketCount>
        <IncludeOutOfRange>1</IncludeOutOfRange>
        <Approximate>0</Approximate>
        <HistCounts>2|1|0|1|0|0|0|1|0|3|0|0|0|0|2|1|0|0|0|2|0|0|1|0|3|4|0|0|1|1|4|1|0|1|1|1|3|1|2|6|3|5|2|2|2|2|3|2|1|1|5|4|4|0|3|3|4|2|1|2|6|2|5|2|6|3|5|1|4|6|6|8|12|10|11|11|11|17|27|23|30|13|14|17|14|12|12|22|20|10|26|30|27|22|22|17|18|19|24|29|23|28|19|17|21|16|16|23|15|20|18|25|18|14|16|20|14|13|17|14|17|15|22|15|21|18|21|17|15|12|14|13|9|19|18|16|15|19|13|19|17|9|17|14|20|17|17|24|21|34|33|30|24|27|27|28|26|25|29|23|34|53|46|47|50|48|43|35|34|33|33|37|51|51|57|63|69|53|50|42|43|35|36|42|35|45|38|38|39|46|38|43|37|37|49|44|62|67|68|53|89|76|87|50|75|57|71|77|70|67|76|100|92|100|76|67|123|305|269|237|201|154|197|219|185|210|205|202|185|166|174|188|134|61|39|41|37|30|34|44|45|48|36|30|25|91|48|22|13|9|4|6|3|4|4|0</HistCounts>
      </HistItem>
    </Histograms>
    <Metadata>
      <MDI key="LAYER_TYPE">athematic</MDI>
      <MDI key="STATISTICS_COVARIANCES">14.31327765550491</MDI>
      <MDI key="STATISTICS_EXCLUDEDVALUES"></MDI>
      <MDI key="STATISTICS_MAXIMUM">30.350006103516</MDI>
      <MDI key="STATISTICS_MEAN">25.190539416044</MDI>
      <MDI key="STATISTICS_MEDIAN">0</MDI>
      <MDI key="STATISTICS_MINIMUM">9.679253578186</MDI>
      <MDI key="STATISTICS_MODE">0</MDI>
      <MDI key="STATISTICS_SKIPFACTORX">1</MDI>
      <MDI key="STATISTICS_SKIPFACTORY">1</MDI>
      <MDI key="STATISTICS_STDDEV">3.7832892640538</MDI>
    </Metadata>
  </PAMRasterBand>
</PAMDataset>
