<PAMDataset>
  <PAMRasterBand band="1">
    <Description>Layer_1</Description>
    <Histograms>
      <HistItem>
        <HistMin>6.2328343391418</HistMin>
        <HistMax>30.089996337891</HistMax>
        <BucketCount>256</BucketCount>
        <IncludeOutOfRange>1</IncludeOutOfRange>
        <Approximate>0</Approximate>
        <HistCounts>2|2|0|0|1|0|3|0|0|2|1|0|2|0|0|1|0|1|1|8|2|2|3|1|3|4|6|3|3|2|2|10|6|8|16|13|20|21|14|33|25|18|28|26|30|25|28|25|32|25|32|19|16|17|26|18|15|15|22|27|21|21|20|18|28|23|16|25|18|18|20|19|17|25|22|19|21|26|33|24|25|18|10|11|14|3|9|14|16|9|13|12|13|7|12|17|14|13|22|13|11|13|14|10|13|8|16|12|16|10|14|17|14|12|13|18|17|23|20|28|30|29|30|29|19|25|22|37|26|31|40|24|42|37|41|54|62|62|49|31|38|31|38|42|51|47|45|40|40|28|26|36|28|36|36|24|43|41|31|30|33|26|30|24|25|27|22|34|17|27|25|24|23|32|28|33|23|19|31|20|29|23|22|19|30|16|20|28|19|37|17|26|19|21|19|13|12|24|17|22|23|17|32|48|129|260|112|115|142|109|121|100|83|79|99|68|96|123|131|110|122|111|110|92|110|138|125|137|156|172|172|144|125|103|90|87|111|109|98|60|59|51|59|33|24|57|55|61|27|17|7|6|5|4|3|0</HistCounts>
      </HistItem>
    </Histograms>
    <Metadata>
      <MDI key="LAYER_TYPE">athematic</MDI>
      <MDI key="STATISTICS_COVARIANCES">32.81675863544415</MDI>
      <MDI key="STATISTICS_EXCLUDEDVALUES"></MDI>
      <MDI key="STATISTICS_MAXIMUM">30.089996337891</MDI>
      <MDI key="STATISTICS_MEAN">22.742928668012</MDI>
      <MDI key="STATISTICS_MEDIAN">0</MDI>
      <MDI key="STATISTICS_MINIMUM">6.2328343391418</MDI>
      <MDI key="STATISTICS_MODE">0</MDI>
      <MDI key="STATISTICS_SKIPFACTORX">1</MDI>
      <MDI key="STATISTICS_SKIPFACTORY">1</MDI>
      <MDI key="STATISTICS_STDDEV">5.7285913308111</MDI>
    </Metadata>
  </PAMRasterBand>
</PAMDataset>
