<PAMDataset>
  <PAMRasterBand band="1">
    <Description>Layer_1</Description>
    <Histograms>
      <HistItem>
        <HistMin>6.620689868927</HistMin>
        <HistMax>30.190002441406</HistMax>
        <BucketCount>256</BucketCount>
        <IncludeOutOfRange>1</IncludeOutOfRange>
        <Approximate>0</Approximate>
        <HistCounts>2|2|0|0|1|0|3|0|4|5|2|1|1|2|2|2|3|1|1|4|1|5|3|3|3|5|2|0|2|4|5|4|3|3|3|5|4|3|5|5|8|6|10|2|6|11|11|9|17|19|13|17|11|7|24|20|15|32|27|21|23|23|11|25|15|24|20|18|23|13|23|25|17|19|28|15|15|22|17|15|21|16|14|24|21|13|21|22|25|31|32|28|23|23|16|12|21|15|8|12|12|16|11|11|6|11|15|17|18|21|14|12|13|15|9|9|12|11|9|15|11|10|14|19|12|11|21|14|24|37|20|22|24|29|22|24|22|28|30|31|30|28|27|41|37|52|52|56|59|44|54|54|62|52|65|50|52|33|46|22|24|31|23|25|27|21|33|41|41|48|33|26|39|38|41|40|29|51|49|38|40|48|40|45|38|27|31|29|33|29|29|33|28|32|21|10|18|14|15|13|15|9|5|13|26|25|32|37|55|135|253|133|128|133|127|115|122|122|124|111|114|128|139|119|107|120|132|128|147|162|179|146|129|89|100|123|139|123|59|68|75|108|97|96|117|106|40|21|8|5|3|5|4|2|0|1</HistCounts>
      </HistItem>
    </Histograms>
    <Metadata>
      <MDI key="LAYER_TYPE">athematic</MDI>
      <MDI key="STATISTICS_COVARIANCES">28.02811037188659</MDI>
      <MDI key="STATISTICS_EXCLUDEDVALUES"></MDI>
      <MDI key="STATISTICS_MAXIMUM">30.190002441406</MDI>
      <MDI key="STATISTICS_MEAN">23.494279954494</MDI>
      <MDI key="STATISTICS_MEDIAN">0</MDI>
      <MDI key="STATISTICS_MINIMUM">6.620689868927</MDI>
      <MDI key="STATISTICS_MODE">0</MDI>
      <MDI key="STATISTICS_SKIPFACTORX">1</MDI>
      <MDI key="STATISTICS_SKIPFACTORY">1</MDI>
      <MDI key="STATISTICS_STDDEV">5.294158136275</MDI>
    </Metadata>
  </PAMRasterBand>
</PAMDataset>
