<PAMDataset>
  <PAMRasterBand band="1">
    <Description>Layer_1</Description>
    <Histograms>
      <HistItem>
        <HistMin>8.048316001892101</HistMin>
        <HistMax>30.979850769043</HistMax>
        <BucketCount>256</BucketCount>
        <IncludeOutOfRange>1</IncludeOutOfRange>
        <Approximate>0</Approximate>
        <HistCounts>2|3|0|1|1|2|6|1|0|2|1|0|3|1|2|2|1|0|6|0|1|3|3|4|1|2|2|2|4|4|1|2|3|2|1|3|5|8|4|4|6|4|3|6|8|6|6|2|10|12|8|9|14|12|12|14|18|11|13|12|13|16|16|10|21|16|10|14|17|8|13|19|11|13|12|15|12|13|19|16|5|12|16|8|12|16|10|13|13|7|11|14|24|13|11|13|19|20|36|24|28|27|27|24|20|25|28|26|28|17|6|9|9|5|5|10|5|9|6|8|14|8|10|9|13|16|12|15|11|8|16|8|10|14|21|13|15|20|16|20|14|25|16|9|17|17|12|19|14|16|18|20|20|38|35|19|25|37|31|26|28|28|24|30|38|48|42|48|26|26|19|21|26|28|23|23|37|58|95|91|69|52|74|57|57|58|45|54|55|64|54|50|52|43|54|43|52|43|55|50|42|37|27|21|21|28|24|23|29|30|62|101|135|137|117|131|156|125|168|139|101|111|116|223|235|162|127|104|89|105|104|119|134|125|163|208|309|415|289|197|88|35|12|13|7|9|6|7|3|5|5|2|1|2|4|0</HistCounts>
      </HistItem>
    </Histograms>
    <Metadata>
      <MDI key="LAYER_TYPE">athematic</MDI>
      <MDI key="STATISTICS_COVARIANCES">22.47399548510315</MDI>
      <MDI key="STATISTICS_EXCLUDEDVALUES"></MDI>
      <MDI key="STATISTICS_MAXIMUM">30.979850769043</MDI>
      <MDI key="STATISTICS_MEAN">25.252073217298</MDI>
      <MDI key="STATISTICS_MEDIAN">0</MDI>
      <MDI key="STATISTICS_MINIMUM">8.0483160018921</MDI>
      <MDI key="STATISTICS_MODE">0</MDI>
      <MDI key="STATISTICS_SKIPFACTORX">1</MDI>
      <MDI key="STATISTICS_SKIPFACTORY">1</MDI>
      <MDI key="STATISTICS_STDDEV">4.7406745812282</MDI>
    </Metadata>
  </PAMRasterBand>
</PAMDataset>
