<PAMDataset>
  <PAMRasterBand band="1">
    <Description>Layer_1</Description>
    <Histograms>
      <HistItem>
        <HistMin>7.4487853050232</HistMin>
        <HistMax>29.940002441406</HistMax>
        <BucketCount>256</BucketCount>
        <IncludeOutOfRange>1</IncludeOutOfRange>
        <Approximate>0</Approximate>
        <HistCounts>2|1|1|0|0|0|2|1|0|1|1|3|4|0|2|3|1|1|2|0|5|1|1|1|1|4|9|0|3|1|2|2|2|3|6|4|3|0|3|5|2|3|2|2|7|2|8|4|4|10|9|6|7|9|8|9|10|8|11|13|9|17|28|15|20|14|15|19|12|17|13|16|18|14|19|15|11|18|13|28|18|18|23|25|21|18|20|25|22|27|14|21|27|18|29|31|32|33|33|35|36|25|19|14|18|11|20|12|16|12|18|23|11|10|14|11|17|10|14|14|17|12|10|9|10|19|14|10|22|15|8|9|18|12|5|17|13|9|18|22|32|35|28|27|41|37|21|34|34|55|85|70|64|85|51|42|48|52|35|45|47|40|44|51|60|55|45|27|26|34|26|28|21|35|24|25|35|32|28|37|44|73|50|41|38|48|32|35|18|25|23|18|13|11|14|16|15|20|16|18|18|14|19|25|18|15|10|31|41|37|56|110|173|93|87|101|114|113|122|102|95|121|96|127|123|120|100|91|114|106|96|97|95|81|93|95|99|160|173|176|159|180|145|156|165|180|236|145|63|36|22|15|4|2|2|1</HistCounts>
      </HistItem>
    </Histograms>
    <Metadata>
      <MDI key="LAYER_TYPE">athematic</MDI>
      <MDI key="STATISTICS_COVARIANCES">24.73345635981898</MDI>
      <MDI key="STATISTICS_EXCLUDEDVALUES"></MDI>
      <MDI key="STATISTICS_MAXIMUM">29.940002441406</MDI>
      <MDI key="STATISTICS_MEAN">24.102258758806</MDI>
      <MDI key="STATISTICS_MEDIAN">0</MDI>
      <MDI key="STATISTICS_MINIMUM">7.4487853050232</MDI>
      <MDI key="STATISTICS_MODE">0</MDI>
      <MDI key="STATISTICS_SKIPFACTORX">1</MDI>
      <MDI key="STATISTICS_SKIPFACTORY">1</MDI>
      <MDI key="STATISTICS_STDDEV">4.9732742091925</MDI>
    </Metadata>
  </PAMRasterBand>
</PAMDataset>
