<PAMDataset>
  <PAMRasterBand band="1">
    <Description>Layer_1</Description>
    <Histograms>
      <HistItem>
        <HistMin>6.3068919181824</HistMin>
        <HistMax>30.059997558594</HistMax>
        <BucketCount>256</BucketCount>
        <IncludeOutOfRange>1</IncludeOutOfRange>
        <Approximate>0</Approximate>
        <HistCounts>2|1|1|0|1|0|3|0|0|1|2|0|0|2|0|0|2|0|1|6|2|3|2|2|2|3|6|4|2|4|3|1|5|6|4|5|10|5|11|15|16|16|19|29|20|23|13|31|20|27|34|28|28|28|27|23|27|23|20|16|24|25|16|21|25|20|24|16|21|14|27|27|17|17|23|27|22|21|32|29|27|29|23|20|18|14|10|8|11|13|12|18|17|14|17|14|13|13|17|8|12|19|13|13|14|13|8|9|15|10|14|15|15|6|16|9|15|17|20|25|17|25|21|35|39|29|16|34|40|31|30|32|30|41|47|39|69|54|29|24|28|20|29|32|33|38|30|37|37|44|36|41|27|47|33|30|41|33|25|22|34|32|41|34|27|28|30|32|31|28|25|31|39|26|34|39|36|32|38|32|25|28|24|25|24|20|20|27|19|24|18|27|11|19|12|19|18|13|23|18|27|31|27|73|150|176|125|102|103|106|108|104|108|98|103|90|93|76|97|107|90|126|118|110|118|112|102|120|129|140|135|151|175|183|152|111|102|115|86|52|66|53|70|67|52|42|61|49|41|16|8|4|6|4|2|0</HistCounts>
      </HistItem>
    </Histograms>
    <Metadata>
      <MDI key="LAYER_TYPE">athematic</MDI>
      <MDI key="STATISTICS_COVARIANCES">31.69477221329294</MDI>
      <MDI key="STATISTICS_EXCLUDEDVALUES"></MDI>
      <MDI key="STATISTICS_MAXIMUM">30.059997558594</MDI>
      <MDI key="STATISTICS_MEAN">22.895640041848</MDI>
      <MDI key="STATISTICS_MEDIAN">0</MDI>
      <MDI key="STATISTICS_MINIMUM">6.3068919181824</MDI>
      <MDI key="STATISTICS_MODE">0</MDI>
      <MDI key="STATISTICS_SKIPFACTORX">1</MDI>
      <MDI key="STATISTICS_SKIPFACTORY">1</MDI>
      <MDI key="STATISTICS_STDDEV">5.6298110282045</MDI>
    </Metadata>
  </PAMRasterBand>
</PAMDataset>
