<PAMDataset>
  <PAMRasterBand band="1">
    <Description>Layer_1</Description>
    <Histograms>
      <HistItem>
        <HistMin>6.2445158958435</HistMin>
        <HistMax>29.709991455078</HistMax>
        <BucketCount>256</BucketCount>
        <IncludeOutOfRange>1</IncludeOutOfRange>
        <Approximate>0</Approximate>
        <HistCounts>2|2|0|0|1|1|0|2|1|0|1|0|2|2|0|0|1|0|0|4|3|4|7|3|7|6|7|5|13|10|15|13|24|26|15|21|18|18|34|19|34|38|28|21|26|18|18|20|23|25|18|19|27|30|25|26|29|29|22|24|11|22|16|22|14|23|17|13|21|16|17|18|13|17|14|11|13|9|19|9|16|15|8|15|16|7|18|24|20|18|24|24|19|21|18|27|14|14|18|9|11|12|16|12|10|17|12|10|16|19|16|21|24|20|24|24|28|41|36|43|40|28|37|36|37|37|36|46|30|58|33|43|35|46|45|52|30|31|28|25|36|36|30|28|24|36|25|33|31|32|21|35|19|30|21|19|26|19|18|23|22|32|26|38|21|26|23|21|15|34|18|30|17|26|19|26|25|38|32|34|34|25|21|26|26|26|20|20|19|18|9|14|18|14|15|11|7|18|6|3|8|14|15|19|24|45|52|99|160|213|144|145|143|132|143|120|107|115|135|139|118|126|148|121|145|134|147|122|124|178|240|216|158|121|73|70|77|55|43|56|50|44|48|50|69|68|29|26|18|11|9|4|5|2|2|1</HistCounts>
      </HistItem>
    </Histograms>
    <Metadata>
      <MDI key="LAYER_TYPE">athematic</MDI>
      <MDI key="STATISTICS_COVARIANCES">33.85695895185806</MDI>
      <MDI key="STATISTICS_EXCLUDEDVALUES"></MDI>
      <MDI key="STATISTICS_MAXIMUM">29.709991455078</MDI>
      <MDI key="STATISTICS_MEAN">22.341341337639</MDI>
      <MDI key="STATISTICS_MEDIAN">0</MDI>
      <MDI key="STATISTICS_MINIMUM">6.2445158958435</MDI>
      <MDI key="STATISTICS_MODE">0</MDI>
      <MDI key="STATISTICS_SKIPFACTORX">1</MDI>
      <MDI key="STATISTICS_SKIPFACTORY">1</MDI>
      <MDI key="STATISTICS_STDDEV">5.8186732982578</MDI>
    </Metadata>
  </PAMRasterBand>
</PAMDataset>
