<PAMDataset>
  <PAMRasterBand band="1">
    <Description>Layer_1</Description>
    <Histograms>
      <HistItem>
        <HistMin>9.1263284683228</HistMin>
        <HistMax>30.329986572266</HistMax>
        <BucketCount>256</BucketCount>
        <IncludeOutOfRange>1</IncludeOutOfRange>
        <Approximate>0</Approximate>
        <HistCounts>1|1|1|1|1|1|2|0|2|1|1|1|1|1|0|3|1|0|0|1|2|2|3|1|1|3|0|5|1|2|1|4|1|2|2|2|1|1|5|3|1|2|2|1|4|5|2|0|0|3|3|2|1|2|0|2|1|0|2|0|3|4|5|2|3|6|5|7|6|7|4|6|14|8|9|12|19|16|11|12|15|15|8|10|8|10|14|13|14|16|13|7|10|13|10|13|20|19|14|18|15|20|15|12|15|18|17|11|14|9|8|14|13|15|19|15|16|14|25|26|21|16|14|16|12|27|19|16|17|14|18|16|12|14|17|12|5|6|8|7|4|8|11|6|10|9|9|16|7|9|9|12|9|11|4|10|12|13|16|8|13|11|15|16|19|18|12|29|23|35|32|26|43|31|41|45|42|33|41|27|32|31|31|40|33|31|34|33|40|32|38|28|42|39|39|34|54|41|48|53|67|63|67|72|61|58|71|65|52|62|50|68|58|103|121|106|134|217|266|244|302|201|177|157|146|160|190|197|192|228|233|225|246|205|191|207|162|135|164|147|104|75|82|40|31|17|36|10|8|6|4|6|3|4|1|0</HistCounts>
      </HistItem>
    </Histograms>
    <Metadata>
      <MDI key="LAYER_TYPE">athematic</MDI>
      <MDI key="STATISTICS_COVARIANCES">14.04044718085459</MDI>
      <MDI key="STATISTICS_EXCLUDEDVALUES"></MDI>
      <MDI key="STATISTICS_MAXIMUM">30.329986572266</MDI>
      <MDI key="STATISTICS_MEAN">25.885338938302</MDI>
      <MDI key="STATISTICS_MEDIAN">0</MDI>
      <MDI key="STATISTICS_MINIMUM">9.1263284683228</MDI>
      <MDI key="STATISTICS_MODE">0</MDI>
      <MDI key="STATISTICS_SKIPFACTORX">1</MDI>
      <MDI key="STATISTICS_SKIPFACTORY">1</MDI>
      <MDI key="STATISTICS_STDDEV">3.7470584704345</MDI>
    </Metadata>
  </PAMRasterBand>
</PAMDataset>
