<PAMDataset>
  <PAMRasterBand band="1">
    <Description>Layer_1</Description>
    <Histograms>
      <HistItem>
        <HistMin>10.064742088318</HistMin>
        <HistMax>31.029998779297</HistMax>
        <BucketCount>256</BucketCount>
        <IncludeOutOfRange>1</IncludeOutOfRange>
        <Approximate>0</Approximate>
        <HistCounts>1|2|1|0|0|0|1|1|4|1|0|1|0|1|3|2|3|0|3|1|0|0|2|5|2|1|1|1|2|4|1|1|1|0|0|1|1|0|1|3|1|0|3|3|5|2|2|3|5|1|4|2|5|2|2|7|2|3|2|3|1|2|7|2|7|1|1|2|13|4|6|8|3|11|8|8|13|17|6|10|14|18|20|6|18|27|17|14|21|18|15|25|21|15|20|17|28|17|18|19|14|14|27|21|19|28|41|36|45|28|35|30|27|25|20|20|22|14|11|7|11|10|11|15|9|9|13|12|10|8|10|11|9|20|14|17|9|16|19|20|21|16|16|22|16|14|22|30|23|20|25|18|41|38|29|35|30|17|20|20|15|33|29|36|30|38|42|34|33|28|32|31|31|38|46|59|45|49|59|78|118|111|112|123|119|109|101|89|103|83|61|54|44|40|39|43|34|29|31|33|32|25|41|43|46|58|88|149|119|158|179|192|144|180|187|191|196|189|208|220|199|171|185|160|127|129|119|134|106|104|98|101|60|50|27|32|22|37|37|31|23|31|36|46|31|25|20|12|7|7|8|3|4|0|1|0</HistCounts>
      </HistItem>
    </Histograms>
    <Metadata>
      <MDI key="LAYER_TYPE">athematic</MDI>
      <MDI key="STATISTICS_COVARIANCES">13.67343206643398</MDI>
      <MDI key="STATISTICS_EXCLUDEDVALUES"></MDI>
      <MDI key="STATISTICS_MAXIMUM">31.029998779297</MDI>
      <MDI key="STATISTICS_MEAN">25.55131022992</MDI>
      <MDI key="STATISTICS_MEDIAN">0</MDI>
      <MDI key="STATISTICS_MINIMUM">10.064742088318</MDI>
      <MDI key="STATISTICS_MODE">0</MDI>
      <MDI key="STATISTICS_SKIPFACTORX">1</MDI>
      <MDI key="STATISTICS_SKIPFACTORY">1</MDI>
      <MDI key="STATISTICS_STDDEV">3.6977604122541</MDI>
    </Metadata>
  </PAMRasterBand>
</PAMDataset>
