<PAMDataset>
  <PAMRasterBand band="1">
    <Description>Layer_1</Description>
    <Histograms>
      <HistItem>
        <HistMin>5.7728428840637</HistMin>
        <HistMax>29.450012207031</HistMax>
        <BucketCount>256</BucketCount>
        <IncludeOutOfRange>1</IncludeOutOfRange>
        <Approximate>0</Approximate>
        <HistCounts>3|1|0|0|0|3|1|0|1|0|4|1|0|1|0|1|4|4|4|4|2|6|7|3|3|3|4|4|5|6|5|6|10|8|20|17|27|32|45|31|41|32|23|22|31|32|34|18|26|13|25|24|22|23|29|22|27|25|20|30|22|35|19|32|21|32|28|41|29|25|17|19|15|12|10|9|15|12|10|4|18|13|11|16|14|24|24|15|15|16|16|14|10|11|12|14|13|15|9|10|11|8|23|12|11|12|17|16|26|31|22|26|23|23|24|23|27|23|22|21|15|23|28|31|25|22|23|29|28|45|35|47|45|49|49|51|45|38|57|51|50|50|65|40|40|43|27|37|29|23|34|30|50|27|32|32|26|30|23|19|20|24|21|23|27|20|19|27|15|10|19|21|22|17|18|14|18|12|12|13|18|11|12|6|16|16|10|15|19|17|24|17|17|14|14|17|21|18|15|16|10|13|12|11|20|18|23|39|40|52|74|100|188|221|241|155|185|181|158|144|120|142|104|107|81|109|99|99|128|104|114|97|139|175|157|172|169|152|124|83|53|51|37|45|43|36|51|58|51|48|26|12|5|7|2|1</HistCounts>
      </HistItem>
    </Histograms>
    <Metadata>
      <MDI key="LAYER_TYPE">athematic</MDI>
      <MDI key="STATISTICS_COVARIANCES">36.40352382870766</MDI>
      <MDI key="STATISTICS_EXCLUDEDVALUES"></MDI>
      <MDI key="STATISTICS_MAXIMUM">29.450012207031</MDI>
      <MDI key="STATISTICS_MEAN">22.042064164589</MDI>
      <MDI key="STATISTICS_MEDIAN">0</MDI>
      <MDI key="STATISTICS_MINIMUM">5.7728428840637</MDI>
      <MDI key="STATISTICS_MODE">0</MDI>
      <MDI key="STATISTICS_SKIPFACTORX">1</MDI>
      <MDI key="STATISTICS_SKIPFACTORY">1</MDI>
      <MDI key="STATISTICS_STDDEV">6.0335332789923</MDI>
    </Metadata>
  </PAMRasterBand>
</PAMDataset>
