<PAMDataset>
  <PAMRasterBand band="1">
    <Description>Layer_1</Description>
    <Histograms>
      <HistItem>
        <HistMin>5.0357513427734</HistMin>
        <HistMax>28.358903884888</HistMax>
        <BucketCount>256</BucketCount>
        <IncludeOutOfRange>1</IncludeOutOfRange>
        <Approximate>0</Approximate>
        <HistCounts>2|3|3|3|1|2|5|4|6|1|4|2|3|3|0|6|4|1|3|5|13|9|14|15|17|10|27|22|29|23|25|22|34|30|38|32|52|46|38|39|28|34|24|22|26|26|24|18|21|22|27|19|21|23|22|32|26|28|31|14|22|20|17|21|15|12|12|12|12|11|13|13|13|13|5|13|12|13|12|15|15|16|15|18|19|10|10|17|16|14|14|13|13|13|14|18|18|17|20|19|20|19|12|18|8|15|14|12|8|16|16|14|24|23|15|17|29|29|20|25|33|40|41|23|24|29|25|32|24|23|27|18|35|32|37|40|40|45|38|31|46|36|49|35|41|59|47|33|37|32|37|34|36|38|23|38|20|23|14|27|29|14|17|24|17|20|16|21|18|15|16|13|11|15|18|11|13|11|14|20|13|9|14|16|9|14|21|16|22|21|14|14|10|14|12|11|18|12|6|5|14|16|9|10|11|22|20|17|25|31|22|31|37|33|47|59|75|87|95|90|131|230|193|149|191|193|271|230|200|171|142|133|145|154|148|196|203|214|131|127|111|85|38|46|44|42|34|23|21|63|48|62|15|1|2|0</HistCounts>
      </HistItem>
    </Histograms>
    <Metadata>
      <MDI key="LAYER_TYPE">athematic</MDI>
      <MDI key="STATISTICS_COVARIANCES">41.28176227900762</MDI>
      <MDI key="STATISTICS_EXCLUDEDVALUES"></MDI>
      <MDI key="STATISTICS_MAXIMUM">28.358903884888</MDI>
      <MDI key="STATISTICS_MEAN">21.016610840722</MDI>
      <MDI key="STATISTICS_MEDIAN">0</MDI>
      <MDI key="STATISTICS_MINIMUM">5.0357513427734</MDI>
      <MDI key="STATISTICS_MODE">0</MDI>
      <MDI key="STATISTICS_SKIPFACTORX">1</MDI>
      <MDI key="STATISTICS_SKIPFACTORY">1</MDI>
      <MDI key="STATISTICS_STDDEV">6.4250885035934</MDI>
    </Metadata>
  </PAMRasterBand>
</PAMDataset>
