<PAMDataset>
  <PAMRasterBand band="1">
    <Description>Layer_1</Description>
    <Histograms>
      <HistItem>
        <HistMin>8.6297826766968</HistMin>
        <HistMax>30.380004882813</HistMax>
        <BucketCount>256</BucketCount>
        <IncludeOutOfRange>1</IncludeOutOfRange>
        <Approximate>0</Approximate>
        <HistCounts>1|1|1|1|2|1|1|3|1|1|0|0|0|3|1|1|1|2|3|0|3|2|1|4|3|1|1|3|3|4|6|3|2|3|3|0|1|2|5|1|0|5|1|1|3|2|1|1|2|1|8|1|1|2|1|3|1|3|4|1|4|3|3|4|2|3|12|2|6|6|6|10|12|12|14|12|14|10|11|16|7|11|17|13|14|17|14|12|12|18|15|15|12|20|21|18|17|13|17|11|19|12|19|7|12|17|7|15|16|10|17|18|10|12|22|25|15|23|21|22|10|19|15|15|8|14|14|12|11|18|12|8|5|5|6|10|6|8|6|8|6|8|11|8|8|9|11|9|12|12|11|11|9|11|9|12|13|10|14|12|17|19|26|23|20|23|20|19|23|17|22|25|19|33|33|28|41|32|31|30|39|27|27|31|29|37|41|42|47|51|46|46|29|45|36|54|51|64|59|73|86|78|75|69|68|77|74|63|53|59|79|94|79|70|72|91|143|172|226|205|167|144|164|156|187|169|145|159|184|211|153|177|203|239|198|212|247|257|180|166|169|111|76|34|62|51|20|21|5|6|4|4|4|3|3|0</HistCounts>
      </HistItem>
    </Histograms>
    <Metadata>
      <MDI key="LAYER_TYPE">athematic</MDI>
      <MDI key="STATISTICS_COVARIANCES">15.60944158346103</MDI>
      <MDI key="STATISTICS_EXCLUDEDVALUES"></MDI>
      <MDI key="STATISTICS_MAXIMUM">30.380004882813</MDI>
      <MDI key="STATISTICS_MEAN">25.817969795134</MDI>
      <MDI key="STATISTICS_MEDIAN">0</MDI>
      <MDI key="STATISTICS_MINIMUM">8.6297826766968</MDI>
      <MDI key="STATISTICS_MODE">0</MDI>
      <MDI key="STATISTICS_SKIPFACTORX">1</MDI>
      <MDI key="STATISTICS_SKIPFACTORY">1</MDI>
      <MDI key="STATISTICS_STDDEV">3.9508785837407</MDI>
    </Metadata>
  </PAMRasterBand>
</PAMDataset>
