<PAMDataset>
  <PAMRasterBand band="1">
    <Description>Layer_1</Description>
    <Histograms>
      <HistItem>
        <HistMin>5.3935775756836</HistMin>
        <HistMax>29.200012207031</HistMax>
        <BucketCount>256</BucketCount>
        <IncludeOutOfRange>1</IncludeOutOfRange>
        <Approximate>0</Approximate>
        <HistCounts>3|2|1|0|0|2|2|0|3|2|4|2|7|2|7|3|1|6|2|3|1|6|6|4|16|9|16|18|25|23|20|23|23|21|33|25|34|32|38|38|42|34|26|35|28|23|26|25|22|29|20|33|26|18|32|24|22|23|20|21|28|21|29|31|27|25|10|15|12|8|13|17|20|5|11|7|11|6|19|17|21|13|12|18|7|16|13|14|9|10|14|11|20|11|9|17|12|10|17|15|29|22|40|26|20|25|24|28|16|19|19|17|24|19|15|24|29|20|22|21|28|22|24|23|26|29|24|34|24|31|28|30|37|37|34|44|41|33|36|39|45|45|39|40|35|40|44|53|44|31|25|49|39|35|28|26|23|26|22|23|18|17|22|15|10|17|23|17|12|17|13|14|7|18|22|15|21|17|20|21|19|13|15|15|14|11|17|15|9|10|15|13|10|16|8|17|8|15|12|9|13|18|9|9|10|17|23|26|16|26|27|30|76|189|178|208|179|212|171|202|152|140|129|141|131|108|105|106|123|185|145|166|186|146|140|127|120|125|79|70|73|97|80|60|35|66|69|49|69|32|11|6|8|2|1|1</HistCounts>
      </HistItem>
    </Histograms>
    <Metadata>
      <MDI key="LAYER_TYPE">athematic</MDI>
      <MDI key="STATISTICS_COVARIANCES">40.53225046691772</MDI>
      <MDI key="STATISTICS_EXCLUDEDVALUES"></MDI>
      <MDI key="STATISTICS_MAXIMUM">29.200012207031</MDI>
      <MDI key="STATISTICS_MEAN">21.619171288354</MDI>
      <MDI key="STATISTICS_MEDIAN">0</MDI>
      <MDI key="STATISTICS_MINIMUM">5.3935775756836</MDI>
      <MDI key="STATISTICS_MODE">0</MDI>
      <MDI key="STATISTICS_SKIPFACTORX">1</MDI>
      <MDI key="STATISTICS_SKIPFACTORY">1</MDI>
      <MDI key="STATISTICS_STDDEV">6.3664943624351</MDI>
    </Metadata>
  </PAMRasterBand>
</PAMDataset>
