<PAMDataset>
  <PAMRasterBand band="1">
    <Description>Layer_1</Description>
    <Histograms>
      <HistItem>
        <HistMin>8.056444168090801</HistMin>
        <HistMax>31.040008544922</HistMax>
        <BucketCount>256</BucketCount>
        <IncludeOutOfRange>1</IncludeOutOfRange>
        <Approximate>0</Approximate>
        <HistCounts>1|0|0|0|3|2|1|4|1|2|0|2|1|2|4|1|4|3|2|6|8|1|4|2|3|3|3|3|7|3|8|6|5|2|4|6|4|1|6|6|12|4|7|4|9|19|12|20|12|14|12|3|12|13|11|10|14|9|9|13|13|6|10|4|10|11|12|8|10|15|10|17|15|21|20|13|20|13|23|24|17|13|11|12|16|15|11|24|14|21|30|16|18|20|17|21|26|20|23|18|18|18|18|24|13|15|16|22|9|10|8|7|8|6|11|10|6|17|11|16|11|14|8|15|16|17|10|12|14|12|20|22|27|18|19|15|21|26|20|29|21|20|23|23|27|29|32|26|34|35|31|20|21|23|20|20|26|30|41|39|47|32|36|32|22|25|31|24|26|24|40|29|40|42|30|36|35|32|36|40|45|44|39|51|38|43|55|46|58|65|54|47|61|54|36|29|40|40|33|30|28|36|37|27|22|34|43|28|41|69|101|104|132|128|140|146|203|180|135|105|118|112|157|163|198|145|130|122|115|121|143|178|157|169|216|270|443|240|63|22|21|50|34|23|15|14|5|5|5|3|3|3|3|1|3|0</HistCounts>
      </HistItem>
    </Histograms>
    <Metadata>
      <MDI key="LAYER_TYPE">athematic</MDI>
      <MDI key="STATISTICS_COVARIANCES">23.93659667844976</MDI>
      <MDI key="STATISTICS_EXCLUDEDVALUES"></MDI>
      <MDI key="STATISTICS_MAXIMUM">31.040008544922</MDI>
      <MDI key="STATISTICS_MEAN">25.060013599102</MDI>
      <MDI key="STATISTICS_MEDIAN">0</MDI>
      <MDI key="STATISTICS_MINIMUM">8.0564441680908</MDI>
      <MDI key="STATISTICS_MODE">0</MDI>
      <MDI key="STATISTICS_SKIPFACTORX">1</MDI>
      <MDI key="STATISTICS_SKIPFACTORY">1</MDI>
      <MDI key="STATISTICS_STDDEV">4.8925041316743</MDI>
    </Metadata>
  </PAMRasterBand>
</PAMDataset>
