<PAMDataset>
  <PAMRasterBand band="1">
    <Description>Layer_1</Description>
    <Histograms>
      <HistItem>
        <HistMin>5.5934624671936</HistMin>
        <HistMax>29.130004882813</HistMax>
        <BucketCount>256</BucketCount>
        <IncludeOutOfRange>1</IncludeOutOfRange>
        <Approximate>0</Approximate>
        <HistCounts>2|3|1|0|1|2|1|2|0|2|0|2|4|2|5|1|3|2|4|1|2|4|1|3|4|4|10|12|4|13|17|20|26|38|33|30|26|31|35|27|37|29|22|34|23|25|25|20|26|19|33|29|31|30|28|26|25|21|16|28|21|11|24|19|21|21|15|24|29|34|20|16|12|11|18|11|12|13|6|12|16|10|15|21|28|14|21|15|13|12|16|19|10|12|11|9|14|12|11|12|14|9|9|16|8|20|19|21|22|22|22|21|21|26|26|33|22|22|15|14|24|19|17|22|19|23|23|19|28|28|40|29|34|27|37|26|41|30|27|38|33|34|31|37|24|28|46|36|35|36|37|34|47|36|31|26|27|22|22|15|13|18|18|20|22|23|14|22|15|23|26|28|29|17|26|26|23|21|24|25|25|15|18|18|15|10|14|13|10|13|10|12|14|13|14|14|17|13|16|17|22|15|12|25|14|14|16|17|13|16|16|18|18|24|27|28|67|85|80|109|214|208|283|353|217|148|151|154|117|126|218|194|183|180|145|151|132|141|112|134|133|127|133|121|60|58|52|58|58|26|21|9|6|5|3|0</HistCounts>
      </HistItem>
    </Histograms>
    <Metadata>
      <MDI key="LAYER_TYPE">athematic</MDI>
      <MDI key="STATISTICS_COVARIANCES">39.08569257798542</MDI>
      <MDI key="STATISTICS_EXCLUDEDVALUES"></MDI>
      <MDI key="STATISTICS_MAXIMUM">29.130004882813</MDI>
      <MDI key="STATISTICS_MEAN">22.073432280584</MDI>
      <MDI key="STATISTICS_MEDIAN">0</MDI>
      <MDI key="STATISTICS_MINIMUM">5.5934624671936</MDI>
      <MDI key="STATISTICS_MODE">0</MDI>
      <MDI key="STATISTICS_SKIPFACTORX">1</MDI>
      <MDI key="STATISTICS_SKIPFACTORY">1</MDI>
      <MDI key="STATISTICS_STDDEV">6.251855130918</MDI>
    </Metadata>
  </PAMRasterBand>
</PAMDataset>
