<PAMDataset>
  <PAMRasterBand band="1">
    <Description>Layer_1</Description>
    <Histograms>
      <HistItem>
        <HistMin>8.797981262206999</HistMin>
        <HistMax>30.410003662109</HistMax>
        <BucketCount>256</BucketCount>
        <IncludeOutOfRange>1</IncludeOutOfRange>
        <Approximate>0</Approximate>
        <HistCounts>1|1|1|1|3|3|1|0|3|3|2|1|0|2|2|2|1|1|0|1|4|3|0|2|1|3|0|3|0|2|2|0|0|3|1|1|1|2|2|3|5|1|4|1|0|4|3|5|0|1|2|2|3|0|8|1|3|1|2|3|6|6|2|4|6|3|2|10|12|2|13|12|8|7|7|7|13|11|12|7|8|15|9|14|9|16|18|16|20|24|26|21|17|16|21|10|23|19|17|31|20|14|23|25|33|20|27|24|20|22|22|17|24|27|19|16|17|19|17|20|14|16|16|7|4|6|7|12|10|11|6|13|9|8|11|13|8|11|9|9|14|16|13|12|16|4|17|15|15|16|11|19|14|17|15|20|21|23|21|18|29|30|34|29|35|29|29|22|27|25|30|27|19|33|35|24|34|36|45|37|26|40|23|33|36|49|46|40|43|52|67|74|76|79|71|51|65|69|81|74|66|54|56|48|49|47|51|61|56|62|49|43|32|52|88|152|120|119|127|128|146|154|122|138|155|122|137|121|126|118|150|160|182|165|186|276|194|202|222|238|253|202|115|119|91|33|16|18|5|7|4|4|4|1|2|1</HistCounts>
      </HistItem>
    </Histograms>
    <Metadata>
      <MDI key="LAYER_TYPE">athematic</MDI>
      <MDI key="STATISTICS_COVARIANCES">16.81337999674514</MDI>
      <MDI key="STATISTICS_EXCLUDEDVALUES"></MDI>
      <MDI key="STATISTICS_MAXIMUM">30.410003662109</MDI>
      <MDI key="STATISTICS_MEAN">25.621208269507</MDI>
      <MDI key="STATISTICS_MEDIAN">0</MDI>
      <MDI key="STATISTICS_MINIMUM">8.797981262207</MDI>
      <MDI key="STATISTICS_MODE">0</MDI>
      <MDI key="STATISTICS_SKIPFACTORX">1</MDI>
      <MDI key="STATISTICS_SKIPFACTORY">1</MDI>
      <MDI key="STATISTICS_STDDEV">4.100412174007</MDI>
    </Metadata>
  </PAMRasterBand>
</PAMDataset>
