<PAMDataset>
  <PAMRasterBand band="1">
    <Description>Layer_1</Description>
    <Histograms>
      <HistItem>
        <HistMin>7.4206900596619</HistMin>
        <HistMax>29.980010986328</HistMax>
        <BucketCount>256</BucketCount>
        <IncludeOutOfRange>1</IncludeOutOfRange>
        <Approximate>0</Approximate>
        <HistCounts>2|1|1|0|0|0|2|2|2|4|1|0|3|1|3|1|2|1|1|4|0|2|2|2|3|6|4|2|4|0|2|4|2|2|5|5|0|2|4|1|1|2|9|9|1|4|6|4|6|9|6|8|6|13|10|19|14|14|7|12|15|9|19|11|14|15|18|17|15|16|16|23|14|18|23|23|34|16|17|21|13|27|16|16|18|22|20|10|25|17|16|18|15|18|31|33|37|35|29|39|22|16|22|10|6|5|11|18|8|9|7|10|14|18|12|11|8|17|10|12|9|19|19|7|14|24|16|20|14|13|22|4|11|9|14|10|17|11|12|10|17|14|18|27|38|30|38|31|34|35|33|35|46|64|52|73|62|64|72|58|55|49|46|31|43|36|35|36|39|37|55|43|31|19|26|23|25|35|28|27|30|43|32|44|40|46|41|46|43|45|47|34|25|25|23|19|9|19|20|18|18|15|21|18|22|29|20|41|47|86|175|133|101|106|110|113|103|110|123|129|109|124|149|128|119|99|110|103|102|103|100|92|104|116|94|84|101|128|158|128|101|104|134|250|260|273|142|51|9|12|7|2|3|3|2|1</HistCounts>
      </HistItem>
    </Histograms>
    <Metadata>
      <MDI key="LAYER_TYPE">athematic</MDI>
      <MDI key="STATISTICS_COVARIANCES">24.19293945987078</MDI>
      <MDI key="STATISTICS_EXCLUDEDVALUES"></MDI>
      <MDI key="STATISTICS_MAXIMUM">29.980010986328</MDI>
      <MDI key="STATISTICS_MEAN">24.143879251929</MDI>
      <MDI key="STATISTICS_MEDIAN">0</MDI>
      <MDI key="STATISTICS_MINIMUM">7.4206900596619</MDI>
      <MDI key="STATISTICS_MODE">0</MDI>
      <MDI key="STATISTICS_SKIPFACTORX">1</MDI>
      <MDI key="STATISTICS_SKIPFACTORY">1</MDI>
      <MDI key="STATISTICS_STDDEV">4.9186318687081</MDI>
    </Metadata>
  </PAMRasterBand>
</PAMDataset>
