<PAMDataset>
  <PAMRasterBand band="1">
    <Description>Layer_1</Description>
    <Histograms>
      <HistItem>
        <HistMin>9.0029325485229</HistMin>
        <HistMax>30.309997558594</HistMax>
        <BucketCount>256</BucketCount>
        <IncludeOutOfRange>1</IncludeOutOfRange>
        <Approximate>0</Approximate>
        <HistCounts>1|1|1|1|2|0|2|1|3|0|1|0|0|0|1|0|2|1|0|1|3|0|1|3|2|0|2|1|2|5|0|6|3|1|3|3|2|5|0|1|3|0|4|2|4|1|4|1|3|1|1|2|2|0|0|2|3|2|3|1|1|6|4|1|3|4|4|1|4|8|7|5|10|10|13|10|9|11|16|9|12|16|6|12|16|10|8|10|10|9|19|15|12|14|13|14|10|19|17|21|14|11|20|17|12|16|16|12|16|16|13|17|8|23|23|18|16|21|22|22|21|9|23|15|16|20|16|20|17|17|12|14|12|11|19|4|6|6|8|4|8|10|8|10|12|8|17|11|10|9|6|8|14|9|16|9|12|14|18|16|7|21|25|23|14|23|11|25|27|21|24|28|23|35|32|46|33|33|32|29|16|37|22|30|31|26|41|32|43|32|37|29|35|33|32|43|43|46|59|72|62|59|61|68|66|62|57|58|66|42|59|62|62|68|51|85|113|131|199|202|308|243|210|189|172|177|182|156|148|159|176|179|150|184|244|242|217|279|247|197|225|122|53|78|48|34|31|15|7|7|3|6|3|2|3|0</HistCounts>
      </HistItem>
    </Histograms>
    <Metadata>
      <MDI key="LAYER_TYPE">athematic</MDI>
      <MDI key="STATISTICS_COVARIANCES">14.48683693606612</MDI>
      <MDI key="STATISTICS_EXCLUDEDVALUES"></MDI>
      <MDI key="STATISTICS_MAXIMUM">30.309997558594</MDI>
      <MDI key="STATISTICS_MEAN">25.953123638388</MDI>
      <MDI key="STATISTICS_MEDIAN">0</MDI>
      <MDI key="STATISTICS_MINIMUM">9.0029325485229</MDI>
      <MDI key="STATISTICS_MODE">0</MDI>
      <MDI key="STATISTICS_SKIPFACTORX">1</MDI>
      <MDI key="STATISTICS_SKIPFACTORY">1</MDI>
      <MDI key="STATISTICS_STDDEV">3.806157765525</MDI>
    </Metadata>
  </PAMRasterBand>
</PAMDataset>
