<PAMDataset>
  <PAMRasterBand band="1">
    <Description>Layer_1</Description>
    <Histograms>
      <HistItem>
        <HistMin>7.322135925293</HistMin>
        <HistMax>30.649993896484</HistMax>
        <BucketCount>256</BucketCount>
        <IncludeOutOfRange>1</IncludeOutOfRange>
        <Approximate>0</Approximate>
        <HistCounts>2|2|0|0|0|2|2|0|0|2|3|4|2|1|0|5|1|0|4|2|2|2|6|2|1|2|4|2|7|1|4|4|1|3|3|7|5|9|3|3|5|6|1|5|8|4|6|5|7|5|10|11|7|10|12|8|22|8|11|15|15|15|17|10|20|11|16|13|11|15|21|11|17|11|15|11|14|21|17|22|19|27|13|12|21|5|17|12|16|8|19|10|13|15|15|19|18|22|21|19|28|18|26|28|23|35|25|19|12|10|10|6|5|8|8|9|12|7|10|6|8|9|13|9|13|11|9|19|18|9|13|8|12|14|12|15|16|21|19|22|16|16|22|15|15|11|16|18|22|27|34|43|48|43|36|43|50|53|77|77|45|49|53|43|46|57|40|35|45|54|51|34|37|39|36|43|50|44|47|41|64|56|56|68|46|41|40|42|35|45|48|42|46|46|35|32|38|30|33|30|20|26|16|15|36|52|71|131|129|123|109|110|133|151|174|182|150|124|113|103|102|114|118|99|89|116|97|99|119|118|172|185|175|143|96|114|171|263|233|187|87|43|12|18|8|11|7|8|9|3|3|2|1|3|1|1</HistCounts>
      </HistItem>
    </Histograms>
    <Metadata>
      <MDI key="LAYER_TYPE">athematic</MDI>
      <MDI key="STATISTICS_COVARIANCES">22.96699764136586</MDI>
      <MDI key="STATISTICS_EXCLUDEDVALUES"></MDI>
      <MDI key="STATISTICS_MAXIMUM">30.649993896484</MDI>
      <MDI key="STATISTICS_MEAN">24.482936656072</MDI>
      <MDI key="STATISTICS_MEDIAN">0</MDI>
      <MDI key="STATISTICS_MINIMUM">7.322135925293</MDI>
      <MDI key="STATISTICS_MODE">0</MDI>
      <MDI key="STATISTICS_SKIPFACTORX">1</MDI>
      <MDI key="STATISTICS_SKIPFACTORY">1</MDI>
      <MDI key="STATISTICS_STDDEV">4.7923895544254</MDI>
    </Metadata>
  </PAMRasterBand>
</PAMDataset>
