<PAMDataset>
  <PAMRasterBand band="1">
    <Description>Layer_1</Description>
    <Histograms>
      <HistItem>
        <HistMin>9.1120204925537</HistMin>
        <HistMax>30.329986572266</HistMax>
        <BucketCount>256</BucketCount>
        <IncludeOutOfRange>1</IncludeOutOfRange>
        <Approximate>0</Approximate>
        <HistCounts>2|2|1|3|2|0|2|2|5|1|0|1|0|0|4|0|1|2|1|3|4|2|1|2|0|0|1|1|1|3|0|2|0|4|3|4|0|3|2|4|3|2|3|6|2|2|3|5|8|7|6|1|3|10|6|7|7|12|7|9|19|15|17|9|13|12|11|7|9|5|7|5|10|8|9|7|6|11|10|7|10|5|10|8|17|15|16|16|10|15|16|13|21|15|20|22|13|19|11|8|18|16|9|11|23|15|19|16|16|20|25|19|21|26|18|23|18|26|22|19|17|21|10|12|8|5|6|11|8|2|6|3|7|12|5|5|9|12|10|6|12|13|14|8|13|19|20|19|13|18|17|21|17|17|22|19|24|20|19|21|18|26|13|19|17|22|21|22|24|21|23|27|29|36|24|31|35|32|42|50|50|34|36|33|45|43|40|50|54|55|54|47|62|81|91|86|86|120|102|99|61|57|47|55|48|55|83|61|72|51|44|38|39|37|34|28|38|87|143|171|145|152|145|228|293|261|261|338|279|185|166|168|164|169|165|183|145|197|143|97|106|111|68|24|14|16|19|26|9|6|7|4|6|1|1|0</HistCounts>
      </HistItem>
    </Histograms>
    <Metadata>
      <MDI key="LAYER_TYPE">athematic</MDI>
      <MDI key="STATISTICS_COVARIANCES">16.37018204520953</MDI>
      <MDI key="STATISTICS_EXCLUDEDVALUES"></MDI>
      <MDI key="STATISTICS_MAXIMUM">30.329986572266</MDI>
      <MDI key="STATISTICS_MEAN">25.495910003181</MDI>
      <MDI key="STATISTICS_MEDIAN">0</MDI>
      <MDI key="STATISTICS_MINIMUM">9.1120204925537</MDI>
      <MDI key="STATISTICS_MODE">0</MDI>
      <MDI key="STATISTICS_SKIPFACTORX">1</MDI>
      <MDI key="STATISTICS_SKIPFACTORY">1</MDI>
      <MDI key="STATISTICS_STDDEV">4.0460081617824</MDI>
    </Metadata>
  </PAMRasterBand>
</PAMDataset>
