<PAMDataset>
  <PAMRasterBand band="1">
    <Description>Layer_1</Description>
    <Histograms>
      <HistItem>
        <HistMin>9.9100151062012</HistMin>
        <HistMax>30.619995117188</HistMax>
        <BucketCount>256</BucketCount>
        <IncludeOutOfRange>1</IncludeOutOfRange>
        <Approximate>0</Approximate>
        <HistCounts>2|1|1|0|4|3|0|2|1|1|1|0|2|3|1|5|0|0|3|1|2|3|2|0|6|0|1|2|3|1|5|3|3|3|4|1|4|5|1|2|1|3|1|2|4|3|6|3|3|3|5|4|0|5|3|6|2|4|6|7|10|9|16|10|8|9|16|18|20|14|18|21|15|21|13|17|20|11|24|14|25|16|18|22|15|17|28|15|20|24|10|14|22|19|19|23|24|23|25|27|30|25|24|14|27|17|22|16|21|17|15|5|12|8|13|8|8|6|16|11|7|15|8|10|15|11|5|12|8|10|12|9|12|14|18|23|16|13|12|22|16|14|23|19|26|25|28|21|19|20|16|26|20|22|28|10|22|27|24|24|30|22|16|30|23|33|34|29|32|31|54|49|30|25|34|35|57|45|55|77|90|78|105|91|64|81|85|89|89|69|93|77|60|51|45|59|41|54|47|59|44|41|19|33|25|18|22|36|41|79|150|132|158|159|130|130|126|137|139|141|124|123|136|150|109|160|209|203|142|134|128|133|157|150|144|142|138|121|72|34|30|32|46|48|56|74|45|47|10|4|7|4|6|0|1|0</HistCounts>
      </HistItem>
    </Histograms>
    <Metadata>
      <MDI key="LAYER_TYPE">athematic</MDI>
      <MDI key="STATISTICS_COVARIANCES">16.68753269129819</MDI>
      <MDI key="STATISTICS_EXCLUDEDVALUES"></MDI>
      <MDI key="STATISTICS_MAXIMUM">30.619995117188</MDI>
      <MDI key="STATISTICS_MEAN">25.308303555268</MDI>
      <MDI key="STATISTICS_MEDIAN">0</MDI>
      <MDI key="STATISTICS_MINIMUM">9.9100151062012</MDI>
      <MDI key="STATISTICS_MODE">0</MDI>
      <MDI key="STATISTICS_SKIPFACTORX">1</MDI>
      <MDI key="STATISTICS_SKIPFACTORY">1</MDI>
      <MDI key="STATISTICS_STDDEV">4.08503766094</MDI>
    </Metadata>
  </PAMRasterBand>
</PAMDataset>
