<PAMDataset>
  <PAMRasterBand band="1">
    <Description>Layer_1</Description>
    <Histograms>
      <HistItem>
        <HistMin>10.084547042847</HistMin>
        <HistMax>30.609985351563</HistMax>
        <BucketCount>256</BucketCount>
        <IncludeOutOfRange>1</IncludeOutOfRange>
        <Approximate>0</Approximate>
        <HistCounts>1|2|0|2|1|0|4|3|2|0|5|0|1|1|1|2|0|1|1|2|3|3|2|4|3|2|5|2|3|4|3|3|3|2|3|1|2|4|1|5|0|2|5|0|5|2|2|4|2|1|0|2|6|3|4|6|8|5|7|6|8|3|7|6|13|10|12|12|18|12|17|18|13|21|16|23|20|21|18|11|19|9|14|20|24|22|34|27|32|22|28|26|21|21|30|19|16|20|22|23|23|17|24|27|20|20|17|23|17|24|24|4|6|5|8|8|10|10|8|7|11|8|5|8|8|13|15|13|8|6|17|12|8|12|18|12|13|14|13|8|17|14|20|16|22|21|26|17|27|14|29|17|20|14|23|19|16|33|32|38|31|36|33|30|36|27|29|31|33|59|43|31|30|51|84|73|63|76|73|74|61|81|60|60|58|81|96|90|80|66|62|68|71|63|45|34|36|34|41|55|35|28|26|27|23|35|23|24|28|48|41|102|156|216|189|136|96|136|172|147|121|136|113|156|158|157|160|167|160|135|114|111|125|129|138|176|169|119|97|80|61|39|45|49|49|50|63|54|35|4|6|5|5|3|1|0</HistCounts>
      </HistItem>
    </Histograms>
    <Metadata>
      <MDI key="LAYER_TYPE">athematic</MDI>
      <MDI key="STATISTICS_COVARIANCES">16.59186185827149</MDI>
      <MDI key="STATISTICS_EXCLUDEDVALUES"></MDI>
      <MDI key="STATISTICS_MAXIMUM">30.609985351563</MDI>
      <MDI key="STATISTICS_MEAN">25.361704762327</MDI>
      <MDI key="STATISTICS_MEDIAN">0</MDI>
      <MDI key="STATISTICS_MINIMUM">10.084547042847</MDI>
      <MDI key="STATISTICS_MODE">0</MDI>
      <MDI key="STATISTICS_SKIPFACTORX">1</MDI>
      <MDI key="STATISTICS_SKIPFACTORY">1</MDI>
      <MDI key="STATISTICS_STDDEV">4.0733109208937</MDI>
    </Metadata>
  </PAMRasterBand>
</PAMDataset>
