<PAMDataset>
  <PAMRasterBand band="1">
    <Description>Layer_1</Description>
    <Histograms>
      <HistItem>
        <HistMin>9.207085609436</HistMin>
        <HistMax>30.320007324219</HistMax>
        <BucketCount>256</BucketCount>
        <IncludeOutOfRange>1</IncludeOutOfRange>
        <Approximate>0</Approximate>
        <HistCounts>1|1|1|1|1|1|3|1|1|3|2|1|0|0|1|1|1|3|0|0|2|3|3|0|2|3|1|0|1|2|1|2|1|0|1|1|1|1|2|1|1|0|0|1|1|1|2|2|2|2|2|3|5|3|3|2|5|6|4|2|9|4|5|4|6|9|8|8|13|19|10|15|11|13|11|6|13|13|12|5|7|6|11|4|4|12|15|15|11|14|13|18|11|11|18|21|20|11|15|20|20|17|12|10|11|13|14|10|16|14|14|13|13|16|14|17|29|19|23|20|21|13|19|23|21|27|24|27|12|9|10|8|4|8|15|4|7|1|5|10|10|0|8|13|6|12|8|6|9|13|8|16|8|6|11|12|15|6|9|9|10|8|14|13|16|9|13|13|12|10|17|20|27|26|24|42|64|67|53|52|51|55|46|61|44|42|53|52|43|34|41|50|58|70|70|58|56|79|88|95|119|105|101|61|73|64|79|60|65|80|62|52|72|54|71|78|145|175|209|186|191|145|135|127|130|108|161|189|195|238|259|242|254|246|255|237|169|124|112|79|76|80|89|72|26|24|22|9|8|3|5|7|2|3|1|0</HistCounts>
      </HistItem>
    </Histograms>
    <Metadata>
      <MDI key="LAYER_TYPE">athematic</MDI>
      <MDI key="STATISTICS_COVARIANCES">14.11630536711543</MDI>
      <MDI key="STATISTICS_EXCLUDEDVALUES"></MDI>
      <MDI key="STATISTICS_MAXIMUM">30.320007324219</MDI>
      <MDI key="STATISTICS_MEAN">25.759648142539</MDI>
      <MDI key="STATISTICS_MEDIAN">0</MDI>
      <MDI key="STATISTICS_MINIMUM">9.207085609436</MDI>
      <MDI key="STATISTICS_MODE">0</MDI>
      <MDI key="STATISTICS_SKIPFACTORX">1</MDI>
      <MDI key="STATISTICS_SKIPFACTORY">1</MDI>
      <MDI key="STATISTICS_STDDEV">3.7571671997817</MDI>
    </Metadata>
  </PAMRasterBand>
</PAMDataset>
