<PAMDataset>
  <PAMRasterBand band="1">
    <Description>Layer_1</Description>
    <Histograms>
      <HistItem>
        <HistMin>9.2095346450806</HistMin>
        <HistMax>30.470001220703</HistMax>
        <BucketCount>256</BucketCount>
        <IncludeOutOfRange>1</IncludeOutOfRange>
        <Approximate>0</Approximate>
        <HistCounts>3|0|0|1|2|2|0|2|0|2|0|1|0|0|1|0|0|0|0|2|1|1|3|3|1|0|2|1|1|4|0|4|1|1|0|2|1|2|3|7|5|0|0|5|2|1|3|2|1|1|2|0|2|1|2|5|5|1|2|2|5|2|5|5|6|6|6|4|7|7|3|6|7|4|9|13|11|20|23|20|13|19|15|24|16|18|19|22|18|11|21|25|21|19|22|21|21|16|27|40|28|27|23|31|30|18|26|28|22|24|32|24|29|17|14|27|12|4|8|8|5|5|7|11|12|9|8|3|12|6|7|10|3|8|7|10|9|10|10|18|13|10|16|10|20|20|22|21|15|21|18|17|12|18|46|21|40|28|32|30|32|55|39|35|35|33|27|37|41|33|29|41|35|35|33|40|36|42|44|47|63|60|51|47|61|70|53|55|58|59|76|60|63|88|99|101|98|75|69|55|61|51|39|41|40|39|34|29|39|23|26|20|25|32|32|69|76|175|230|233|237|189|202|211|180|162|167|177|147|151|189|155|152|173|121|122|107|97|86|86|61|63|69|73|55|58|108|83|45|25|10|5|5|4|2|1</HistCounts>
      </HistItem>
    </Histograms>
    <Metadata>
      <MDI key="LAYER_TYPE">athematic</MDI>
      <MDI key="STATISTICS_COVARIANCES">16.02142127485638</MDI>
      <MDI key="STATISTICS_EXCLUDEDVALUES"></MDI>
      <MDI key="STATISTICS_MAXIMUM">30.470001220703</MDI>
      <MDI key="STATISTICS_MEAN">25.397829851746</MDI>
      <MDI key="STATISTICS_MEDIAN">0</MDI>
      <MDI key="STATISTICS_MINIMUM">9.2095346450806</MDI>
      <MDI key="STATISTICS_MODE">0</MDI>
      <MDI key="STATISTICS_SKIPFACTORX">1</MDI>
      <MDI key="STATISTICS_SKIPFACTORY">1</MDI>
      <MDI key="STATISTICS_STDDEV">4.002676763724</MDI>
    </Metadata>
  </PAMRasterBand>
</PAMDataset>
