<PAMDataset>
  <PAMRasterBand band="1">
    <Description>Layer_1</Description>
    <Histograms>
      <HistItem>
        <HistMin>6.7749714851379</HistMin>
        <HistMax>30.329986572266</HistMax>
        <BucketCount>256</BucketCount>
        <IncludeOutOfRange>1</IncludeOutOfRange>
        <Approximate>0</Approximate>
        <HistCounts>2|1|1|0|1|0|3|0|1|0|1|1|0|2|1|2|6|3|1|2|4|1|4|3|7|4|3|2|5|10|3|4|9|4|10|4|6|11|8|10|13|7|15|13|7|14|18|13|13|12|16|19|25|28|21|18|23|24|28|17|21|27|16|24|19|17|24|17|18|16|22|15|17|17|16|21|13|20|19|22|20|24|20|23|19|29|17|25|28|17|19|10|6|18|12|9|11|9|11|15|16|16|14|15|16|11|17|16|11|19|8|8|15|11|15|10|9|13|15|15|20|21|23|21|20|29|28|28|26|34|24|25|24|27|23|29|30|35|45|58|41|38|33|42|30|37|43|43|58|66|40|57|35|52|39|32|37|27|38|26|22|22|44|33|36|27|17|23|23|19|30|33|24|32|25|27|22|41|48|34|35|31|33|39|37|54|34|40|41|35|25|20|21|20|20|13|12|16|14|13|27|28|26|32|63|165|138|84|85|83|115|105|138|132|112|140|128|113|110|127|149|127|123|127|124|128|123|136|152|151|174|167|193|141|102|67|68|72|72|57|73|76|80|104|87|37|13|11|6|5|3|6|3|2|1|0</HistCounts>
      </HistItem>
    </Histograms>
    <Metadata>
      <MDI key="LAYER_TYPE">athematic</MDI>
      <MDI key="STATISTICS_COVARIANCES">28.84355665879934</MDI>
      <MDI key="STATISTICS_EXCLUDEDVALUES"></MDI>
      <MDI key="STATISTICS_MAXIMUM">30.329986572266</MDI>
      <MDI key="STATISTICS_MEAN">23.432934275109</MDI>
      <MDI key="STATISTICS_MEDIAN">0</MDI>
      <MDI key="STATISTICS_MINIMUM">6.7749714851379</MDI>
      <MDI key="STATISTICS_MODE">0</MDI>
      <MDI key="STATISTICS_SKIPFACTORX">1</MDI>
      <MDI key="STATISTICS_SKIPFACTORY">1</MDI>
      <MDI key="STATISTICS_STDDEV">5.3706197648688</MDI>
    </Metadata>
  </PAMRasterBand>
</PAMDataset>
