<PAMDataset>
  <PAMRasterBand band="1">
    <Description>Layer_1</Description>
    <Histograms>
      <HistItem>
        <HistMin>9.256793975830099</HistMin>
        <HistMax>30.730010986328</HistMax>
        <BucketCount>256</BucketCount>
        <IncludeOutOfRange>1</IncludeOutOfRange>
        <Approximate>0</Approximate>
        <HistCounts>2|2|4|3|2|0|0|1|2|2|2|1|0|2|2|2|1|1|2|1|3|2|2|3|4|2|5|2|4|1|5|1|3|3|2|3|2|1|7|2|2|2|1|1|0|3|2|2|4|2|8|0|3|1|4|4|4|5|4|5|6|10|5|8|12|13|12|7|9|12|13|10|12|18|17|17|22|18|20|17|35|23|25|20|28|20|18|18|18|23|16|32|28|32|42|30|32|28|19|20|14|13|20|16|23|19|15|11|12|11|12|4|5|9|6|3|11|6|8|11|14|10|9|6|11|15|16|13|17|9|15|10|20|14|18|15|14|18|18|17|21|27|16|20|17|22|24|17|18|15|22|48|30|20|27|28|18|25|22|24|17|16|24|25|19|17|21|36|30|30|30|22|48|37|31|24|34|38|41|32|49|38|59|51|38|62|53|50|44|47|49|39|58|64|69|66|65|64|55|55|46|39|33|30|39|59|144|138|87|83|76|72|73|97|83|115|90|105|111|117|116|106|105|123|135|122|121|124|115|172|191|161|170|248|208|186|196|215|190|177|127|129|84|60|55|46|18|17|4|7|3|4|4|1|2|1</HistCounts>
      </HistItem>
    </Histograms>
    <Metadata>
      <MDI key="LAYER_TYPE">athematic</MDI>
      <MDI key="STATISTICS_COVARIANCES">18.77934267363611</MDI>
      <MDI key="STATISTICS_EXCLUDEDVALUES"></MDI>
      <MDI key="STATISTICS_MAXIMUM">30.730010986328</MDI>
      <MDI key="STATISTICS_MEAN">25.526508801872</MDI>
      <MDI key="STATISTICS_MEDIAN">0</MDI>
      <MDI key="STATISTICS_MINIMUM">9.2567939758301</MDI>
      <MDI key="STATISTICS_MODE">0</MDI>
      <MDI key="STATISTICS_SKIPFACTORX">1</MDI>
      <MDI key="STATISTICS_SKIPFACTORY">1</MDI>
      <MDI key="STATISTICS_STDDEV">4.3335138944783</MDI>
    </Metadata>
  </PAMRasterBand>
</PAMDataset>
