<PAMDataset>
  <PAMRasterBand band="1">
    <Description>Layer_1</Description>
    <Histograms>
      <HistItem>
        <HistMin>5.381000995636</HistMin>
        <HistMax>28.125860214233</HistMax>
        <BucketCount>256</BucketCount>
        <IncludeOutOfRange>1</IncludeOutOfRange>
        <Approximate>0</Approximate>
        <HistCounts>3|5|3|0|1|6|6|4|2|0|4|3|2|3|0|3|3|0|2|8|7|8|9|11|11|14|9|11|12|20|17|17|23|24|31|30|27|27|58|70|46|52|30|35|31|28|35|26|25|26|31|35|34|38|30|39|31|34|31|44|23|10|17|9|15|13|11|11|10|8|15|11|12|9|15|11|17|11|19|18|18|15|14|15|20|22|12|11|20|13|14|14|22|17|15|26|21|20|14|17|16|17|14|17|12|26|25|20|20|24|24|26|19|19|19|29|20|25|22|19|19|23|31|42|34|27|24|35|24|29|36|31|42|31|38|34|36|34|36|31|37|32|40|49|29|37|38|36|29|31|21|32|12|20|19|25|14|19|21|18|26|20|18|27|22|13|24|11|22|17|17|20|11|12|18|13|18|13|12|11|11|17|9|9|7|13|7|13|12|11|11|15|11|14|10|12|6|12|9|9|15|7|21|10|13|14|13|21|27|27|22|29|33|30|51|67|62|65|77|125|134|184|137|194|197|253|215|182|174|200|170|167|161|136|134|161|196|180|157|177|151|118|62|41|51|45|20|23|32|42|17|29|29|51|5|1</HistCounts>
      </HistItem>
    </Histograms>
    <Metadata>
      <MDI key="LAYER_TYPE">athematic</MDI>
      <MDI key="STATISTICS_COVARIANCES">40.38496270366127</MDI>
      <MDI key="STATISTICS_EXCLUDEDVALUES"></MDI>
      <MDI key="STATISTICS_MAXIMUM">28.125860214233</MDI>
      <MDI key="STATISTICS_MEAN">20.882332043441</MDI>
      <MDI key="STATISTICS_MEDIAN">0</MDI>
      <MDI key="STATISTICS_MINIMUM">5.381000995636</MDI>
      <MDI key="STATISTICS_MODE">0</MDI>
      <MDI key="STATISTICS_SKIPFACTORX">1</MDI>
      <MDI key="STATISTICS_SKIPFACTORY">1</MDI>
      <MDI key="STATISTICS_STDDEV">6.3549164198801</MDI>
    </Metadata>
  </PAMRasterBand>
</PAMDataset>
