<PAMDataset>
  <PAMRasterBand band="1">
    <Description>Layer_1</Description>
    <Histograms>
      <HistItem>
        <HistMin>6.8285527229309</HistMin>
        <HistMax>29.940002441406</HistMax>
        <BucketCount>256</BucketCount>
        <IncludeOutOfRange>1</IncludeOutOfRange>
        <Approximate>0</Approximate>
        <HistCounts>2|2|0|0|0|1|3|0|0|1|1|1|0|2|0|5|3|1|3|1|2|3|2|2|0|7|1|2|6|0|5|0|3|3|6|3|2|3|6|5|2|2|3|1|6|6|1|3|2|5|1|6|8|13|17|10|9|11|12|13|20|13|14|20|19|21|17|25|26|21|20|28|24|28|19|16|21|14|22|23|15|21|16|20|21|25|20|21|28|27|36|45|50|29|20|19|15|20|19|14|10|15|9|11|16|9|13|18|15|23|18|23|17|16|14|12|12|9|14|11|11|19|8|10|17|11|9|18|11|22|14|20|18|26|26|27|29|27|20|32|25|21|30|25|33|31|30|45|58|52|46|58|76|94|80|69|61|49|43|43|45|49|33|58|41|38|35|26|26|39|28|20|39|26|35|40|32|38|24|27|34|31|26|29|20|33|26|29|21|34|26|38|28|29|20|20|16|23|15|13|12|12|22|14|12|14|13|21|21|28|25|36|38|71|208|126|143|142|161|161|136|141|132|150|127|124|112|112|117|101|119|84|97|88|120|138|135|118|106|106|104|133|142|157|169|156|175|100|72|59|35|8|2|2|0|1</HistCounts>
      </HistItem>
    </Histograms>
    <Metadata>
      <MDI key="LAYER_TYPE">athematic</MDI>
      <MDI key="STATISTICS_COVARIANCES">26.66301761255328</MDI>
      <MDI key="STATISTICS_EXCLUDEDVALUES"></MDI>
      <MDI key="STATISTICS_MAXIMUM">29.940002441406</MDI>
      <MDI key="STATISTICS_MEAN">23.755436767937</MDI>
      <MDI key="STATISTICS_MEDIAN">0</MDI>
      <MDI key="STATISTICS_MINIMUM">6.8285527229309</MDI>
      <MDI key="STATISTICS_MODE">0</MDI>
      <MDI key="STATISTICS_SKIPFACTORX">1</MDI>
      <MDI key="STATISTICS_SKIPFACTORY">1</MDI>
      <MDI key="STATISTICS_STDDEV">5.1636244647102</MDI>
    </Metadata>
  </PAMRasterBand>
</PAMDataset>
