<PAMDataset>
  <PAMRasterBand band="1">
    <Description>Layer_1</Description>
    <Histograms>
      <HistItem>
        <HistMin>9.2842864990234</HistMin>
        <HistMax>30.700012207031</HistMax>
        <BucketCount>256</BucketCount>
        <IncludeOutOfRange>1</IncludeOutOfRange>
        <Approximate>0</Approximate>
        <HistCounts>2|1|0|1|1|1|0|2|2|0|1|0|3|0|1|0|0|4|2|0|1|3|4|2|2|9|2|1|3|2|2|2|2|1|3|2|4|2|3|3|2|4|0|3|1|3|4|1|2|4|2|1|1|5|4|4|3|3|4|3|4|4|2|2|5|2|7|9|9|5|7|9|13|14|18|20|20|18|19|21|17|16|9|10|13|11|14|20|11|15|11|15|14|9|16|20|23|26|20|26|30|33|18|18|32|27|25|19|26|20|25|24|26|22|24|20|17|15|13|15|12|12|21|12|23|22|13|12|9|9|12|11|9|12|5|22|10|17|16|17|17|14|11|14|13|16|21|14|27|19|23|31|28|23|21|27|23|23|19|34|24|25|24|24|26|28|27|30|41|41|49|41|38|43|42|47|47|57|67|73|77|78|71|85|100|94|92|88|73|69|56|59|57|67|56|66|69|52|32|35|20|27|17|11|20|21|46|65|67|81|181|151|220|240|213|173|187|228|206|177|165|152|155|157|160|184|216|171|159|208|99|58|42|42|41|37|37|38|37|47|51|68|31|77|46|57|16|9|7|8|2|6|2|5|0|1</HistCounts>
      </HistItem>
    </Histograms>
    <Metadata>
      <MDI key="LAYER_TYPE">athematic</MDI>
      <MDI key="STATISTICS_COVARIANCES">15.47035994590067</MDI>
      <MDI key="STATISTICS_EXCLUDEDVALUES"></MDI>
      <MDI key="STATISTICS_MAXIMUM">30.700012207031</MDI>
      <MDI key="STATISTICS_MEAN">25.223098606269</MDI>
      <MDI key="STATISTICS_MEDIAN">0</MDI>
      <MDI key="STATISTICS_MINIMUM">9.2842864990234</MDI>
      <MDI key="STATISTICS_MODE">0</MDI>
      <MDI key="STATISTICS_SKIPFACTORX">1</MDI>
      <MDI key="STATISTICS_SKIPFACTORY">1</MDI>
      <MDI key="STATISTICS_STDDEV">3.9332378450712</MDI>
    </Metadata>
  </PAMRasterBand>
</PAMDataset>
