<PAMDataset>
  <PAMRasterBand band="1">
    <Description>Layer_1</Description>
    <Histograms>
      <HistItem>
        <HistMin>8.9021968841553</HistMin>
        <HistMax>30.619995117188</HistMax>
        <BucketCount>256</BucketCount>
        <IncludeOutOfRange>1</IncludeOutOfRange>
        <Approximate>0</Approximate>
        <HistCounts>3|1|1|0|3|0|1|0|0|1|2|1|0|0|2|2|1|5|0|1|3|2|1|1|6|2|5|0|3|4|3|5|2|6|2|2|3|2|1|2|3|3|2|2|3|1|4|2|1|0|3|4|5|3|1|4|1|2|4|0|3|4|2|0|2|10|6|13|18|20|22|20|10|17|11|15|12|14|7|14|13|15|11|12|11|15|13|15|18|12|18|13|15|9|19|16|11|16|16|22|16|21|20|19|18|24|21|25|32|20|21|22|22|20|14|16|16|9|14|14|10|9|7|8|9|7|6|8|2|4|6|7|8|6|6|14|13|11|15|9|15|17|15|7|15|7|7|12|11|12|14|15|21|33|28|20|21|23|26|25|22|30|32|30|32|34|31|37|23|40|32|44|33|38|33|49|41|56|59|48|50|51|39|46|54|65|66|52|40|48|45|54|59|59|35|56|54|67|70|65|72|78|92|81|54|44|107|166|106|82|79|81|77|106|146|85|76|82|94|124|141|101|106|78|103|107|128|117|130|189|200|205|206|234|218|299|229|193|121|138|81|65|74|86|97|29|18|9|6|3|2|8|2|2|1|0</HistCounts>
      </HistItem>
    </Histograms>
    <Metadata>
      <MDI key="LAYER_TYPE">athematic</MDI>
      <MDI key="STATISTICS_COVARIANCES">16.70239870492112</MDI>
      <MDI key="STATISTICS_EXCLUDEDVALUES"></MDI>
      <MDI key="STATISTICS_MAXIMUM">30.619995117188</MDI>
      <MDI key="STATISTICS_MEAN">25.609381685035</MDI>
      <MDI key="STATISTICS_MEDIAN">0</MDI>
      <MDI key="STATISTICS_MINIMUM">8.9021968841553</MDI>
      <MDI key="STATISTICS_MODE">0</MDI>
      <MDI key="STATISTICS_SKIPFACTORX">1</MDI>
      <MDI key="STATISTICS_SKIPFACTORY">1</MDI>
      <MDI key="STATISTICS_STDDEV">4.0868568246173</MDI>
    </Metadata>
  </PAMRasterBand>
</PAMDataset>
