<PAMDataset>
  <PAMRasterBand band="1">
    <Description>Layer_1</Description>
    <Histograms>
      <HistItem>
        <HistMin>7.746187210083</HistMin>
        <HistMax>30.889984130859</HistMax>
        <BucketCount>256</BucketCount>
        <IncludeOutOfRange>1</IncludeOutOfRange>
        <Approximate>0</Approximate>
        <HistCounts>2|2|0|0|0|3|2|3|2|2|3|0|3|1|2|1|1|0|1|4|2|4|2|3|2|2|0|2|4|2|1|3|7|5|2|2|5|2|5|9|5|4|4|4|6|7|2|12|7|6|10|10|13|7|9|10|11|11|24|18|17|15|15|18|13|16|15|17|13|12|12|20|20|14|20|23|11|19|14|21|11|13|15|15|4|17|9|16|9|13|18|18|15|20|22|20|17|23|20|17|31|16|19|17|23|18|25|20|13|13|10|5|3|6|5|10|6|7|10|4|9|9|7|9|7|9|11|7|11|9|12|12|14|16|11|21|12|21|10|20|14|21|29|17|19|23|21|10|21|17|19|20|24|33|34|25|31|31|25|29|25|42|29|42|54|57|33|22|32|23|20|21|22|27|26|21|36|47|46|69|70|47|56|64|65|58|60|57|54|52|52|48|57|42|60|57|44|46|45|43|49|38|39|32|21|24|21|24|26|38|26|89|96|138|129|237|170|130|107|90|106|159|228|216|107|116|119|116|115|97|122|137|143|138|157|179|278|329|275|250|128|105|32|15|12|11|13|6|5|4|6|3|4|3|3|1</HistCounts>
      </HistItem>
    </Histograms>
    <Metadata>
      <MDI key="LAYER_TYPE">athematic</MDI>
      <MDI key="STATISTICS_COVARIANCES">23.25999313586563</MDI>
      <MDI key="STATISTICS_EXCLUDEDVALUES"></MDI>
      <MDI key="STATISTICS_MAXIMUM">30.889984130859</MDI>
      <MDI key="STATISTICS_MEAN">25.147085026805</MDI>
      <MDI key="STATISTICS_MEDIAN">0</MDI>
      <MDI key="STATISTICS_MINIMUM">7.746187210083</MDI>
      <MDI key="STATISTICS_MODE">0</MDI>
      <MDI key="STATISTICS_SKIPFACTORX">1</MDI>
      <MDI key="STATISTICS_SKIPFACTORY">1</MDI>
      <MDI key="STATISTICS_STDDEV">4.8228615090904</MDI>
    </Metadata>
  </PAMRasterBand>
</PAMDataset>
