<PAMDataset>
  <PAMRasterBand band="1">
    <Description>Layer_1</Description>
    <Histograms>
      <HistItem>
        <HistMin>9.510684013366699</HistMin>
        <HistMax>30.709991455078</HistMax>
        <BucketCount>256</BucketCount>
        <IncludeOutOfRange>1</IncludeOutOfRange>
        <Approximate>0</Approximate>
        <HistCounts>1|0|4|2|2|1|0|2|3|1|1|0|0|2|1|0|3|2|2|2|1|2|2|2|0|3|5|4|2|1|3|5|2|5|1|3|2|5|0|3|3|5|1|0|3|2|2|3|3|1|2|2|5|4|4|5|3|5|5|2|7|5|5|5|7|7|6|14|13|12|16|13|10|19|18|20|9|20|25|25|21|22|22|16|23|29|28|19|30|24|34|31|37|30|32|21|18|24|22|21|21|21|14|19|22|15|17|20|8|11|10|10|9|16|11|13|13|15|8|10|10|14|10|19|17|5|18|17|20|8|19|12|20|16|14|7|16|13|14|23|24|14|20|17|23|15|21|22|44|32|21|18|21|28|25|24|19|21|21|15|14|25|24|20|19|28|28|26|27|30|39|32|35|32|42|34|33|34|62|63|52|52|50|44|36|41|42|34|40|39|36|56|54|69|64|59|73|55|57|49|36|40|26|31|31|117|112|96|85|65|82|82|94|105|89|90|90|103|100|102|121|117|100|106|115|106|99|97|104|122|146|168|189|205|261|228|229|219|180|169|124|120|159|88|52|56|35|20|5|7|3|4|4|1|2|1</HistCounts>
      </HistItem>
    </Histograms>
    <Metadata>
      <MDI key="LAYER_TYPE">athematic</MDI>
      <MDI key="STATISTICS_COVARIANCES">18.56750097697362</MDI>
      <MDI key="STATISTICS_EXCLUDEDVALUES"></MDI>
      <MDI key="STATISTICS_MAXIMUM">30.709991455078</MDI>
      <MDI key="STATISTICS_MEAN">25.553841187655</MDI>
      <MDI key="STATISTICS_MEDIAN">0</MDI>
      <MDI key="STATISTICS_MINIMUM">9.5106840133667</MDI>
      <MDI key="STATISTICS_MODE">0</MDI>
      <MDI key="STATISTICS_SKIPFACTORX">1</MDI>
      <MDI key="STATISTICS_SKIPFACTORY">1</MDI>
      <MDI key="STATISTICS_STDDEV">4.3090023180515</MDI>
    </Metadata>
  </PAMRasterBand>
</PAMDataset>
