<PAMDataset>
  <PAMRasterBand band="1">
    <Description>Layer_1</Description>
    <Histograms>
      <HistItem>
        <HistMin>5.3776264190674</HistMin>
        <HistMax>29.170013427734</HistMax>
        <BucketCount>256</BucketCount>
        <IncludeOutOfRange>1</IncludeOutOfRange>
        <Approximate>0</Approximate>
        <HistCounts>3|2|1|0|0|2|2|0|3|2|3|5|4|5|10|1|2|6|1|2|6|16|14|11|28|23|26|28|29|29|28|30|26|35|30|39|50|48|46|38|34|28|28|29|23|24|20|20|27|17|20|17|17|22|35|18|29|24|30|23|17|15|9|10|17|13|7|21|13|13|10|13|10|7|16|26|16|9|18|14|14|15|11|14|10|8|12|15|13|12|10|17|17|29|30|30|18|21|18|24|27|16|17|20|25|25|13|21|18|18|11|18|21|15|16|18|24|29|37|32|25|18|31|20|30|29|28|38|26|25|28|34|30|39|24|28|31|33|35|41|41|49|42|36|43|48|50|43|49|32|26|30|32|26|21|26|35|30|32|34|32|22|29|28|16|13|8|19|13|13|10|12|10|17|17|14|17|18|16|20|21|20|11|17|10|9|12|20|6|11|6|6|11|12|6|11|15|14|11|13|8|16|10|15|18|22|20|32|57|65|103|165|184|202|270|246|193|171|124|116|102|98|85|97|108|122|153|129|138|140|154|159|182|137|130|100|73|80|111|87|60|38|24|32|16|41|51|42|57|38|13|5|8|2|1|1</HistCounts>
      </HistItem>
    </Histograms>
    <Metadata>
      <MDI key="LAYER_TYPE">athematic</MDI>
      <MDI key="STATISTICS_COVARIANCES">41.24497106099939</MDI>
      <MDI key="STATISTICS_EXCLUDEDVALUES"></MDI>
      <MDI key="STATISTICS_MAXIMUM">29.170013427734</MDI>
      <MDI key="STATISTICS_MEAN">21.290797180796</MDI>
      <MDI key="STATISTICS_MEDIAN">0</MDI>
      <MDI key="STATISTICS_MINIMUM">5.3776264190674</MDI>
      <MDI key="STATISTICS_MODE">0</MDI>
      <MDI key="STATISTICS_SKIPFACTORX">1</MDI>
      <MDI key="STATISTICS_SKIPFACTORY">1</MDI>
      <MDI key="STATISTICS_STDDEV">6.4222247750292</MDI>
    </Metadata>
  </PAMRasterBand>
</PAMDataset>
