<PAMDataset>
  <PAMRasterBand band="1">
    <Description>Layer_1</Description>
    <Histograms>
      <HistItem>
        <HistMin>7.5961751937866</HistMin>
        <HistMax>30.619995117188</HistMax>
        <BucketCount>256</BucketCount>
        <IncludeOutOfRange>1</IncludeOutOfRange>
        <Approximate>0</Approximate>
        <HistCounts>2|1|1|0|0|2|2|0|0|1|2|0|1|1|0|0|1|0|0|4|4|2|1|2|3|2|0|1|3|5|4|0|1|1|4|2|3|5|8|4|5|7|2|1|8|6|6|8|4|11|12|8|6|26|15|14|15|12|12|12|20|13|21|11|18|23|8|10|13|10|12|16|14|9|18|12|19|20|16|10|13|18|15|11|15|19|10|20|17|9|14|18|10|15|15|14|18|17|18|30|19|31|35|32|31|37|28|18|10|14|5|5|7|6|7|4|7|10|6|3|12|7|11|5|5|15|9|8|12|6|11|15|15|15|16|20|16|23|17|20|17|25|22|19|17|23|17|13|16|31|19|24|25|38|42|37|38|39|30|34|27|45|46|44|37|36|28|34|26|44|28|37|32|50|45|44|40|29|30|41|40|60|32|42|43|41|43|37|45|54|53|46|58|54|56|43|54|40|48|38|38|29|31|28|18|30|20|32|36|56|73|66|137|165|133|123|102|140|136|166|113|98|91|99|135|140|133|125|102|109|142|176|153|165|175|202|246|243|213|245|212|181|105|33|12|17|9|10|9|4|2|2|2|2|2|0</HistCounts>
      </HistItem>
    </Histograms>
    <Metadata>
      <MDI key="LAYER_TYPE">athematic</MDI>
      <MDI key="STATISTICS_COVARIANCES">23.0534875789252</MDI>
      <MDI key="STATISTICS_EXCLUDEDVALUES"></MDI>
      <MDI key="STATISTICS_MAXIMUM">30.619995117188</MDI>
      <MDI key="STATISTICS_MEAN">24.914928208916</MDI>
      <MDI key="STATISTICS_MEDIAN">0</MDI>
      <MDI key="STATISTICS_MINIMUM">7.5961751937866</MDI>
      <MDI key="STATISTICS_MODE">0</MDI>
      <MDI key="STATISTICS_SKIPFACTORX">1</MDI>
      <MDI key="STATISTICS_SKIPFACTORY">1</MDI>
      <MDI key="STATISTICS_STDDEV">4.8014047505834</MDI>
    </Metadata>
  </PAMRasterBand>
</PAMDataset>
