<PAMDataset>
  <PAMRasterBand band="1">
    <Description>Layer_1</Description>
    <Histograms>
      <HistItem>
        <HistMin>8.662910461425801</HistMin>
        <HistMax>30.399993896484</HistMax>
        <BucketCount>256</BucketCount>
        <IncludeOutOfRange>1</IncludeOutOfRange>
        <Approximate>0</Approximate>
        <HistCounts>1|1|1|2|3|1|2|2|3|3|0|1|0|2|2|2|2|1|1|3|2|2|1|1|3|0|2|2|1|3|2|1|0|1|0|5|3|3|2|3|3|1|0|4|3|2|1|1|0|5|1|1|0|4|6|1|1|3|2|4|3|1|6|2|3|5|11|7|8|11|10|10|11|6|6|7|9|9|7|8|9|9|5|13|8|15|11|9|11|8|17|19|13|13|16|17|18|23|23|16|10|16|22|22|15|14|17|19|18|21|14|21|30|33|26|26|18|21|19|18|15|13|22|15|15|19|11|12|11|6|5|9|7|10|9|10|7|10|7|14|18|7|7|12|8|17|12|11|3|14|11|7|14|18|12|10|12|11|11|13|17|14|25|23|19|24|18|17|29|22|24|33|29|28|37|32|23|37|20|37|29|38|29|41|35|47|54|42|34|35|44|41|58|51|53|61|61|65|66|81|65|69|59|82|86|71|71|64|83|78|59|69|66|68|88|151|189|174|152|162|136|128|129|139|163|174|160|171|110|116|191|164|160|176|181|247|228|209|204|258|251|161|76|52|51|45|17|21|6|8|1|4|5|2|2|1</HistCounts>
      </HistItem>
    </Histograms>
    <Metadata>
      <MDI key="LAYER_TYPE">athematic</MDI>
      <MDI key="STATISTICS_COVARIANCES">15.72544617049271</MDI>
      <MDI key="STATISTICS_EXCLUDEDVALUES"></MDI>
      <MDI key="STATISTICS_MAXIMUM">30.399993896484</MDI>
      <MDI key="STATISTICS_MEAN">25.775731968989</MDI>
      <MDI key="STATISTICS_MEDIAN">0</MDI>
      <MDI key="STATISTICS_MINIMUM">8.6629104614258</MDI>
      <MDI key="STATISTICS_MODE">0</MDI>
      <MDI key="STATISTICS_SKIPFACTORX">1</MDI>
      <MDI key="STATISTICS_SKIPFACTORY">1</MDI>
      <MDI key="STATISTICS_STDDEV">3.965532268245</MDI>
    </Metadata>
  </PAMRasterBand>
</PAMDataset>
