<PAMDataset>
  <PAMRasterBand band="1">
    <Description>Layer_1</Description>
    <Histograms>
      <HistItem>
        <HistMin>9.214041709899901</HistMin>
        <HistMax>30.970001220703</HistMax>
        <BucketCount>256</BucketCount>
        <IncludeOutOfRange>1</IncludeOutOfRange>
        <Approximate>0</Approximate>
        <HistCounts>1|3|0|0|0|2|0|0|1|1|0|4|1|2|1|3|2|3|2|4|2|2|5|6|3|0|5|3|5|6|5|2|4|3|5|5|2|3|4|4|4|9|6|5|6|13|17|7|12|15|19|14|16|18|12|18|13|17|3|11|13|17|14|10|17|15|14|13|17|21|13|11|15|9|16|14|16|15|13|10|18|18|15|10|19|23|12|22|35|26|33|12|30|19|21|22|20|17|20|20|13|15|11|10|8|8|13|4|9|8|10|15|21|8|9|17|10|12|13|13|14|20|15|9|11|21|18|15|13|15|16|22|15|15|16|18|18|20|23|18|23|10|23|18|22|17|22|23|19|32|20|24|36|29|33|36|38|35|45|32|48|37|36|26|33|23|28|31|40|29|31|40|41|30|42|35|54|40|48|54|30|38|35|33|40|35|51|34|42|41|58|45|39|28|36|34|34|43|41|38|43|35|40|70|88|155|145|83|105|98|136|117|135|150|132|137|134|120|153|128|107|118|120|125|96|97|100|181|202|247|294|261|345|210|141|68|54|59|34|22|35|38|28|16|14|8|7|6|4|1|5|2|3|1|2|1</HistCounts>
      </HistItem>
    </Histograms>
    <Metadata>
      <MDI key="LAYER_TYPE">athematic</MDI>
      <MDI key="STATISTICS_COVARIANCES">20.75153989988469</MDI>
      <MDI key="STATISTICS_EXCLUDEDVALUES"></MDI>
      <MDI key="STATISTICS_MAXIMUM">30.970001220703</MDI>
      <MDI key="STATISTICS_MEAN">25.160283703909</MDI>
      <MDI key="STATISTICS_MEDIAN">0</MDI>
      <MDI key="STATISTICS_MINIMUM">9.2140417098999</MDI>
      <MDI key="STATISTICS_MODE">0</MDI>
      <MDI key="STATISTICS_SKIPFACTORX">1</MDI>
      <MDI key="STATISTICS_SKIPFACTORY">1</MDI>
      <MDI key="STATISTICS_STDDEV">4.5553858124076</MDI>
    </Metadata>
  </PAMRasterBand>
</PAMDataset>
