<PAMDataset>
  <PAMRasterBand band="1">
    <Description>Layer_1</Description>
    <Histograms>
      <HistItem>
        <HistMin>8.496187210083001</HistMin>
        <HistMax>30.809997558594</HistMax>
        <BucketCount>256</BucketCount>
        <IncludeOutOfRange>1</IncludeOutOfRange>
        <Approximate>0</Approximate>
        <HistCounts>2|2|0|1|0|2|2|6|0|0|3|0|1|3|2|0|0|2|4|2|0|1|1|2|3|4|5|0|2|4|6|5|5|2|2|2|5|5|5|6|4|6|0|2|7|7|8|4|8|10|18|15|8|9|12|10|12|13|11|11|11|3|15|15|4|11|9|5|15|16|12|21|12|17|18|12|15|16|13|8|18|14|12|11|15|10|13|13|9|13|17|16|9|13|16|20|25|23|17|27|24|21|18|33|20|26|24|20|32|27|20|27|13|9|9|11|6|10|12|11|14|13|10|11|11|12|10|10|13|17|14|10|12|11|19|28|21|23|21|22|27|22|22|21|22|27|19|24|31|32|33|26|32|30|25|16|26|23|31|36|45|32|33|35|32|33|29|20|31|28|20|17|27|26|23|30|52|33|34|38|37|27|36|35|35|27|40|64|69|62|68|70|53|44|62|38|45|51|44|57|52|36|34|42|30|30|29|25|18|22|22|30|21|28|25|37|70|95|161|124|137|144|176|143|134|128|189|215|252|203|124|114|103|107|148|141|150|160|216|377|534|244|86|49|29|20|8|9|5|3|4|3|3|3|2|0</HistCounts>
      </HistItem>
    </Histograms>
    <Metadata>
      <MDI key="LAYER_TYPE">athematic</MDI>
      <MDI key="STATISTICS_COVARIANCES">22.39033479372518</MDI>
      <MDI key="STATISTICS_EXCLUDEDVALUES"></MDI>
      <MDI key="STATISTICS_MAXIMUM">30.809997558594</MDI>
      <MDI key="STATISTICS_MEAN">25.399193570257</MDI>
      <MDI key="STATISTICS_MEDIAN">0</MDI>
      <MDI key="STATISTICS_MINIMUM">8.496187210083</MDI>
      <MDI key="STATISTICS_MODE">0</MDI>
      <MDI key="STATISTICS_SKIPFACTORX">1</MDI>
      <MDI key="STATISTICS_SKIPFACTORY">1</MDI>
      <MDI key="STATISTICS_STDDEV">4.7318426425363</MDI>
    </Metadata>
  </PAMRasterBand>
</PAMDataset>
