<PAMDataset>
  <PAMRasterBand band="1">
    <Description>Layer_1</Description>
    <Histograms>
      <HistItem>
        <HistMin>9.0080833435059</HistMin>
        <HistMax>30.389984130859</HistMax>
        <BucketCount>256</BucketCount>
        <IncludeOutOfRange>1</IncludeOutOfRange>
        <Approximate>0</Approximate>
        <HistCounts>3|0|1|1|0|0|2|0|1|2|0|2|2|1|1|0|0|3|0|1|1|0|2|1|2|0|3|2|0|1|1|0|1|5|1|6|4|5|3|3|5|6|3|4|5|2|4|6|6|2|6|3|5|6|6|6|4|11|8|10|6|16|8|11|16|17|17|7|16|10|10|11|12|9|11|14|6|13|13|14|9|13|6|12|18|18|16|13|19|14|10|15|15|13|20|28|11|17|14|19|9|20|14|20|13|10|24|20|29|23|20|22|44|28|24|25|14|19|17|10|11|8|6|14|6|10|8|8|9|10|13|12|13|11|14|11|14|18|18|11|15|22|12|29|13|26|14|18|19|17|21|24|26|17|20|19|19|35|24|27|31|27|31|44|33|47|32|47|43|38|41|37|50|60|41|41|41|40|29|31|33|37|50|40|37|40|33|33|36|36|42|64|41|46|46|38|40|34|30|38|46|43|54|42|40|51|167|187|189|102|114|128|112|114|122|119|150|148|158|152|112|129|114|107|98|103|103|112|131|139|165|166|177|228|252|293|169|151|105|73|53|49|52|93|68|45|13|12|8|3|4|3|4|1|2|1</HistCounts>
      </HistItem>
    </Histograms>
    <Metadata>
      <MDI key="LAYER_TYPE">athematic</MDI>
      <MDI key="STATISTICS_COVARIANCES">17.11533677016648</MDI>
      <MDI key="STATISTICS_EXCLUDEDVALUES"></MDI>
      <MDI key="STATISTICS_MAXIMUM">30.389984130859</MDI>
      <MDI key="STATISTICS_MEAN">25.218167507784</MDI>
      <MDI key="STATISTICS_MEDIAN">0</MDI>
      <MDI key="STATISTICS_MINIMUM">9.0080833435059</MDI>
      <MDI key="STATISTICS_MODE">0</MDI>
      <MDI key="STATISTICS_SKIPFACTORX">1</MDI>
      <MDI key="STATISTICS_SKIPFACTORY">1</MDI>
      <MDI key="STATISTICS_STDDEV">4.1370686204324</MDI>
    </Metadata>
  </PAMRasterBand>
</PAMDataset>
