<PAMDataset>
  <PAMRasterBand band="1">
    <Description>Layer_1</Description>
    <Histograms>
      <HistItem>
        <HistMin>8.988308906555201</HistMin>
        <HistMax>30.450012207031</HistMax>
        <BucketCount>256</BucketCount>
        <IncludeOutOfRange>1</IncludeOutOfRange>
        <Approximate>0</Approximate>
        <HistCounts>3|0|1|0|2|3|2|1|0|0|1|1|0|0|0|0|0|0|1|3|1|2|1|1|2|0|4|0|1|1|4|2|0|2|0|2|3|2|0|0|2|6|2|4|0|1|0|4|2|3|2|1|3|3|2|1|1|1|3|5|1|3|1|0|7|2|6|8|5|5|6|5|3|5|6|9|11|6|14|3|12|12|14|22|16|16|21|25|23|23|27|20|14|21|38|13|26|24|28|23|30|34|31|27|38|27|22|25|21|25|26|27|30|24|19|20|25|15|11|8|6|9|6|7|10|11|8|5|8|6|9|9|3|10|10|12|4|9|9|11|9|11|13|13|18|16|15|16|17|18|16|14|21|16|13|17|14|27|32|39|34|36|28|37|49|44|41|33|30|28|39|26|31|31|21|35|33|42|44|30|33|40|52|60|71|67|84|94|86|65|52|69|61|74|97|77|68|69|78|73|72|67|56|43|41|30|35|35|43|38|25|26|30|18|41|52|75|69|77|225|230|272|248|210|199|197|166|181|121|177|212|166|160|134|134|119|175|142|127|112|97|73|83|104|25|20|56|67|74|24|8|4|6|3|2|1</HistCounts>
      </HistItem>
    </Histograms>
    <Metadata>
      <MDI key="LAYER_TYPE">athematic</MDI>
      <MDI key="STATISTICS_COVARIANCES">15.96328290596919</MDI>
      <MDI key="STATISTICS_EXCLUDEDVALUES"></MDI>
      <MDI key="STATISTICS_MAXIMUM">30.450012207031</MDI>
      <MDI key="STATISTICS_MEAN">25.455259570559</MDI>
      <MDI key="STATISTICS_MEDIAN">0</MDI>
      <MDI key="STATISTICS_MINIMUM">8.9883089065552</MDI>
      <MDI key="STATISTICS_MODE">0</MDI>
      <MDI key="STATISTICS_SKIPFACTORX">1</MDI>
      <MDI key="STATISTICS_SKIPFACTORY">1</MDI>
      <MDI key="STATISTICS_STDDEV">3.9954077271249</MDI>
    </Metadata>
  </PAMRasterBand>
</PAMDataset>
