<PAMDataset>
  <PAMRasterBand band="1">
    <Description>Layer_1</Description>
    <Histograms>
      <HistItem>
        <HistMin>7.608651638031</HistMin>
        <HistMax>31.089996337891</HistMax>
        <BucketCount>256</BucketCount>
        <IncludeOutOfRange>1</IncludeOutOfRange>
        <Approximate>0</Approximate>
        <HistCounts>1|0|0|0|3|0|2|1|1|3|2|1|0|1|2|4|0|3|1|2|3|6|5|5|4|3|3|1|4|6|2|5|4|4|5|1|4|3|6|3|3|4|8|2|2|6|5|3|5|5|4|12|7|11|14|12|11|18|9|20|17|12|12|14|5|8|11|10|10|6|12|12|12|8|19|20|18|17|14|24|13|17|13|15|16|17|10|16|12|16|16|23|21|22|23|16|15|23|18|26|18|15|22|22|16|27|25|14|19|17|12|14|6|18|5|7|8|11|12|9|14|13|13|19|12|18|12|13|21|18|20|24|21|15|20|34|21|22|18|17|28|18|25|19|23|17|25|20|28|33|33|25|22|23|23|23|24|20|24|23|30|31|47|40|46|40|36|18|31|28|37|34|30|37|33|46|32|41|37|55|61|52|42|43|52|34|46|51|53|55|57|49|47|58|51|32|32|38|38|41|38|48|41|44|29|42|36|43|73|160|206|171|112|151|162|166|156|113|132|131|135|121|120|128|116|127|119|118|110|175|154|162|216|259|343|312|103|56|61|33|34|34|56|28|13|13|8|4|5|3|4|3|3|1|3|0</HistCounts>
      </HistItem>
    </Histograms>
    <Metadata>
      <MDI key="LAYER_TYPE">athematic</MDI>
      <MDI key="STATISTICS_COVARIANCES">22.81527669137219</MDI>
      <MDI key="STATISTICS_EXCLUDEDVALUES"></MDI>
      <MDI key="STATISTICS_MAXIMUM">31.089996337891</MDI>
      <MDI key="STATISTICS_MEAN">25.026216876243</MDI>
      <MDI key="STATISTICS_MEDIAN">0</MDI>
      <MDI key="STATISTICS_MINIMUM">7.608651638031</MDI>
      <MDI key="STATISTICS_MODE">0</MDI>
      <MDI key="STATISTICS_SKIPFACTORX">1</MDI>
      <MDI key="STATISTICS_SKIPFACTORY">1</MDI>
      <MDI key="STATISTICS_STDDEV">4.776533962129</MDI>
    </Metadata>
  </PAMRasterBand>
</PAMDataset>
