<PAMDataset>
  <PAMRasterBand band="1">
    <Description>Layer_1</Description>
    <Histograms>
      <HistItem>
        <HistMin>8.7469778060913</HistMin>
        <HistMax>30.549987792969</HistMax>
        <BucketCount>256</BucketCount>
        <IncludeOutOfRange>1</IncludeOutOfRange>
        <Approximate>0</Approximate>
        <HistCounts>4|0|1|0|0|3|0|1|0|1|1|1|1|0|0|1|0|2|2|2|4|3|0|1|1|1|0|3|3|3|6|1|1|3|1|2|7|3|4|3|1|1|4|1|1|0|4|2|5|3|1|1|2|1|4|0|3|4|9|1|4|5|6|17|19|18|11|10|8|4|11|11|7|6|7|11|3|12|8|15|14|13|14|7|11|17|14|7|16|13|17|12|18|12|21|15|18|18|18|13|18|11|18|15|16|17|15|9|20|17|18|23|20|21|24|18|26|27|25|25|13|23|11|16|18|11|12|6|7|4|7|9|11|12|10|11|5|11|11|9|10|6|6|17|11|13|6|8|10|8|11|15|8|10|12|11|10|14|19|18|22|32|25|35|32|31|32|22|35|43|29|37|30|40|53|34|40|35|52|47|76|61|61|53|72|72|60|44|47|47|47|44|40|45|57|36|52|55|57|52|87|87|71|103|84|105|92|84|81|84|87|130|160|105|108|117|102|109|115|126|133|111|121|129|158|192|157|145|154|188|222|292|352|301|289|201|108|57|37|51|54|44|57|14|20|28|17|7|6|4|3|7|2|2|1|0</HistCounts>
      </HistItem>
    </Histograms>
    <Metadata>
      <MDI key="LAYER_TYPE">athematic</MDI>
      <MDI key="STATISTICS_COVARIANCES">15.77156365442406</MDI>
      <MDI key="STATISTICS_EXCLUDEDVALUES"></MDI>
      <MDI key="STATISTICS_MAXIMUM">30.549987792969</MDI>
      <MDI key="STATISTICS_MEAN">25.529560725751</MDI>
      <MDI key="STATISTICS_MEDIAN">0</MDI>
      <MDI key="STATISTICS_MINIMUM">8.7469778060913</MDI>
      <MDI key="STATISTICS_MODE">0</MDI>
      <MDI key="STATISTICS_SKIPFACTORX">1</MDI>
      <MDI key="STATISTICS_SKIPFACTORY">1</MDI>
      <MDI key="STATISTICS_STDDEV">3.9713428024314</MDI>
    </Metadata>
  </PAMRasterBand>
</PAMDataset>
