<PAMDataset>
  <PAMRasterBand band="1">
    <Description>Layer_1</Description>
    <Histograms>
      <HistItem>
        <HistMin>9.054394721984901</HistMin>
        <HistMax>30.200012207031</HistMax>
        <BucketCount>256</BucketCount>
        <IncludeOutOfRange>1</IncludeOutOfRange>
        <Approximate>0</Approximate>
        <HistCounts>1|1|1|1|2|2|2|2|1|0|1|2|1|0|1|0|2|1|2|2|2|3|0|3|2|0|2|1|0|0|2|2|2|2|1|2|0|2|0|2|4|3|6|3|2|6|4|5|3|5|7|6|3|7|5|9|7|3|9|9|8|14|15|13|21|14|19|10|18|12|12|8|14|4|11|11|6|7|11|10|13|15|12|10|18|13|22|15|27|18|14|20|18|24|33|29|27|21|22|25|22|28|15|18|23|18|16|24|19|22|16|20|20|17|19|20|25|23|20|14|20|11|11|14|8|10|15|9|10|20|12|12|12|14|9|11|10|18|14|14|11|22|10|10|11|16|13|12|12|21|18|13|25|12|18|17|16|20|17|21|27|32|26|31|22|37|47|38|48|48|36|28|31|26|35|34|36|38|46|69|63|59|66|49|51|43|67|59|44|52|71|37|58|54|55|51|63|70|78|67|69|55|47|60|49|47|33|35|35|27|32|24|45|72|95|151|199|213|262|312|228|214|197|178|155|157|151|148|235|234|180|165|186|207|127|87|66|68|54|43|50|62|50|24|14|13|19|32|17|10|6|5|5|4|0|1</HistCounts>
      </HistItem>
    </Histograms>
    <Metadata>
      <MDI key="LAYER_TYPE">athematic</MDI>
      <MDI key="STATISTICS_COVARIANCES">16.90943927369914</MDI>
      <MDI key="STATISTICS_EXCLUDEDVALUES"></MDI>
      <MDI key="STATISTICS_MAXIMUM">30.200012207031</MDI>
      <MDI key="STATISTICS_MEAN">24.943727868888</MDI>
      <MDI key="STATISTICS_MEDIAN">0</MDI>
      <MDI key="STATISTICS_MINIMUM">9.0543947219849</MDI>
      <MDI key="STATISTICS_MODE">0</MDI>
      <MDI key="STATISTICS_SKIPFACTORX">1</MDI>
      <MDI key="STATISTICS_SKIPFACTORY">1</MDI>
      <MDI key="STATISTICS_STDDEV">4.1121088596606</MDI>
    </Metadata>
  </PAMRasterBand>
</PAMDataset>
