<PAMDataset>
  <PAMRasterBand band="1">
    <Description>Layer_1</Description>
    <Histograms>
      <HistItem>
        <HistMin>5.4328284263611</HistMin>
        <HistMax>29.5</HistMax>
        <BucketCount>256</BucketCount>
        <IncludeOutOfRange>1</IncludeOutOfRange>
        <Approximate>0</Approximate>
        <HistCounts>3|1|0|0|1|3|0|1|2|2|1|0|0|1|3|4|1|5|4|2|2|5|4|0|2|2|1|4|5|6|13|5|13|11|15|24|22|30|37|38|23|33|26|33|32|26|36|25|25|23|41|34|26|36|22|23|31|25|31|26|22|27|26|21|24|24|26|35|26|31|18|18|8|13|12|10|14|10|9|7|16|13|13|17|32|14|25|10|10|13|16|13|11|10|15|11|8|13|13|10|13|6|9|21|20|21|10|13|18|19|17|21|29|21|32|25|29|23|15|25|23|19|30|24|32|25|33|29|41|42|44|40|40|46|51|41|37|39|27|30|27|33|37|46|55|30|31|56|35|41|33|38|31|40|45|38|31|30|18|25|29|20|25|19|21|20|29|35|26|22|22|18|13|24|17|31|22|14|9|14|18|17|12|11|13|19|8|10|14|21|17|19|20|22|17|16|14|14|12|13|10|11|9|11|12|14|18|18|24|28|38|34|91|101|296|211|166|164|150|138|129|136|130|139|139|137|135|162|122|131|114|112|177|207|185|124|118|120|129|120|108|78|84|24|32|31|24|35|42|35|21|18|6|3|4|1</HistCounts>
      </HistItem>
    </Histograms>
    <Metadata>
      <MDI key="LAYER_TYPE">athematic</MDI>
      <MDI key="STATISTICS_COVARIANCES">38.2396272387535</MDI>
      <MDI key="STATISTICS_EXCLUDEDVALUES"></MDI>
      <MDI key="STATISTICS_MAXIMUM">29.5</MDI>
      <MDI key="STATISTICS_MEAN">21.990615935522</MDI>
      <MDI key="STATISTICS_MEDIAN">0</MDI>
      <MDI key="STATISTICS_MINIMUM">5.4328284263611</MDI>
      <MDI key="STATISTICS_MODE">0</MDI>
      <MDI key="STATISTICS_SKIPFACTORX">1</MDI>
      <MDI key="STATISTICS_SKIPFACTORY">1</MDI>
      <MDI key="STATISTICS_STDDEV">6.1838197935219</MDI>
    </Metadata>
  </PAMRasterBand>
</PAMDataset>
