<PAMDataset>
  <PAMRasterBand band="1">
    <Description>Layer_1</Description>
    <Histograms>
      <HistItem>
        <HistMin>7.0447535514832</HistMin>
        <HistMax>29.889984130859</HistMax>
        <BucketCount>256</BucketCount>
        <IncludeOutOfRange>1</IncludeOutOfRange>
        <Approximate>0</Approximate>
        <HistCounts>2|2|0|0|0|0|2|2|0|0|0|2|0|1|1|6|2|1|2|2|0|2|5|1|1|1|7|1|2|4|3|3|1|1|2|8|3|2|4|4|2|3|8|6|7|4|4|8|10|10|4|8|12|14|17|15|22|22|17|14|19|18|15|21|17|22|10|19|13|23|17|14|15|13|18|23|24|23|13|20|19|17|25|21|26|20|23|22|23|20|19|23|38|37|49|33|30|18|10|15|13|9|12|13|4|8|11|16|13|13|19|16|15|15|13|11|20|11|18|13|9|11|9|13|10|5|5|12|24|12|12|19|27|11|13|18|27|11|35|31|31|27|34|43|24|38|45|37|32|54|62|52|45|46|45|52|59|66|55|58|54|45|48|45|53|45|23|27|28|21|22|32|34|33|35|37|46|23|41|47|42|35|37|45|44|43|38|56|26|26|18|16|19|15|12|18|18|15|21|17|27|9|11|14|10|12|20|11|33|31|63|106|144|138|95|92|109|121|125|115|118|119|114|109|128|127|103|114|133|110|119|117|107|92|106|88|75|98|122|142|99|113|151|157|168|219|206|183|117|37|4|4|5|2|0|1</HistCounts>
      </HistItem>
    </Histograms>
    <Metadata>
      <MDI key="LAYER_TYPE">athematic</MDI>
      <MDI key="STATISTICS_COVARIANCES">26.42468597924265</MDI>
      <MDI key="STATISTICS_EXCLUDEDVALUES"></MDI>
      <MDI key="STATISTICS_MAXIMUM">29.889984130859</MDI>
      <MDI key="STATISTICS_MEAN">23.835491669624</MDI>
      <MDI key="STATISTICS_MEDIAN">0</MDI>
      <MDI key="STATISTICS_MINIMUM">7.0447535514832</MDI>
      <MDI key="STATISTICS_MODE">0</MDI>
      <MDI key="STATISTICS_SKIPFACTORX">1</MDI>
      <MDI key="STATISTICS_SKIPFACTORY">1</MDI>
      <MDI key="STATISTICS_STDDEV">5.1404947212542</MDI>
    </Metadata>
  </PAMRasterBand>
</PAMDataset>
