<PAMDataset>
  <PAMRasterBand band="1">
    <Description>Layer_1</Description>
    <Histograms>
      <HistItem>
        <HistMin>6.7547450065613</HistMin>
        <HistMax>30.010009765625</HistMax>
        <BucketCount>256</BucketCount>
        <IncludeOutOfRange>1</IncludeOutOfRange>
        <Approximate>0</Approximate>
        <HistCounts>2|2|0|0|1|0|3|0|0|1|1|1|0|7|2|2|2|0|3|1|4|1|1|3|5|3|2|5|1|2|2|2|1|6|2|4|3|6|6|0|5|3|4|2|6|7|3|5|9|9|15|16|11|19|16|19|19|27|24|30|19|28|22|20|21|24|19|20|19|15|32|26|15|18|23|21|24|13|19|27|20|19|23|26|26|15|20|26|37|53|39|23|14|23|11|21|5|11|9|15|8|14|8|12|8|19|11|22|20|10|23|11|14|10|20|4|6|12|9|9|18|16|8|15|8|14|21|17|17|15|30|21|30|28|31|21|24|19|28|22|31|23|30|29|32|38|39|50|52|42|43|44|34|37|44|52|67|63|56|39|39|27|33|22|26|38|47|61|36|29|29|27|37|42|39|40|37|33|49|33|34|38|30|35|34|28|41|32|34|35|27|18|25|27|21|16|16|20|15|17|14|12|15|16|20|8|19|14|16|31|44|51|56|64|129|174|110|120|154|175|196|154|143|171|119|139|128|151|111|113|107|115|119|131|141|131|110|102|90|127|124|113|115|100|146|160|115|70|68|47|24|17|3|2|1|0</HistCounts>
      </HistItem>
    </Histograms>
    <Metadata>
      <MDI key="LAYER_TYPE">athematic</MDI>
      <MDI key="STATISTICS_COVARIANCES">28.28762094439084</MDI>
      <MDI key="STATISTICS_EXCLUDEDVALUES"></MDI>
      <MDI key="STATISTICS_MAXIMUM">30.010009765625</MDI>
      <MDI key="STATISTICS_MEAN">23.652456941141</MDI>
      <MDI key="STATISTICS_MEDIAN">0</MDI>
      <MDI key="STATISTICS_MINIMUM">6.7547450065613</MDI>
      <MDI key="STATISTICS_MODE">0</MDI>
      <MDI key="STATISTICS_SKIPFACTORX">1</MDI>
      <MDI key="STATISTICS_SKIPFACTORY">1</MDI>
      <MDI key="STATISTICS_STDDEV">5.3186108096373</MDI>
    </Metadata>
  </PAMRasterBand>
</PAMDataset>
