<PAMDataset>
  <PAMRasterBand band="1">
    <Description>Layer_1</Description>
    <Histograms>
      <HistItem>
        <HistMin>9.136558532714799</HistMin>
        <HistMax>30.540008544922</HistMax>
        <BucketCount>256</BucketCount>
        <IncludeOutOfRange>1</IncludeOutOfRange>
        <Approximate>0</Approximate>
        <HistCounts>4|0|0|1|0|1|1|1|2|2|3|0|0|0|4|0|1|0|1|2|1|2|0|3|0|3|2|4|1|3|1|7|7|2|3|2|6|1|6|4|6|5|4|3|2|7|4|8|4|6|5|13|8|12|8|10|21|18|14|19|11|13|11|13|8|14|6|14|12|11|11|13|13|15|12|19|16|15|5|14|17|12|12|14|14|18|6|11|21|15|17|14|13|14|15|19|13|14|23|17|19|13|24|26|33|27|39|20|21|21|19|24|19|14|8|12|15|10|9|13|11|10|9|14|12|16|10|11|6|11|13|13|17|18|13|15|14|18|18|11|30|27|20|14|15|14|19|20|24|19|26|11|25|28|37|27|34|28|34|26|37|32|47|57|45|47|56|48|30|27|32|34|37|34|29|29|22|30|27|39|31|26|27|39|38|41|49|52|43|41|47|34|43|39|56|49|45|41|45|54|46|45|37|45|39|76|124|215|116|137|107|101|133|121|108|108|106|124|136|170|137|136|122|128|131|124|108|127|143|162|170|255|228|271|245|149|116|71|57|50|56|60|72|69|63|12|16|7|7|1|4|4|2|1|3|0</HistCounts>
      </HistItem>
    </Histograms>
    <Metadata>
      <MDI key="LAYER_TYPE">athematic</MDI>
      <MDI key="STATISTICS_COVARIANCES">18.58165355229122</MDI>
      <MDI key="STATISTICS_EXCLUDEDVALUES"></MDI>
      <MDI key="STATISTICS_MAXIMUM">30.540008544922</MDI>
      <MDI key="STATISTICS_MEAN">25.131023524438</MDI>
      <MDI key="STATISTICS_MEDIAN">0</MDI>
      <MDI key="STATISTICS_MINIMUM">9.1365585327148</MDI>
      <MDI key="STATISTICS_MODE">0</MDI>
      <MDI key="STATISTICS_SKIPFACTORX">1</MDI>
      <MDI key="STATISTICS_SKIPFACTORY">1</MDI>
      <MDI key="STATISTICS_STDDEV">4.3106442154614</MDI>
    </Metadata>
  </PAMRasterBand>
</PAMDataset>
