<PAMDataset>
  <PAMRasterBand band="1">
    <Description>Layer_1</Description>
    <Histograms>
      <HistItem>
        <HistMin>5.2635726928711</HistMin>
        <HistMax>29.190002441406</HistMax>
        <BucketCount>256</BucketCount>
        <IncludeOutOfRange>1</IncludeOutOfRange>
        <Approximate>0</Approximate>
        <HistCounts>3|2|1|0|0|2|2|0|0|2|1|2|4|4|3|4|2|2|8|3|1|3|5|3|6|14|12|17|22|17|29|31|28|27|34|23|32|34|32|41|61|47|43|35|31|30|28|22|22|27|22|24|22|34|20|24|35|33|28|27|18|19|14|14|16|13|12|13|16|13|8|16|11|7|13|11|21|19|13|14|15|12|12|12|15|9|12|24|13|24|14|29|45|27|14|22|14|18|21|15|19|21|28|15|19|22|21|22|18|20|23|20|22|19|21|20|21|19|21|31|35|21|27|23|18|20|24|25|25|29|32|39|55|55|51|34|49|40|29|39|27|33|40|46|35|33|36|35|24|22|37|35|28|32|36|31|20|16|24|23|21|20|15|19|22|28|22|17|15|17|9|17|13|17|19|21|19|28|22|21|24|25|19|19|18|20|6|11|13|6|14|15|14|14|10|12|13|9|16|10|12|14|29|26|29|30|22|38|33|54|68|132|149|187|293|278|192|160|152|120|140|123|112|117|121|147|163|143|142|113|113|187|130|106|87|65|73|64|89|94|74|41|27|31|28|51|45|41|48|38|26|6|6|3|0|1</HistCounts>
      </HistItem>
    </Histograms>
    <Metadata>
      <MDI key="LAYER_TYPE">athematic</MDI>
      <MDI key="STATISTICS_COVARIANCES">40.24502912315077</MDI>
      <MDI key="STATISTICS_EXCLUDEDVALUES"></MDI>
      <MDI key="STATISTICS_MAXIMUM">29.190002441406</MDI>
      <MDI key="STATISTICS_MEAN">21.297432235051</MDI>
      <MDI key="STATISTICS_MEDIAN">0</MDI>
      <MDI key="STATISTICS_MINIMUM">5.2635726928711</MDI>
      <MDI key="STATISTICS_MODE">0</MDI>
      <MDI key="STATISTICS_SKIPFACTORX">1</MDI>
      <MDI key="STATISTICS_SKIPFACTORY">1</MDI>
      <MDI key="STATISTICS_STDDEV">6.3438969981511</MDI>
    </Metadata>
  </PAMRasterBand>
</PAMDataset>
