<PAMDataset>
  <PAMRasterBand band="1">
    <Description>Layer_1</Description>
    <Histograms>
      <HistItem>
        <HistMin>4.8654003143311</HistMin>
        <HistMax>28.850006103516</HistMax>
        <BucketCount>256</BucketCount>
        <IncludeOutOfRange>1</IncludeOutOfRange>
        <Approximate>0</Approximate>
        <HistCounts>3|1|1|3|4|3|3|1|5|8|3|3|0|7|2|3|3|6|5|10|9|11|9|11|12|11|10|10|13|16|21|19|19|23|32|18|32|37|51|38|38|32|27|41|31|28|21|25|26|19|22|24|28|20|25|28|26|30|33|28|19|24|12|18|16|20|13|11|12|15|12|17|10|14|12|7|11|16|10|12|15|13|16|12|15|21|12|14|14|22|10|11|17|23|23|22|23|18|24|15|15|12|13|24|17|12|14|16|17|22|17|21|24|20|20|21|20|23|28|28|22|22|27|41|45|29|31|19|25|32|24|35|39|30|30|32|39|34|36|49|45|45|60|54|55|44|46|53|38|42|31|21|25|27|20|23|24|28|20|19|22|12|12|24|15|16|16|5|19|17|11|14|15|12|15|20|18|9|11|19|18|13|14|9|20|10|11|7|21|11|17|19|17|11|10|12|19|12|14|13|17|18|16|15|26|24|39|34|31|37|35|43|69|86|105|109|81|154|157|274|223|225|230|173|176|160|144|128|143|143|146|211|196|176|212|114|117|123|94|56|41|41|27|22|18|25|54|41|36|24|25|8|9|0|2|0</HistCounts>
      </HistItem>
    </Histograms>
    <Metadata>
      <MDI key="LAYER_TYPE">athematic</MDI>
      <MDI key="STATISTICS_COVARIANCES">40.98438813269816</MDI>
      <MDI key="STATISTICS_EXCLUDEDVALUES"></MDI>
      <MDI key="STATISTICS_MAXIMUM">28.850006103516</MDI>
      <MDI key="STATISTICS_MEAN">21.175694305139</MDI>
      <MDI key="STATISTICS_MEDIAN">0</MDI>
      <MDI key="STATISTICS_MINIMUM">4.8654003143311</MDI>
      <MDI key="STATISTICS_MODE">0</MDI>
      <MDI key="STATISTICS_SKIPFACTORX">1</MDI>
      <MDI key="STATISTICS_SKIPFACTORY">1</MDI>
      <MDI key="STATISTICS_STDDEV">6.4019050393378</MDI>
    </Metadata>
  </PAMRasterBand>
</PAMDataset>
