<PAMDataset>
  <PAMRasterBand band="1">
    <Description>Layer_1</Description>
    <Histograms>
      <HistItem>
        <HistMin>9.352134704589799</HistMin>
        <HistMax>30.799987792969</HistMax>
        <BucketCount>256</BucketCount>
        <IncludeOutOfRange>1</IncludeOutOfRange>
        <Approximate>0</Approximate>
        <HistCounts>1|3|1|3|0|2|2|1|1|0|2|2|2|1|0|1|1|1|2|3|1|4|1|3|2|6|1|3|3|6|3|2|2|9|1|3|3|4|4|3|8|1|3|3|4|7|5|8|3|13|8|5|9|20|21|17|16|12|12|14|12|12|9|14|13|11|9|13|17|13|14|14|13|24|9|6|15|11|21|13|17|14|16|14|11|23|7|9|17|14|10|18|16|10|11|15|22|13|23|27|23|25|32|40|29|21|28|19|27|19|11|10|13|11|10|8|12|13|11|13|16|14|14|12|7|13|8|21|17|9|17|16|12|15|16|18|22|24|16|15|17|13|25|15|22|16|19|19|17|19|28|22|24|24|34|30|34|36|25|39|34|48|34|47|43|44|50|28|28|27|37|26|34|35|29|34|31|40|31|30|32|46|57|42|38|43|40|36|30|33|41|40|44|42|33|34|31|42|42|43|63|52|55|53|95|133|192|117|106|120|141|164|160|129|133|151|163|135|122|109|106|108|93|92|78|100|118|192|201|247|257|263|254|250|146|85|83|60|46|40|16|41|42|31|9|16|9|4|6|1|5|3|2|1|3|0</HistCounts>
      </HistItem>
    </Histograms>
    <Metadata>
      <MDI key="LAYER_TYPE">athematic</MDI>
      <MDI key="STATISTICS_COVARIANCES">18.93256253966978</MDI>
      <MDI key="STATISTICS_EXCLUDEDVALUES"></MDI>
      <MDI key="STATISTICS_MAXIMUM">30.799987792969</MDI>
      <MDI key="STATISTICS_MEAN">25.217289505442</MDI>
      <MDI key="STATISTICS_MEDIAN">0</MDI>
      <MDI key="STATISTICS_MINIMUM">9.3521347045898</MDI>
      <MDI key="STATISTICS_MODE">0</MDI>
      <MDI key="STATISTICS_SKIPFACTORX">1</MDI>
      <MDI key="STATISTICS_SKIPFACTORY">1</MDI>
      <MDI key="STATISTICS_STDDEV">4.351156460031</MDI>
    </Metadata>
  </PAMRasterBand>
</PAMDataset>
