<PAMDataset>
  <PAMRasterBand band="1">
    <Description>Layer_1</Description>
    <Histograms>
      <HistItem>
        <HistMin>7.4785466194153</HistMin>
        <HistMax>30.089996337891</HistMax>
        <BucketCount>256</BucketCount>
        <IncludeOutOfRange>1</IncludeOutOfRange>
        <Approximate>0</Approximate>
        <HistCounts>2|2|0|0|0|0|2|1|2|4|2|1|0|3|3|2|1|2|1|3|0|3|2|1|4|9|1|2|3|1|2|2|1|7|4|3|1|4|4|4|4|11|5|4|4|11|4|7|14|10|16|12|16|17|12|11|7|17|13|11|13|20|10|18|20|11|15|18|15|23|18|13|19|16|17|12|16|20|15|13|17|19|15|13|20|10|17|14|16|20|28|25|32|29|32|21|29|25|26|25|19|16|16|13|14|4|6|1|7|11|8|4|11|10|7|8|11|9|18|12|8|23|20|18|19|18|19|13|13|10|9|14|14|13|11|17|10|12|16|25|15|11|9|20|16|21|29|34|33|45|28|34|43|28|41|52|40|52|63|74|60|64|42|33|41|38|42|40|39|37|36|31|45|47|32|31|27|18|26|33|34|30|42|39|43|37|54|47|47|62|47|37|36|35|41|27|34|24|34|15|28|24|23|25|17|25|64|52|148|154|124|110|117|104|111|105|107|114|120|153|135|138|113|117|107|112|97|114|118|109|104|98|96|95|78|83|127|109|114|79|98|108|182|238|265|243|79|17|9|12|6|1|3|3|3|0</HistCounts>
      </HistItem>
    </Histograms>
    <Metadata>
      <MDI key="LAYER_TYPE">athematic</MDI>
      <MDI key="STATISTICS_COVARIANCES">23.95791442682356</MDI>
      <MDI key="STATISTICS_EXCLUDEDVALUES"></MDI>
      <MDI key="STATISTICS_MAXIMUM">30.089996337891</MDI>
      <MDI key="STATISTICS_MEAN">24.227663242631</MDI>
      <MDI key="STATISTICS_MEDIAN">0</MDI>
      <MDI key="STATISTICS_MINIMUM">7.4785466194153</MDI>
      <MDI key="STATISTICS_MODE">0</MDI>
      <MDI key="STATISTICS_SKIPFACTORX">1</MDI>
      <MDI key="STATISTICS_SKIPFACTORY">1</MDI>
      <MDI key="STATISTICS_STDDEV">4.8946822600475</MDI>
    </Metadata>
  </PAMRasterBand>
</PAMDataset>
