<PAMDataset>
  <PAMRasterBand band="1">
    <Description>Layer_1</Description>
    <Histograms>
      <HistItem>
        <HistMin>4.9712357521057</HistMin>
        <HistMax>28.829986572266</HistMax>
        <BucketCount>256</BucketCount>
        <IncludeOutOfRange>1</IncludeOutOfRange>
        <Approximate>0</Approximate>
        <HistCounts>5|3|3|0|2|5|3|6|4|4|3|3|1|2|4|4|2|6|6|9|10|16|7|12|12|9|10|10|10|13|16|18|17|19|22|21|17|24|29|32|40|37|32|38|34|41|35|27|26|20|18|16|26|27|17|24|21|25|29|24|28|36|39|32|23|14|12|16|15|18|15|10|11|12|11|6|13|13|8|14|8|10|18|14|25|14|15|10|15|14|11|8|17|13|11|12|16|25|19|17|22|26|14|16|12|21|20|23|16|20|23|17|17|27|12|16|17|21|23|20|15|18|19|25|29|31|27|39|31|31|23|22|21|17|36|27|25|40|40|30|31|32|24|33|36|34|42|47|53|59|43|44|48|50|43|34|32|33|27|21|25|26|21|29|25|17|17|18|11|17|16|13|18|26|11|17|18|17|14|23|14|12|13|20|8|11|11|6|8|12|22|13|14|17|13|13|11|22|10|21|10|23|20|26|20|15|23|32|29|34|43|47|48|84|130|140|132|194|231|166|177|177|171|162|145|176|133|136|122|142|151|167|204|262|206|133|107|99|111|77|50|38|37|36|32|39|53|45|41|34|36|11|7|2|2|0</HistCounts>
      </HistItem>
    </Histograms>
    <Metadata>
      <MDI key="LAYER_TYPE">athematic</MDI>
      <MDI key="STATISTICS_COVARIANCES">40.0358463558817</MDI>
      <MDI key="STATISTICS_EXCLUDEDVALUES"></MDI>
      <MDI key="STATISTICS_MAXIMUM">28.829986572266</MDI>
      <MDI key="STATISTICS_MEAN">21.343186678704</MDI>
      <MDI key="STATISTICS_MEDIAN">0</MDI>
      <MDI key="STATISTICS_MINIMUM">4.9712357521057</MDI>
      <MDI key="STATISTICS_MODE">0</MDI>
      <MDI key="STATISTICS_SKIPFACTORX">1</MDI>
      <MDI key="STATISTICS_SKIPFACTORY">1</MDI>
      <MDI key="STATISTICS_STDDEV">6.3273885889743</MDI>
    </Metadata>
  </PAMRasterBand>
</PAMDataset>
