<PAMDataset>
  <PAMRasterBand band="1">
    <Description>Layer_1</Description>
    <Histograms>
      <HistItem>
        <HistMin>9.134598731994601</HistMin>
        <HistMax>30.529998779297</HistMax>
        <BucketCount>256</BucketCount>
        <IncludeOutOfRange>1</IncludeOutOfRange>
        <Approximate>0</Approximate>
        <HistCounts>3|1|2|2|2|2|2|1|0|3|2|1|2|2|1|1|0|2|0|2|2|4|2|2|1|1|3|0|1|1|2|1|1|0|2|3|3|4|5|1|4|2|3|2|1|2|1|5|2|5|3|0|1|0|2|6|4|2|9|6|3|3|4|8|4|8|10|13|11|8|10|13|12|13|10|11|13|7|13|16|13|25|13|24|25|29|21|15|25|26|27|29|24|22|21|15|14|17|16|16|27|35|29|31|29|26|21|21|24|27|19|18|18|18|15|8|7|10|4|7|7|11|6|17|9|5|13|10|9|13|16|23|12|9|6|14|17|13|13|11|16|24|18|17|15|18|16|24|18|20|17|18|18|22|21|23|26|33|30|35|27|32|23|20|13|23|21|21|18|16|38|30|31|21|34|42|26|27|35|33|26|32|34|42|44|43|69|59|59|60|64|58|56|66|69|66|81|84|64|67|48|40|38|33|25|42|26|35|48|60|126|144|88|80|97|98|87|93|101|121|151|127|103|111|126|126|126|143|126|119|155|179|153|161|256|204|206|196|216|256|257|145|148|83|51|30|23|6|6|5|3|5|3|2|2|0</HistCounts>
      </HistItem>
    </Histograms>
    <Metadata>
      <MDI key="LAYER_TYPE">athematic</MDI>
      <MDI key="STATISTICS_COVARIANCES">17.94774110070912</MDI>
      <MDI key="STATISTICS_EXCLUDEDVALUES"></MDI>
      <MDI key="STATISTICS_MAXIMUM">30.529998779297</MDI>
      <MDI key="STATISTICS_MEAN">25.544899153204</MDI>
      <MDI key="STATISTICS_MEDIAN">0</MDI>
      <MDI key="STATISTICS_MINIMUM">9.1345987319946</MDI>
      <MDI key="STATISTICS_MODE">0</MDI>
      <MDI key="STATISTICS_SKIPFACTORX">1</MDI>
      <MDI key="STATISTICS_SKIPFACTORY">1</MDI>
      <MDI key="STATISTICS_STDDEV">4.2364774401275</MDI>
    </Metadata>
  </PAMRasterBand>
</PAMDataset>
