<PAMDataset>
  <PAMRasterBand band="1">
    <Description>Layer_1</Description>
    <Histograms>
      <HistItem>
        <HistMin>5.9128270149231</HistMin>
        <HistMax>29.989990234375</HistMax>
        <BucketCount>256</BucketCount>
        <IncludeOutOfRange>1</IncludeOutOfRange>
        <Approximate>0</Approximate>
        <HistCounts>2|2|0|0|0|3|1|0|0|2|0|2|1|0|1|2|1|3|2|6|5|2|2|2|2|2|0|4|3|3|3|1|6|5|9|12|16|9|12|14|13|9|14|18|20|25|29|24|29|29|25|38|32|31|27|33|26|12|19|24|21|19|18|21|18|25|15|27|18|12|20|18|19|17|19|18|27|25|31|36|30|30|19|10|4|18|8|8|9|9|17|11|7|13|14|18|13|16|15|13|16|13|14|14|19|3|9|13|18|13|10|9|16|9|15|19|12|15|13|16|13|35|28|28|20|14|23|25|20|17|22|28|21|20|23|33|47|32|41|35|35|48|45|37|28|38|28|43|38|31|34|38|48|52|40|32|33|40|35|39|24|22|31|35|25|39|41|37|44|28|19|29|25|22|34|28|24|25|26|23|24|25|22|31|30|24|22|28|25|26|23|20|19|19|16|29|15|29|24|21|21|33|20|27|51|61|110|195|129|99|133|103|109|87|108|113|90|87|90|123|114|136|135|127|138|120|132|123|142|161|240|200|186|131|124|93|81|112|96|107|101|58|64|49|71|37|27|23|27|10|6|8|5|4|0|1</HistCounts>
      </HistItem>
    </Histograms>
    <Metadata>
      <MDI key="LAYER_TYPE">athematic</MDI>
      <MDI key="STATISTICS_COVARIANCES">32.6186991073188</MDI>
      <MDI key="STATISTICS_EXCLUDEDVALUES"></MDI>
      <MDI key="STATISTICS_MAXIMUM">29.989990234375</MDI>
      <MDI key="STATISTICS_MEAN">22.891841841103</MDI>
      <MDI key="STATISTICS_MEDIAN">0</MDI>
      <MDI key="STATISTICS_MINIMUM">5.9128270149231</MDI>
      <MDI key="STATISTICS_MODE">0</MDI>
      <MDI key="STATISTICS_SKIPFACTORX">1</MDI>
      <MDI key="STATISTICS_SKIPFACTORY">1</MDI>
      <MDI key="STATISTICS_STDDEV">5.7112782376031</MDI>
    </Metadata>
  </PAMRasterBand>
</PAMDataset>
