<PAMDataset>
  <PAMRasterBand band="1">
    <Description>Layer_1</Description>
    <Histograms>
      <HistItem>
        <HistMin>6.5487914085388</HistMin>
        <HistMax>29.649993896484</HistMax>
        <BucketCount>256</BucketCount>
        <IncludeOutOfRange>1</IncludeOutOfRange>
        <Approximate>0</Approximate>
        <HistCounts>3|1|0|0|0|2|1|1|0|0|1|0|2|1|1|1|0|1|0|0|2|6|4|5|3|2|3|3|0|4|6|6|5|7|3|6|15|17|23|16|33|38|36|36|34|26|27|30|27|25|22|25|19|34|22|22|20|24|25|25|16|19|19|15|25|14|21|10|22|15|27|20|21|19|16|26|20|18|9|18|15|11|12|9|18|24|17|16|16|16|19|18|17|19|19|19|24|20|8|15|23|6|12|13|10|15|7|15|14|14|10|11|14|29|23|17|25|22|26|33|45|41|39|40|34|31|43|48|36|39|42|45|42|45|29|47|44|31|43|29|30|34|26|31|31|40|44|30|38|47|27|27|25|26|31|23|21|28|30|19|28|20|19|25|17|22|22|19|29|25|20|24|27|32|15|22|17|25|27|24|26|29|25|33|26|17|29|25|21|24|24|19|17|20|12|12|18|14|9|13|7|9|12|19|28|24|57|100|233|236|168|152|103|108|113|98|90|105|80|96|93|116|117|120|125|150|157|107|126|170|156|207|195|140|99|91|95|92|84|66|62|70|57|53|70|60|70|40|24|14|12|6|4|3|2|1</HistCounts>
      </HistItem>
    </Histograms>
    <Metadata>
      <MDI key="LAYER_TYPE">athematic</MDI>
      <MDI key="STATISTICS_COVARIANCES">31.88252736088472</MDI>
      <MDI key="STATISTICS_EXCLUDEDVALUES"></MDI>
      <MDI key="STATISTICS_MAXIMUM">29.649993896484</MDI>
      <MDI key="STATISTICS_MEAN">22.558826726789</MDI>
      <MDI key="STATISTICS_MEDIAN">0</MDI>
      <MDI key="STATISTICS_MINIMUM">6.5487914085388</MDI>
      <MDI key="STATISTICS_MODE">0</MDI>
      <MDI key="STATISTICS_SKIPFACTORX">1</MDI>
      <MDI key="STATISTICS_SKIPFACTORY">1</MDI>
      <MDI key="STATISTICS_STDDEV">5.6464614902507</MDI>
    </Metadata>
  </PAMRasterBand>
</PAMDataset>
