<PAMDataset>
  <PAMRasterBand band="1">
    <Description>Layer_1</Description>
    <Histograms>
      <HistItem>
        <HistMin>18.348159790039</HistMin>
        <HistMax>30.063386917114</HistMax>
        <BucketCount>256</BucketCount>
        <IncludeOutOfRange>1</IncludeOutOfRange>
        <Approximate>0</Approximate>
        <HistCounts>1|0|0|0|0|0|1|0|0|1|0|0|2|0|0|0|0|0|2|1|1|0|0|1|0|0|1|0|1|0|2|0|0|0|0|0|0|0|0|1|0|0|0|0|0|0|4|2|1|1|0|1|0|1|1|0|0|0|0|1|5|4|2|1|0|1|4|4|3|4|7|5|8|4|4|5|6|4|4|1|11|6|7|2|9|4|5|5|7|1|5|6|9|5|6|5|7|4|6|11|5|5|6|11|10|7|4|13|6|15|11|10|12|10|10|11|6|12|16|8|12|14|18|15|10|18|21|24|16|21|12|21|19|36|37|29|28|44|35|32|51|41|23|32|48|48|29|41|53|35|49|43|39|48|39|42|28|31|22|23|23|28|32|25|25|18|29|25|26|27|27|16|15|15|7|10|14|13|21|17|12|12|5|6|8|10|21|55|94|56|68|77|60|61|37|32|34|26|39|33|46|63|58|60|48|52|43|46|38|39|44|47|41|47|44|89|86|118|87|78|69|67|64|61|56|48|57|42|60|47|67|70|63|69|63|53|59|50|27|16|20|13|16|19|23|25|15|15|15|9|10|4|8|4|8|1</HistCounts>
      </HistItem>
    </Histograms>
    <Metadata>
      <MDI key="LAYER_TYPE">athematic</MDI>
      <MDI key="STATISTICS_COVARIANCES">4.013718446992061</MDI>
      <MDI key="STATISTICS_EXCLUDEDVALUES"></MDI>
      <MDI key="STATISTICS_MAXIMUM">30.063386917114</MDI>
      <MDI key="STATISTICS_MEAN">26.851794280573</MDI>
      <MDI key="STATISTICS_MEDIAN">0</MDI>
      <MDI key="STATISTICS_MINIMUM">18.348159790039</MDI>
      <MDI key="STATISTICS_MODE">0</MDI>
      <MDI key="STATISTICS_SKIPFACTORX">1</MDI>
      <MDI key="STATISTICS_SKIPFACTORY">1</MDI>
      <MDI key="STATISTICS_STDDEV">2.0034266762205</MDI>
    </Metadata>
  </PAMRasterBand>
</PAMDataset>
