<PAMDataset>
  <PAMRasterBand band="1">
    <Description>Layer_1</Description>
    <Histograms>
      <HistItem>
        <HistMin>18.303659439087</HistMin>
        <HistMax>29.682989120483</HistMax>
        <BucketCount>256</BucketCount>
        <IncludeOutOfRange>1</IncludeOutOfRange>
        <Approximate>0</Approximate>
        <HistCounts>1|0|0|0|0|0|0|0|0|0|0|0|0|0|0|0|0|0|0|0|1|1|0|0|0|0|1|0|0|0|0|0|1|1|0|0|1|1|1|0|0|0|1|1|0|1|0|0|0|0|1|0|0|2|2|2|0|0|3|1|0|1|2|1|2|0|2|1|3|3|0|3|1|4|1|4|1|2|2|3|3|1|1|2|1|4|2|6|2|2|3|3|1|3|1|5|2|6|4|8|6|7|4|6|6|9|6|9|8|9|7|9|13|4|6|8|9|9|4|13|18|16|18|30|22|25|36|26|20|28|23|22|24|21|19|18|18|22|18|24|18|19|18|26|33|27|35|38|32|14|28|13|23|20|11|15|22|17|23|18|34|20|20|18|15|16|24|14|22|17|24|19|27|30|39|44|50|57|37|45|32|46|44|51|49|32|35|39|34|31|29|35|42|77|70|45|47|33|39|38|40|33|30|32|32|39|30|37|50|47|41|35|41|30|43|35|38|42|39|35|31|29|39|40|41|54|39|68|64|66|78|86|94|93|108|100|117|125|130|97|83|61|55|33|31|29|26|20|16|19|15|20|20|15|4|1</HistCounts>
      </HistItem>
    </Histograms>
    <Metadata>
      <MDI key="LAYER_TYPE">athematic</MDI>
      <MDI key="STATISTICS_COVARIANCES">3.581822954906369</MDI>
      <MDI key="STATISTICS_EXCLUDEDVALUES"></MDI>
      <MDI key="STATISTICS_MAXIMUM">29.682989120483</MDI>
      <MDI key="STATISTICS_MEAN">26.969961698346</MDI>
      <MDI key="STATISTICS_MEDIAN">0</MDI>
      <MDI key="STATISTICS_MINIMUM">18.303659439087</MDI>
      <MDI key="STATISTICS_MODE">0</MDI>
      <MDI key="STATISTICS_SKIPFACTORX">1</MDI>
      <MDI key="STATISTICS_SKIPFACTORY">1</MDI>
      <MDI key="STATISTICS_STDDEV">1.8925704623359</MDI>
    </Metadata>
  </PAMRasterBand>
</PAMDataset>
