<PAMDataset>
  <PAMRasterBand band="1">
    <Description>Layer_1</Description>
    <Histograms>
      <HistItem>
        <HistMin>9.8894748687744</HistMin>
        <HistMax>28.811618804932</HistMax>
        <BucketCount>256</BucketCount>
        <IncludeOutOfRange>1</IncludeOutOfRange>
        <Approximate>0</Approximate>
        <HistCounts>1|0|0|2|0|0|4|0|0|0|3|0|4|1|0|2|0|0|6|0|3|2|1|3|4|2|3|2|3|3|1|4|3|4|2|3|3|3|5|1|3|1|6|4|4|2|3|3|2|2|1|4|1|5|5|4|2|4|1|3|2|3|3|5|3|5|3|2|11|5|4|5|3|3|4|2|8|4|9|3|7|8|10|9|8|14|6|11|8|10|12|11|8|8|8|11|13|10|21|10|14|13|12|17|15|12|23|21|22|14|22|21|31|25|21|25|28|36|26|41|37|39|35|25|18|25|31|22|26|18|23|22|17|22|22|28|16|22|28|19|13|19|9|20|14|10|12|14|15|19|17|17|18|13|8|16|18|13|14|13|10|9|7|18|12|11|11|10|13|4|7|8|9|6|12|7|12|8|12|8|8|10|15|10|10|14|11|9|11|18|10|19|13|10|4|5|11|8|5|8|18|13|13|13|20|24|22|25|32|53|131|156|134|128|93|113|99|86|65|42|56|50|39|44|40|45|39|57|56|57|81|64|75|56|59|68|64|78|88|90|112|102|112|70|51|40|40|24|29|30|25|33|28|25|21|0</HistCounts>
      </HistItem>
    </Histograms>
    <Metadata>
      <MDI key="LAYER_TYPE">athematic</MDI>
      <MDI key="STATISTICS_COVARIANCES">17.39055639197058</MDI>
      <MDI key="STATISTICS_EXCLUDEDVALUES"></MDI>
      <MDI key="STATISTICS_MAXIMUM">28.811618804932</MDI>
      <MDI key="STATISTICS_MEAN">23.812953839081</MDI>
      <MDI key="STATISTICS_MEDIAN">0</MDI>
      <MDI key="STATISTICS_MINIMUM">9.8894748687744</MDI>
      <MDI key="STATISTICS_MODE">0</MDI>
      <MDI key="STATISTICS_SKIPFACTORX">1</MDI>
      <MDI key="STATISTICS_SKIPFACTORY">1</MDI>
      <MDI key="STATISTICS_STDDEV">4.1701986034205</MDI>
    </Metadata>
  </PAMRasterBand>
</PAMDataset>
