<PAMDataset>
  <PAMRasterBand band="1">
    <Description>Layer_1</Description>
    <Histograms>
      <HistItem>
        <HistMin>18.90877532959</HistMin>
        <HistMax>30.002563476563</HistMax>
        <BucketCount>256</BucketCount>
        <IncludeOutOfRange>1</IncludeOutOfRange>
        <Approximate>0</Approximate>
        <HistCounts>1|0|0|0|0|0|3|1|0|0|2|1|0|1|0|1|0|0|0|0|1|1|0|0|2|1|2|0|2|2|1|0|2|0|0|1|0|0|1|0|0|1|2|3|0|0|3|3|1|3|0|1|0|0|1|1|0|2|1|1|2|1|2|3|4|2|4|4|3|4|4|8|6|5|5|6|3|2|6|5|6|5|6|12|8|4|4|7|6|6|7|10|5|11|7|5|9|8|5|12|9|8|10|3|18|8|11|5|6|14|10|7|17|10|14|12|13|13|9|14|17|16|12|14|23|17|27|33|30|26|28|27|32|34|34|41|26|29|28|22|27|28|26|24|27|27|42|38|43|36|40|41|26|39|41|35|31|33|37|25|25|33|34|29|23|17|19|25|12|20|15|21|19|17|22|15|14|20|9|13|7|8|3|6|11|3|8|3|8|3|12|8|5|8|12|37|100|87|104|83|95|110|87|59|68|73|60|62|68|59|57|61|54|40|46|55|104|120|73|80|65|69|43|57|53|50|42|45|53|45|53|51|55|48|60|51|42|46|37|39|32|50|56|44|11|10|9|5|7|9|6|5|8|6|10|0</HistCounts>
      </HistItem>
    </Histograms>
    <Metadata>
      <MDI key="LAYER_TYPE">athematic</MDI>
      <MDI key="STATISTICS_COVARIANCES">3.952845794615285</MDI>
      <MDI key="STATISTICS_EXCLUDEDVALUES"></MDI>
      <MDI key="STATISTICS_MAXIMUM">30.002563476563</MDI>
      <MDI key="STATISTICS_MEAN">26.946200801521</MDI>
      <MDI key="STATISTICS_MEDIAN">0</MDI>
      <MDI key="STATISTICS_MINIMUM">18.90877532959</MDI>
      <MDI key="STATISTICS_MODE">0</MDI>
      <MDI key="STATISTICS_SKIPFACTORX">1</MDI>
      <MDI key="STATISTICS_SKIPFACTORY">1</MDI>
      <MDI key="STATISTICS_STDDEV">1.988176499865</MDI>
    </Metadata>
  </PAMRasterBand>
</PAMDataset>
