<PAMDataset>
  <PAMRasterBand band="1">
    <Description>Layer_1</Description>
    <Histograms>
      <HistItem>
        <HistMin>19.277757644653</HistMin>
        <HistMax>30.069023132324</HistMax>
        <BucketCount>256</BucketCount>
        <IncludeOutOfRange>1</IncludeOutOfRange>
        <Approximate>0</Approximate>
        <HistCounts>1|0|1|0|1|0|0|2|0|0|0|2|1|0|0|0|2|0|1|0|2|1|3|2|1|1|0|1|0|2|1|0|1|0|1|5|1|1|6|3|4|2|0|3|2|2|1|1|6|3|2|3|6|1|2|2|6|3|2|5|9|5|5|2|6|9|6|5|7|5|4|2|6|3|9|8|3|4|9|8|5|9|8|3|8|5|7|12|7|4|10|7|14|5|11|9|7|10|10|9|9|12|12|8|17|12|9|8|16|14|10|15|12|20|10|12|17|17|18|17|29|37|19|28|13|22|29|11|20|28|30|43|36|19|35|23|27|22|22|33|27|37|38|40|42|36|39|33|33|38|35|21|30|33|32|31|22|22|33|19|9|14|18|12|11|12|13|18|12|9|18|13|13|20|18|12|11|14|8|12|8|12|11|10|11|9|9|5|5|8|26|76|91|75|94|74|84|103|81|73|63|78|63|65|60|63|55|65|56|41|48|53|39|41|54|54|117|78|72|63|59|50|45|45|45|58|45|48|54|40|45|52|42|44|52|49|46|40|49|22|21|20|14|24|20|19|10|6|8|10|4|7|7|9|9|1</HistCounts>
      </HistItem>
    </Histograms>
    <Metadata>
      <MDI key="LAYER_TYPE">athematic</MDI>
      <MDI key="STATISTICS_COVARIANCES">4.194495596893146</MDI>
      <MDI key="STATISTICS_EXCLUDEDVALUES"></MDI>
      <MDI key="STATISTICS_MAXIMUM">30.069023132324</MDI>
      <MDI key="STATISTICS_MEAN">26.896934406421</MDI>
      <MDI key="STATISTICS_MEDIAN">0</MDI>
      <MDI key="STATISTICS_MINIMUM">19.277757644653</MDI>
      <MDI key="STATISTICS_MODE">0</MDI>
      <MDI key="STATISTICS_SKIPFACTORX">1</MDI>
      <MDI key="STATISTICS_SKIPFACTORY">1</MDI>
      <MDI key="STATISTICS_STDDEV">2.0480467760511</MDI>
    </Metadata>
  </PAMRasterBand>
</PAMDataset>
