<PAMDataset>
  <PAMRasterBand band="1">
    <Description>Layer_1</Description>
    <Histograms>
      <HistItem>
        <HistMin>19.26602935791</HistMin>
        <HistMax>29.979265213013</HistMax>
        <BucketCount>256</BucketCount>
        <IncludeOutOfRange>1</IncludeOutOfRange>
        <Approximate>0</Approximate>
        <HistCounts>1|0|0|1|0|1|0|0|0|1|0|0|1|1|0|1|1|1|1|2|1|0|0|0|0|1|0|0|0|0|1|1|0|0|1|1|2|2|0|1|2|0|1|0|1|1|0|0|3|2|3|2|1|1|1|3|1|4|1|4|8|8|3|6|3|2|3|6|3|7|5|3|5|5|3|7|2|7|11|6|4|4|7|7|8|5|4|6|7|4|9|5|8|6|6|8|11|10|1|10|11|9|10|15|11|9|17|13|17|12|12|19|12|11|21|21|15|24|29|31|28|22|29|16|25|21|25|23|25|31|23|22|16|22|14|16|19|24|21|12|23|18|21|18|16|32|29|27|33|50|44|38|57|43|40|49|42|37|38|33|33|25|19|27|14|14|17|15|9|14|9|12|15|23|10|21|21|14|17|9|11|10|9|8|6|6|8|9|5|23|42|74|62|99|109|130|118|97|76|73|75|85|76|61|71|66|71|78|80|60|58|61|73|84|63|57|47|48|38|39|39|41|39|40|36|30|35|32|39|42|36|45|27|30|21|25|31|31|28|30|19|21|19|20|19|20|23|15|30|26|16|19|13|10|6|0</HistCounts>
      </HistItem>
    </Histograms>
    <Metadata>
      <MDI key="LAYER_TYPE">athematic</MDI>
      <MDI key="STATISTICS_COVARIANCES">3.633740540239682</MDI>
      <MDI key="STATISTICS_EXCLUDEDVALUES"></MDI>
      <MDI key="STATISTICS_MAXIMUM">29.979265213013</MDI>
      <MDI key="STATISTICS_MEAN">26.874167747101</MDI>
      <MDI key="STATISTICS_MEDIAN">0</MDI>
      <MDI key="STATISTICS_MINIMUM">19.26602935791</MDI>
      <MDI key="STATISTICS_MODE">0</MDI>
      <MDI key="STATISTICS_SKIPFACTORX">1</MDI>
      <MDI key="STATISTICS_SKIPFACTORY">1</MDI>
      <MDI key="STATISTICS_STDDEV">1.9062372728073</MDI>
    </Metadata>
  </PAMRasterBand>
</PAMDataset>
