<PAMDataset>
  <PAMRasterBand band="1">
    <Description>Layer_1</Description>
    <Histograms>
      <HistItem>
        <HistMin>15.204611778259</HistMin>
        <HistMax>29.517293930054</HistMax>
        <BucketCount>256</BucketCount>
        <IncludeOutOfRange>1</IncludeOutOfRange>
        <Approximate>0</Approximate>
        <HistCounts>1|0|0|0|0|0|0|0|0|0|0|0|0|0|0|1|1|2|0|1|1|2|0|2|1|0|1|1|2|1|0|1|0|1|2|0|1|2|4|2|0|1|0|0|1|1|2|1|1|3|1|0|0|1|2|2|3|4|0|2|2|0|2|1|3|1|5|2|0|2|2|2|2|2|3|3|6|4|3|3|1|3|3|0|2|4|5|2|2|5|6|5|5|2|6|5|4|4|4|6|7|3|12|7|5|9|5|9|14|12|20|23|16|17|25|16|15|15|14|11|17|26|16|18|23|25|25|18|18|16|18|14|21|22|18|10|18|15|26|20|24|15|18|17|14|19|21|15|23|22|22|23|14|20|18|22|29|21|33|19|25|32|28|28|26|32|32|45|28|29|19|38|31|34|19|15|17|25|20|15|22|17|15|16|20|17|16|13|11|17|19|21|14|15|14|6|9|9|9|13|52|87|85|72|65|57|65|52|50|56|65|52|63|80|61|62|47|44|35|40|34|34|27|30|29|30|28|28|26|32|22|22|36|32|41|62|74|67|65|78|73|85|89|84|72|81|109|118|123|137|100|93|48|18|12|0</HistCounts>
      </HistItem>
    </Histograms>
    <Metadata>
      <MDI key="LAYER_TYPE">athematic</MDI>
      <MDI key="STATISTICS_COVARIANCES">7.303764322134321</MDI>
      <MDI key="STATISTICS_EXCLUDEDVALUES"></MDI>
      <MDI key="STATISTICS_MAXIMUM">29.517293930054</MDI>
      <MDI key="STATISTICS_MEAN">26.239550193888</MDI>
      <MDI key="STATISTICS_MEDIAN">0</MDI>
      <MDI key="STATISTICS_MINIMUM">15.204611778259</MDI>
      <MDI key="STATISTICS_MODE">0</MDI>
      <MDI key="STATISTICS_SKIPFACTORX">1</MDI>
      <MDI key="STATISTICS_SKIPFACTORY">1</MDI>
      <MDI key="STATISTICS_STDDEV">2.7025477465041</MDI>
    </Metadata>
  </PAMRasterBand>
</PAMDataset>
