<PAMDataset>
  <PAMRasterBand band="1">
    <Description>Layer_1</Description>
    <Histograms>
      <HistItem>
        <HistMin>19.069025039673</HistMin>
        <HistMax>29.878807067871</HistMax>
        <BucketCount>256</BucketCount>
        <IncludeOutOfRange>1</IncludeOutOfRange>
        <Approximate>0</Approximate>
        <HistCounts>1|0|0|1|0|0|1|0|0|1|1|0|0|1|0|1|0|0|1|0|0|2|0|0|0|1|0|1|0|2|1|2|0|1|3|2|1|2|0|1|1|1|2|0|1|1|0|3|2|1|4|3|0|1|3|3|3|4|3|3|3|5|6|7|6|8|5|7|5|8|3|4|8|6|7|7|4|10|10|7|3|3|3|9|8|4|6|11|9|9|11|5|6|9|13|12|12|13|10|8|9|21|6|10|10|14|11|10|12|11|12|20|11|19|15|14|16|13|11|26|25|28|32|28|32|29|19|25|25|32|28|35|30|26|30|28|28|25|25|12|19|21|22|12|15|16|17|17|18|16|16|17|20|20|16|25|31|24|24|23|24|25|33|25|31|20|24|19|17|13|11|11|17|22|51|44|30|27|33|28|25|28|25|22|27|27|24|24|20|18|36|35|46|31|50|41|53|33|35|42|33|36|40|35|36|36|33|41|32|27|30|30|36|32|43|27|24|31|14|31|16|28|37|30|42|54|43|59|46|62|70|65|71|64|73|74|78|97|130|114|92|91|50|53|51|55|36|56|55|40|36|28|15|13|8|1</HistCounts>
      </HistItem>
    </Histograms>
    <Metadata>
      <MDI key="LAYER_TYPE">athematic</MDI>
      <MDI key="STATISTICS_COVARIANCES">4.764775667719655</MDI>
      <MDI key="STATISTICS_EXCLUDEDVALUES"></MDI>
      <MDI key="STATISTICS_MAXIMUM">29.878807067871</MDI>
      <MDI key="STATISTICS_MEAN">26.994259099681</MDI>
      <MDI key="STATISTICS_MEDIAN">0</MDI>
      <MDI key="STATISTICS_MINIMUM">19.069025039673</MDI>
      <MDI key="STATISTICS_MODE">0</MDI>
      <MDI key="STATISTICS_SKIPFACTORX">1</MDI>
      <MDI key="STATISTICS_SKIPFACTORY">1</MDI>
      <MDI key="STATISTICS_STDDEV">2.1828366104039</MDI>
    </Metadata>
  </PAMRasterBand>
</PAMDataset>
