<PAMDataset>
  <PAMRasterBand band="1">
    <Description>Layer_1</Description>
    <Histograms>
      <HistItem>
        <HistMin>14.479762077332</HistMin>
        <HistMax>29.441965103149</HistMax>
        <BucketCount>256</BucketCount>
        <IncludeOutOfRange>1</IncludeOutOfRange>
        <Approximate>0</Approximate>
        <HistCounts>1|0|0|0|0|0|0|0|0|0|0|0|0|0|1|0|0|1|0|0|0|1|0|0|0|0|0|0|1|0|1|0|0|1|3|0|0|1|1|0|1|1|2|2|2|2|2|0|3|1|1|1|2|3|2|5|2|0|3|1|1|0|1|1|3|0|1|2|5|2|2|3|0|3|2|2|3|1|2|3|2|1|3|3|2|3|2|2|3|5|2|4|5|2|2|2|7|4|4|3|4|5|3|8|6|3|4|4|7|11|10|6|10|13|13|14|17|11|18|18|21|14|24|29|29|33|41|27|24|36|23|24|21|18|32|21|19|20|19|17|29|26|18|20|19|19|22|14|26|18|19|27|25|20|34|37|24|35|32|32|34|35|37|30|31|25|24|26|19|14|18|23|20|25|27|22|18|15|23|16|22|24|15|24|18|15|20|29|11|11|15|7|10|7|3|2|9|8|11|23|43|81|75|63|63|61|59|53|53|50|58|58|75|66|72|60|54|45|40|26|43|29|32|40|33|26|38|32|36|37|40|40|49|46|45|60|56|96|108|85|101|92|56|57|54|50|74|92|116|107|120|69|37|36|12|1</HistCounts>
      </HistItem>
    </Histograms>
    <Metadata>
      <MDI key="LAYER_TYPE">athematic</MDI>
      <MDI key="STATISTICS_COVARIANCES">7.55502047895725</MDI>
      <MDI key="STATISTICS_EXCLUDEDVALUES"></MDI>
      <MDI key="STATISTICS_MAXIMUM">29.441965103149</MDI>
      <MDI key="STATISTICS_MEAN">25.99183777238</MDI>
      <MDI key="STATISTICS_MEDIAN">0</MDI>
      <MDI key="STATISTICS_MINIMUM">14.479762077332</MDI>
      <MDI key="STATISTICS_MODE">0</MDI>
      <MDI key="STATISTICS_SKIPFACTORX">1</MDI>
      <MDI key="STATISTICS_SKIPFACTORY">1</MDI>
      <MDI key="STATISTICS_STDDEV">2.7486397506689</MDI>
    </Metadata>
  </PAMRasterBand>
</PAMDataset>
