<PAMDataset>
  <PAMRasterBand band="1">
    <Description>Layer_1</Description>
    <Histograms>
      <HistItem>
        <HistMin>18.243686676025</HistMin>
        <HistMax>29.913553237915</HistMax>
        <BucketCount>256</BucketCount>
        <IncludeOutOfRange>1</IncludeOutOfRange>
        <Approximate>0</Approximate>
        <HistCounts>1|0|0|0|0|0|0|0|1|0|1|1|0|0|0|0|0|0|0|1|0|0|0|0|0|1|0|1|2|3|0|2|0|3|0|0|1|0|0|0|1|0|0|0|1|1|0|1|0|5|0|2|0|2|3|2|1|1|2|1|0|2|4|1|2|1|0|3|2|7|1|5|1|1|2|2|4|5|3|3|4|4|3|1|3|2|8|6|6|5|4|4|5|4|8|7|9|11|4|10|7|5|14|6|3|7|6|11|5|6|2|10|4|8|13|9|6|19|6|19|13|18|12|21|12|23|13|25|21|23|30|25|24|21|42|32|30|34|39|28|38|38|49|37|53|49|41|48|42|45|32|27|43|31|28|31|27|32|30|34|28|31|38|30|35|30|29|18|13|18|9|14|24|5|11|8|9|9|13|6|7|10|5|11|9|8|4|8|8|33|55|57|46|58|84|90|63|82|62|49|57|64|91|85|70|89|81|73|84|67|72|76|62|76|68|73|80|71|104|119|86|72|67|66|78|58|23|20|23|19|20|26|16|17|22|20|21|20|19|21|17|21|12|28|22|30|30|36|16|7|10|12|9|8|18|1</HistCounts>
      </HistItem>
    </Histograms>
    <Metadata>
      <MDI key="LAYER_TYPE">athematic</MDI>
      <MDI key="STATISTICS_COVARIANCES">3.700725892800513</MDI>
      <MDI key="STATISTICS_EXCLUDEDVALUES"></MDI>
      <MDI key="STATISTICS_MAXIMUM">29.913553237915</MDI>
      <MDI key="STATISTICS_MEAN">26.708581079214</MDI>
      <MDI key="STATISTICS_MEDIAN">0</MDI>
      <MDI key="STATISTICS_MINIMUM">18.243686676025</MDI>
      <MDI key="STATISTICS_MODE">0</MDI>
      <MDI key="STATISTICS_SKIPFACTORX">1</MDI>
      <MDI key="STATISTICS_SKIPFACTORY">1</MDI>
      <MDI key="STATISTICS_STDDEV">1.9237270837623</MDI>
    </Metadata>
  </PAMRasterBand>
</PAMDataset>
