<PAMDataset>
  <PAMRasterBand band="1">
    <Description>Layer_1</Description>
    <Histograms>
      <HistItem>
        <HistMin>16.818675994873</HistMin>
        <HistMax>29.579524993896</HistMax>
        <BucketCount>256</BucketCount>
        <IncludeOutOfRange>1</IncludeOutOfRange>
        <Approximate>0</Approximate>
        <HistCounts>1|0|0|0|0|0|0|0|0|0|0|0|0|1|0|0|0|0|0|1|1|2|0|2|1|0|1|0|1|1|0|0|1|0|4|2|0|1|1|2|1|0|1|0|1|0|1|0|1|1|3|2|1|1|1|1|0|1|1|1|0|0|4|4|4|3|4|4|4|3|1|2|5|2|3|4|4|7|3|7|4|7|3|4|4|3|4|7|3|7|4|7|7|7|7|5|7|4|4|8|7|5|9|6|7|14|10|8|9|11|7|6|11|8|9|14|13|11|16|21|23|25|23|19|25|24|33|20|15|10|18|15|12|13|18|24|12|19|18|9|16|14|14|13|17|11|20|23|23|17|13|19|20|14|17|28|36|24|34|29|30|31|28|23|24|18|24|20|24|22|25|25|19|23|26|27|18|24|19|25|23|26|19|24|19|17|11|13|18|8|19|31|39|63|94|58|44|69|41|29|38|42|46|60|45|38|45|36|43|49|40|53|46|61|71|48|46|34|36|36|30|30|38|25|40|35|45|45|46|79|54|71|86|89|116|142|113|134|126|121|96|67|67|50|25|25|28|24|24|27|24|34|27|23|31|1</HistCounts>
      </HistItem>
    </Histograms>
    <Metadata>
      <MDI key="LAYER_TYPE">athematic</MDI>
      <MDI key="STATISTICS_COVARIANCES">5.335676431260547</MDI>
      <MDI key="STATISTICS_EXCLUDEDVALUES"></MDI>
      <MDI key="STATISTICS_MAXIMUM">29.579524993896</MDI>
      <MDI key="STATISTICS_MEAN">26.571285576942</MDI>
      <MDI key="STATISTICS_MEDIAN">0</MDI>
      <MDI key="STATISTICS_MINIMUM">16.818675994873</MDI>
      <MDI key="STATISTICS_MODE">0</MDI>
      <MDI key="STATISTICS_SKIPFACTORX">1</MDI>
      <MDI key="STATISTICS_SKIPFACTORY">1</MDI>
      <MDI key="STATISTICS_STDDEV">2.3099083166352</MDI>
    </Metadata>
  </PAMRasterBand>
</PAMDataset>
