<PAMDataset>
  <PAMRasterBand band="1">
    <Description>Layer_1</Description>
    <Histograms>
      <HistItem>
        <HistMin>16.615728378296</HistMin>
        <HistMax>29.849449157715</HistMax>
        <BucketCount>256</BucketCount>
        <IncludeOutOfRange>1</IncludeOutOfRange>
        <Approximate>0</Approximate>
        <HistCounts>1|0|0|0|0|0|0|0|0|0|2|3|1|2|1|0|0|0|1|2|0|2|1|1|2|1|0|1|0|0|2|0|1|1|1|1|2|3|2|3|0|0|1|0|1|3|2|1|4|5|3|4|2|4|6|2|3|6|2|5|1|4|3|3|7|6|7|4|6|1|9|2|5|6|4|4|6|5|10|8|5|7|3|10|4|7|4|11|6|6|8|13|10|7|10|5|11|6|7|14|8|7|7|9|11|9|7|8|9|6|10|14|12|8|24|17|16|19|22|21|15|13|13|11|6|14|16|11|7|9|17|19|12|20|12|11|12|20|12|18|18|22|22|19|31|31|46|31|38|33|27|25|24|26|24|25|27|29|28|21|27|30|36|27|34|27|25|31|20|22|29|27|18|13|17|10|11|20|15|15|16|15|16|15|7|11|8|12|9|17|14|6|12|7|10|9|24|37|80|88|73|61|51|43|41|61|68|62|58|79|49|44|52|52|50|48|57|57|43|38|38|54|40|36|26|28|32|26|31|25|32|37|42|58|69|75|74|72|95|116|117|148|124|160|119|83|39|29|25|26|27|11|6|4|2|0</HistCounts>
      </HistItem>
    </Histograms>
    <Metadata>
      <MDI key="LAYER_TYPE">athematic</MDI>
      <MDI key="STATISTICS_COVARIANCES">6.883846184578961</MDI>
      <MDI key="STATISTICS_EXCLUDEDVALUES"></MDI>
      <MDI key="STATISTICS_MAXIMUM">29.849449157715</MDI>
      <MDI key="STATISTICS_MEAN">26.549175889693</MDI>
      <MDI key="STATISTICS_MEDIAN">0</MDI>
      <MDI key="STATISTICS_MINIMUM">16.615728378296</MDI>
      <MDI key="STATISTICS_MODE">0</MDI>
      <MDI key="STATISTICS_SKIPFACTORX">1</MDI>
      <MDI key="STATISTICS_SKIPFACTORY">1</MDI>
      <MDI key="STATISTICS_STDDEV">2.6237084793435</MDI>
    </Metadata>
  </PAMRasterBand>
</PAMDataset>
