<PAMDataset>
  <PAMRasterBand band="1">
    <Description>Layer_1</Description>
    <Histograms>
      <HistItem>
        <HistMin>20.089307785034</HistMin>
        <HistMax>29.513494491577</HistMax>
        <BucketCount>256</BucketCount>
        <IncludeOutOfRange>1</IncludeOutOfRange>
        <Approximate>0</Approximate>
        <HistCounts>1|0|0|0|0|0|0|0|0|0|0|1|1|0|1|0|1|0|1|0|1|0|1|0|0|0|0|0|0|0|0|2|1|0|2|0|2|3|0|0|1|0|1|1|1|1|1|1|0|1|1|1|1|2|3|0|1|0|3|3|1|4|1|1|2|2|1|1|1|4|0|1|0|2|2|1|2|3|1|5|3|5|1|2|2|3|4|2|9|3|6|8|8|8|8|7|5|6|5|7|14|6|4|8|9|5|9|7|8|7|8|5|5|7|3|15|10|9|12|12|9|17|11|9|15|11|14|12|15|11|15|16|5|8|9|17|6|9|16|20|16|10|17|22|14|18|26|22|29|30|29|32|31|42|26|29|36|32|33|28|34|35|25|39|27|32|30|28|24|23|21|26|23|21|30|34|35|37|34|40|24|25|27|16|15|20|17|23|30|42|51|52|63|92|70|74|57|57|47|52|44|31|32|38|41|32|36|37|49|42|30|31|34|30|26|33|34|31|44|57|51|44|57|51|45|60|52|52|46|60|57|63|75|71|82|101|113|103|113|89|57|67|69|70|63|76|54|50|26|29|25|10|4|4|3|1</HistCounts>
      </HistItem>
    </Histograms>
    <Metadata>
      <MDI key="LAYER_TYPE">athematic</MDI>
      <MDI key="STATISTICS_COVARIANCES">2.553778870033882</MDI>
      <MDI key="STATISTICS_EXCLUDEDVALUES"></MDI>
      <MDI key="STATISTICS_MAXIMUM">29.513494491577</MDI>
      <MDI key="STATISTICS_MEAN">27.305028940668</MDI>
      <MDI key="STATISTICS_MEDIAN">0</MDI>
      <MDI key="STATISTICS_MINIMUM">20.089307785034</MDI>
      <MDI key="STATISTICS_MODE">0</MDI>
      <MDI key="STATISTICS_SKIPFACTORX">1</MDI>
      <MDI key="STATISTICS_SKIPFACTORY">1</MDI>
      <MDI key="STATISTICS_STDDEV">1.598054714343</MDI>
    </Metadata>
  </PAMRasterBand>
</PAMDataset>
