<PAMDataset>
  <PAMRasterBand band="1">
    <Description>Layer_1</Description>
    <Histograms>
      <HistItem>
        <HistMin>10.375507354736</HistMin>
        <HistMax>28.867601394653</HistMax>
        <BucketCount>256</BucketCount>
        <IncludeOutOfRange>1</IncludeOutOfRange>
        <Approximate>0</Approximate>
        <HistCounts>2|0|1|1|1|1|2|0|1|1|1|1|3|0|1|0|3|0|2|1|2|3|1|1|3|3|1|2|2|1|5|1|3|2|5|0|3|2|2|4|3|2|3|6|3|0|2|1|3|0|6|5|2|3|4|1|2|3|3|2|4|7|2|7|5|6|3|1|5|6|7|6|4|3|5|7|4|6|4|11|6|6|4|9|7|10|16|14|12|10|11|14|17|10|21|8|7|16|16|16|27|18|21|23|23|21|22|21|30|20|19|15|18|14|23|14|13|17|18|13|27|16|20|23|18|17|18|12|22|18|16|15|18|13|18|19|15|21|14|12|19|11|10|11|15|20|17|14|18|28|34|27|15|22|23|17|16|27|17|16|14|21|14|11|18|17|21|15|20|17|18|24|17|20|14|25|22|18|20|15|24|12|15|11|9|8|6|5|8|9|5|9|2|6|2|4|5|6|8|9|10|11|7|12|21|23|78|118|132|129|87|95|88|74|75|71|60|46|44|55|45|58|50|54|49|50|53|55|66|68|90|74|73|68|82|88|95|124|88|80|62|45|42|47|40|33|42|25|33|31|25|29|39|33|14|1</HistCounts>
      </HistItem>
    </Histograms>
    <Metadata>
      <MDI key="LAYER_TYPE">athematic</MDI>
      <MDI key="STATISTICS_COVARIANCES">15.93992519934891</MDI>
      <MDI key="STATISTICS_EXCLUDEDVALUES"></MDI>
      <MDI key="STATISTICS_MAXIMUM">28.867601394653</MDI>
      <MDI key="STATISTICS_MEAN">23.965684356617</MDI>
      <MDI key="STATISTICS_MEDIAN">0</MDI>
      <MDI key="STATISTICS_MINIMUM">10.375507354736</MDI>
      <MDI key="STATISTICS_MODE">0</MDI>
      <MDI key="STATISTICS_SKIPFACTORX">1</MDI>
      <MDI key="STATISTICS_SKIPFACTORY">1</MDI>
      <MDI key="STATISTICS_STDDEV">3.9924835878622</MDI>
    </Metadata>
  </PAMRasterBand>
</PAMDataset>
