<PAMDataset>
  <PAMRasterBand band="1">
    <Description>Layer_1</Description>
    <Histograms>
      <HistItem>
        <HistMin>16.649250030518</HistMin>
        <HistMax>29.495962142944</HistMax>
        <BucketCount>256</BucketCount>
        <IncludeOutOfRange>1</IncludeOutOfRange>
        <Approximate>0</Approximate>
        <HistCounts>1|0|0|0|0|0|0|0|0|0|0|0|1|0|0|0|0|0|0|0|0|0|0|0|0|0|0|0|0|0|2|2|0|2|2|1|0|1|2|1|0|0|0|2|0|2|2|1|1|1|0|1|1|1|0|0|1|2|1|1|0|0|2|4|2|1|1|0|2|2|1|3|1|2|1|1|1|1|1|6|3|6|3|6|3|4|3|5|3|3|4|3|7|5|6|6|10|4|5|7|6|5|15|6|6|3|14|3|13|7|10|6|8|9|13|8|14|12|15|12|14|12|13|14|13|16|12|17|12|21|18|23|19|10|25|17|34|28|23|21|20|19|20|17|18|10|23|15|16|15|22|27|31|27|37|32|19|16|20|29|12|22|19|16|22|22|33|33|21|19|28|33|20|20|19|21|22|19|15|20|20|14|20|28|28|21|19|19|14|18|31|58|92|83|82|82|51|38|45|61|63|44|41|46|42|45|46|41|37|47|43|46|47|39|42|44|44|29|34|32|23|32|26|26|33|24|29|40|35|56|61|72|75|74|85|101|111|112|109|146|145|96|68|80|72|44|38|32|21|26|27|26|23|33|31|1</HistCounts>
      </HistItem>
    </Histograms>
    <Metadata>
      <MDI key="LAYER_TYPE">athematic</MDI>
      <MDI key="STATISTICS_COVARIANCES">4.925185224527713</MDI>
      <MDI key="STATISTICS_EXCLUDEDVALUES"></MDI>
      <MDI key="STATISTICS_MAXIMUM">29.495962142944</MDI>
      <MDI key="STATISTICS_MEAN">26.562420527261</MDI>
      <MDI key="STATISTICS_MEDIAN">0</MDI>
      <MDI key="STATISTICS_MINIMUM">16.649250030518</MDI>
      <MDI key="STATISTICS_MODE">0</MDI>
      <MDI key="STATISTICS_SKIPFACTORX">1</MDI>
      <MDI key="STATISTICS_SKIPFACTORY">1</MDI>
      <MDI key="STATISTICS_STDDEV">2.2192758333582</MDI>
    </Metadata>
  </PAMRasterBand>
</PAMDataset>
