<PAMDataset>
  <PAMRasterBand band="1">
    <Description>Layer_1</Description>
    <Histograms>
      <HistItem>
        <HistMin>12.261392593384</HistMin>
        <HistMax>29.363542556763</HistMax>
        <BucketCount>256</BucketCount>
        <IncludeOutOfRange>1</IncludeOutOfRange>
        <Approximate>0</Approximate>
        <HistCounts>1|0|0|0|0|0|1|0|0|0|0|1|0|2|0|0|0|3|0|0|1|1|1|0|2|1|1|0|0|2|0|0|1|2|2|2|1|5|1|3|3|1|1|1|1|2|2|4|0|6|3|6|1|1|1|0|2|0|3|0|4|3|6|3|5|3|1|1|1|2|3|1|3|2|4|2|8|5|2|4|1|3|3|5|2|0|6|2|2|5|5|8|6|12|14|9|6|5|10|6|8|10|8|11|13|21|17|13|15|10|22|13|23|24|15|33|24|29|33|39|29|35|21|21|30|36|35|35|35|33|20|20|19|23|11|11|21|13|16|16|17|15|15|10|17|22|24|20|29|15|11|17|28|19|24|21|23|12|24|22|32|22|25|21|30|16|24|23|18|23|23|25|14|16|16|16|19|12|17|15|22|18|19|12|11|13|10|11|10|9|6|4|11|6|11|4|10|10|8|21|14|13|16|21|52|147|124|62|60|75|65|71|68|54|50|59|43|63|38|40|47|50|74|52|53|49|62|55|64|65|73|86|109|112|94|79|71|38|35|35|37|39|37|43|34|44|45|46|65|70|60|64|57|40|42|0</HistCounts>
      </HistItem>
    </Histograms>
    <Metadata>
      <MDI key="LAYER_TYPE">athematic</MDI>
      <MDI key="STATISTICS_COVARIANCES">11.61121758851224</MDI>
      <MDI key="STATISTICS_EXCLUDEDVALUES"></MDI>
      <MDI key="STATISTICS_MAXIMUM">29.363542556763</MDI>
      <MDI key="STATISTICS_MEAN">25.069862876214</MDI>
      <MDI key="STATISTICS_MEDIAN">0</MDI>
      <MDI key="STATISTICS_MINIMUM">12.261392593384</MDI>
      <MDI key="STATISTICS_MODE">0</MDI>
      <MDI key="STATISTICS_SKIPFACTORX">1</MDI>
      <MDI key="STATISTICS_SKIPFACTORY">1</MDI>
      <MDI key="STATISTICS_STDDEV">3.4075236739474</MDI>
    </Metadata>
  </PAMRasterBand>
</PAMDataset>
