<PAMDataset>
  <PAMRasterBand band="1">
    <Description>Layer_1</Description>
    <Histograms>
      <HistItem>
        <HistMin>18.025465011597</HistMin>
        <HistMax>29.657915115356</HistMax>
        <BucketCount>256</BucketCount>
        <IncludeOutOfRange>1</IncludeOutOfRange>
        <Approximate>0</Approximate>
        <HistCounts>1|0|0|0|0|0|0|0|1|0|0|0|0|0|1|0|0|0|1|0|0|1|0|0|0|1|1|0|0|2|0|1|1|0|2|0|1|0|2|0|0|1|1|0|2|1|0|1|1|1|0|2|1|1|1|2|0|4|1|0|3|1|0|1|3|1|4|3|0|2|4|3|1|2|2|5|2|1|5|6|7|2|6|5|3|2|13|6|3|6|7|9|1|10|8|10|6|8|9|5|6|4|10|8|4|3|5|7|10|12|6|11|6|12|12|15|15|11|13|14|11|9|23|8|14|9|15|16|14|16|12|20|18|24|23|37|31|30|31|26|17|29|23|19|15|22|22|20|27|11|16|21|17|27|25|29|28|19|17|31|35|27|30|38|33|40|45|47|51|45|46|47|42|43|24|28|15|14|16|13|9|12|11|8|13|13|14|6|10|14|11|10|13|17|16|11|14|5|11|7|35|94|124|85|89|116|117|80|98|89|95|83|88|70|91|86|92|119|81|95|83|88|97|104|94|95|60|43|55|48|44|50|28|28|33|25|18|18|22|20|15|21|19|21|21|21|25|22|29|25|13|15|6|13|17|1</HistCounts>
      </HistItem>
    </Histograms>
    <Metadata>
      <MDI key="LAYER_TYPE">athematic</MDI>
      <MDI key="STATISTICS_COVARIANCES">3.70558264545189</MDI>
      <MDI key="STATISTICS_EXCLUDEDVALUES"></MDI>
      <MDI key="STATISTICS_MAXIMUM">29.657915115356</MDI>
      <MDI key="STATISTICS_MEAN">26.691703103101</MDI>
      <MDI key="STATISTICS_MEDIAN">0</MDI>
      <MDI key="STATISTICS_MINIMUM">18.025465011597</MDI>
      <MDI key="STATISTICS_MODE">0</MDI>
      <MDI key="STATISTICS_SKIPFACTORX">1</MDI>
      <MDI key="STATISTICS_SKIPFACTORY">1</MDI>
      <MDI key="STATISTICS_STDDEV">1.9249889987872</MDI>
    </Metadata>
  </PAMRasterBand>
</PAMDataset>
