<PAMDataset>
  <PAMRasterBand band="1">
    <Description>Layer_1</Description>
    <Histograms>
      <HistItem>
        <HistMin>20.319478988647</HistMin>
        <HistMax>30.29442024231</HistMax>
        <BucketCount>256</BucketCount>
        <IncludeOutOfRange>1</IncludeOutOfRange>
        <Approximate>0</Approximate>
        <HistCounts>1|0|0|0|0|0|0|1|0|0|0|0|0|0|0|0|0|0|0|1|2|0|2|0|0|0|0|0|0|1|1|1|0|0|1|2|1|1|3|0|2|1|2|2|1|1|1|2|2|6|3|6|5|10|9|11|10|3|6|7|3|6|5|4|9|7|4|3|8|4|6|3|6|6|5|8|2|12|8|9|15|13|19|13|14|14|10|13|13|11|16|13|13|12|13|18|12|19|26|18|15|16|17|14|19|16|10|21|17|18|20|23|23|28|27|38|28|38|33|39|37|30|35|28|34|50|60|42|52|50|36|45|35|44|38|28|38|25|15|24|22|9|8|15|18|21|15|14|14|19|14|15|19|16|30|11|9|11|11|4|6|5|2|6|2|6|3|7|7|13|23|29|50|35|35|40|34|28|37|64|56|49|36|28|23|26|32|44|50|46|74|53|63|58|66|94|93|85|79|77|70|82|86|96|81|66|79|58|67|60|52|63|50|47|41|38|41|34|34|52|41|27|12|16|14|15|15|13|16|14|15|16|18|13|17|18|12|15|21|21|20|16|16|27|15|11|11|7|6|4|6|5|3|3|3|0</HistCounts>
      </HistItem>
    </Histograms>
    <Metadata>
      <MDI key="LAYER_TYPE">athematic</MDI>
      <MDI key="STATISTICS_COVARIANCES">3.498526124390833</MDI>
      <MDI key="STATISTICS_EXCLUDEDVALUES"></MDI>
      <MDI key="STATISTICS_MAXIMUM">30.29442024231</MDI>
      <MDI key="STATISTICS_MEAN">26.9204149562</MDI>
      <MDI key="STATISTICS_MEDIAN">0</MDI>
      <MDI key="STATISTICS_MINIMUM">20.319478988647</MDI>
      <MDI key="STATISTICS_MODE">0</MDI>
      <MDI key="STATISTICS_SKIPFACTORX">1</MDI>
      <MDI key="STATISTICS_SKIPFACTORY">1</MDI>
      <MDI key="STATISTICS_STDDEV">1.8704347420829</MDI>
    </Metadata>
  </PAMRasterBand>
</PAMDataset>
