<PAMDataset>
  <PAMRasterBand band="1">
    <Description>Layer_1</Description>
    <Histograms>
      <HistItem>
        <HistMin>18.576229095459</HistMin>
        <HistMax>29.872180938721</HistMax>
        <BucketCount>256</BucketCount>
        <IncludeOutOfRange>1</IncludeOutOfRange>
        <Approximate>0</Approximate>
        <HistCounts>1|1|0|0|0|2|1|1|0|0|0|1|0|2|1|0|0|0|1|0|0|0|0|1|0|1|3|2|0|0|0|2|0|0|0|1|1|0|0|1|2|1|0|2|0|1|0|0|1|2|3|2|2|1|2|2|2|0|2|3|1|3|2|3|4|1|3|5|5|1|1|5|3|5|4|6|1|8|5|6|4|4|7|11|5|5|6|8|8|7|5|7|8|8|7|6|6|5|3|9|9|4|7|9|5|11|13|9|10|10|12|15|12|13|13|16|19|9|21|13|17|11|18|18|23|21|17|30|30|37|22|23|32|23|21|30|35|21|18|29|17|23|22|16|22|30|20|36|31|28|36|37|31|52|41|42|33|45|55|39|41|37|34|36|26|23|19|14|10|8|16|10|8|11|12|11|12|9|11|9|12|10|10|14|22|22|18|8|11|2|3|7|18|33|49|75|82|84|109|121|122|106|99|88|100|83|74|90|64|79|71|81|65|53|58|63|72|93|80|65|52|51|44|36|37|27|31|34|26|32|41|28|37|39|38|32|27|26|29|25|41|23|27|23|17|25|23|29|33|16|10|12|14|7|6|0</HistCounts>
      </HistItem>
    </Histograms>
    <Metadata>
      <MDI key="LAYER_TYPE">athematic</MDI>
      <MDI key="STATISTICS_COVARIANCES">3.846757524046764</MDI>
      <MDI key="STATISTICS_EXCLUDEDVALUES"></MDI>
      <MDI key="STATISTICS_MAXIMUM">29.872180938721</MDI>
      <MDI key="STATISTICS_MEAN">26.73746487447</MDI>
      <MDI key="STATISTICS_MEDIAN">0</MDI>
      <MDI key="STATISTICS_MINIMUM">18.576229095459</MDI>
      <MDI key="STATISTICS_MODE">0</MDI>
      <MDI key="STATISTICS_SKIPFACTORX">1</MDI>
      <MDI key="STATISTICS_SKIPFACTORY">1</MDI>
      <MDI key="STATISTICS_STDDEV">1.9613152536109</MDI>
    </Metadata>
  </PAMRasterBand>
</PAMDataset>
