<PAMDataset>
  <PAMRasterBand band="1">
    <Description>Layer_1</Description>
    <Histograms>
      <HistItem>
        <HistMin>15.825373649597</HistMin>
        <HistMax>29.723745346069</HistMax>
        <BucketCount>256</BucketCount>
        <IncludeOutOfRange>1</IncludeOutOfRange>
        <Approximate>0</Approximate>
        <HistCounts>1|2|1|0|0|0|0|0|1|2|0|1|0|0|3|0|2|2|0|0|1|0|1|0|2|0|0|0|2|0|1|1|0|0|3|2|1|2|1|1|0|0|3|1|0|1|0|0|1|0|0|1|3|5|0|1|1|1|2|0|3|6|3|3|5|1|1|4|3|1|4|5|1|3|4|8|6|7|0|0|3|4|1|5|8|6|3|4|9|10|6|5|7|4|8|10|6|6|10|5|13|12|14|12|17|8|8|10|14|15|15|12|17|21|24|30|38|17|14|11|12|13|19|8|12|10|7|12|12|12|8|8|12|8|17|8|17|16|13|8|13|9|16|19|25|22|22|17|15|23|18|19|20|28|25|41|35|40|37|34|33|35|23|25|26|26|28|20|22|22|22|18|30|29|28|27|20|22|21|18|21|16|20|16|10|18|23|16|15|19|4|19|6|6|10|10|6|4|5|6|14|22|21|26|25|26|44|107|120|92|60|54|48|39|37|45|47|44|71|94|90|78|38|45|32|35|38|39|30|28|29|31|37|71|71|64|76|62|60|64|71|97|100|111|140|161|218|165|84|39|16|7|1|1|1|1</HistCounts>
      </HistItem>
    </Histograms>
    <Metadata>
      <MDI key="LAYER_TYPE">athematic</MDI>
      <MDI key="STATISTICS_COVARIANCES">7.292716869456239</MDI>
      <MDI key="STATISTICS_EXCLUDEDVALUES"></MDI>
      <MDI key="STATISTICS_MAXIMUM">29.723745346069</MDI>
      <MDI key="STATISTICS_MEAN">26.528358893092</MDI>
      <MDI key="STATISTICS_MEDIAN">0</MDI>
      <MDI key="STATISTICS_MINIMUM">15.825373649597</MDI>
      <MDI key="STATISTICS_MODE">0</MDI>
      <MDI key="STATISTICS_SKIPFACTORX">1</MDI>
      <MDI key="STATISTICS_SKIPFACTORY">1</MDI>
      <MDI key="STATISTICS_STDDEV">2.7005030771055</MDI>
    </Metadata>
  </PAMRasterBand>
</PAMDataset>
