<PAMDataset>
  <PAMRasterBand band="1">
    <Description>Layer_1</Description>
    <Histograms>
      <HistItem>
        <HistMin>14.148732185364</HistMin>
        <HistMax>29.442728042603</HistMax>
        <BucketCount>256</BucketCount>
        <IncludeOutOfRange>1</IncludeOutOfRange>
        <Approximate>0</Approximate>
        <HistCounts>1|0|0|0|0|0|1|0|0|0|0|0|1|2|1|2|2|2|1|3|0|0|4|4|5|1|2|2|1|2|2|5|1|2|2|1|1|1|3|5|2|1|3|2|2|1|1|1|2|4|3|3|6|3|3|2|2|6|2|3|0|1|1|4|2|1|1|6|5|6|5|2|2|2|6|4|4|3|4|2|3|7|3|10|7|11|4|6|13|11|11|6|11|12|21|12|9|16|17|20|19|16|22|16|24|28|26|23|31|22|17|20|23|30|18|28|29|33|29|31|29|32|27|32|24|16|22|16|25|10|15|16|15|15|12|13|16|22|8|16|14|20|20|26|16|24|23|22|19|17|14|21|16|17|24|25|31|22|34|23|29|32|24|14|9|18|10|12|12|13|7|10|12|6|8|14|6|8|9|4|9|5|5|8|5|8|8|10|3|6|7|8|11|12|22|28|31|55|77|93|73|47|48|45|45|44|56|46|43|42|48|59|54|47|54|53|54|52|39|35|41|52|40|54|54|53|52|51|51|46|44|54|49|39|34|34|50|70|71|67|53|44|47|39|50|52|52|75|101|117|111|89|67|42|11|0</HistCounts>
      </HistItem>
    </Histograms>
    <Metadata>
      <MDI key="LAYER_TYPE">athematic</MDI>
      <MDI key="STATISTICS_COVARIANCES">10.9689485461204</MDI>
      <MDI key="STATISTICS_EXCLUDEDVALUES"></MDI>
      <MDI key="STATISTICS_MAXIMUM">29.442728042603</MDI>
      <MDI key="STATISTICS_MEAN">25.405878529328</MDI>
      <MDI key="STATISTICS_MEDIAN">0</MDI>
      <MDI key="STATISTICS_MINIMUM">14.148732185364</MDI>
      <MDI key="STATISTICS_MODE">0</MDI>
      <MDI key="STATISTICS_SKIPFACTORX">1</MDI>
      <MDI key="STATISTICS_SKIPFACTORY">1</MDI>
      <MDI key="STATISTICS_STDDEV">3.3119402992989</MDI>
    </Metadata>
  </PAMRasterBand>
</PAMDataset>
