<PAMDataset>
  <PAMRasterBand band="1">
    <Description>Layer_1</Description>
    <Histograms>
      <HistItem>
        <HistMin>15.353597640991</HistMin>
        <HistMax>29.353874206543</HistMax>
        <BucketCount>256</BucketCount>
        <IncludeOutOfRange>1</IncludeOutOfRange>
        <Approximate>0</Approximate>
        <HistCounts>2|1|1|1|0|0|0|0|0|2|4|1|2|1|1|1|3|1|1|2|5|2|2|1|1|1|1|1|3|1|0|3|5|0|3|0|1|1|2|1|0|4|3|1|1|1|1|3|0|1|2|2|7|1|2|3|7|4|1|0|2|2|1|3|4|2|5|5|3|3|1|4|2|2|3|4|7|2|3|5|2|5|7|3|5|4|4|4|6|5|9|8|3|8|14|10|13|19|10|8|22|11|9|10|13|19|14|12|15|18|20|33|29|33|36|36|28|39|27|15|12|15|15|15|12|19|22|13|20|18|17|14|12|19|23|19|14|15|16|19|19|11|12|12|20|21|14|14|22|21|23|15|25|24|24|22|30|37|30|30|24|24|28|27|22|17|20|19|19|13|17|10|13|9|17|11|10|7|16|10|9|13|10|11|8|6|8|14|11|14|21|21|22|98|85|90|56|48|51|48|37|47|44|41|49|47|50|46|48|44|60|58|59|54|58|44|43|32|41|32|34|36|39|39|49|46|37|49|47|37|43|39|53|39|37|37|34|29|61|80|58|47|47|36|39|50|38|41|56|74|129|120|147|80|41|0</HistCounts>
      </HistItem>
    </Histograms>
    <Metadata>
      <MDI key="LAYER_TYPE">athematic</MDI>
      <MDI key="STATISTICS_COVARIANCES">8.47034485232424</MDI>
      <MDI key="STATISTICS_EXCLUDEDVALUES"></MDI>
      <MDI key="STATISTICS_MAXIMUM">29.353874206543</MDI>
      <MDI key="STATISTICS_MEAN">25.781186347427</MDI>
      <MDI key="STATISTICS_MEDIAN">0</MDI>
      <MDI key="STATISTICS_MINIMUM">15.353597640991</MDI>
      <MDI key="STATISTICS_MODE">0</MDI>
      <MDI key="STATISTICS_SKIPFACTORX">1</MDI>
      <MDI key="STATISTICS_SKIPFACTORY">1</MDI>
      <MDI key="STATISTICS_STDDEV">2.9103856878985</MDI>
    </Metadata>
  </PAMRasterBand>
</PAMDataset>
