<PAMDataset>
  <PAMRasterBand band="1">
    <Description>Layer_1</Description>
    <Histograms>
      <HistItem>
        <HistMin>13.685333251953</HistMin>
        <HistMax>29.569549560547</HistMax>
        <BucketCount>256</BucketCount>
        <IncludeOutOfRange>1</IncludeOutOfRange>
        <Approximate>0</Approximate>
        <HistCounts>1|0|0|0|0|0|0|1|0|0|0|0|2|1|0|0|0|0|2|1|0|2|0|1|1|2|2|0|1|2|3|1|3|1|3|1|2|2|1|3|2|2|2|1|2|1|3|2|4|6|0|4|3|4|0|0|1|3|4|2|5|5|4|6|0|3|2|2|3|1|4|6|2|1|1|7|6|3|4|5|5|1|4|5|6|7|10|14|7|9|11|11|13|8|9|12|16|9|16|16|16|13|10|16|15|20|20|23|22|25|32|35|48|47|51|40|46|33|34|26|28|25|33|20|27|23|20|18|24|24|15|13|17|16|10|18|21|16|21|27|11|20|17|15|16|17|14|15|15|17|15|20|24|18|17|12|17|17|14|12|18|16|15|22|12|23|13|18|15|17|9|21|13|12|13|10|7|15|10|11|5|9|6|8|7|12|11|13|6|7|5|9|12|5|10|13|11|14|12|18|31|109|97|55|59|58|71|71|54|72|67|66|66|62|60|69|49|48|53|49|54|49|39|44|50|45|43|48|38|54|50|66|84|83|74|62|60|42|56|38|50|49|44|49|64|71|83|91|80|76|37|31|32|26|19|0</HistCounts>
      </HistItem>
    </Histograms>
    <Metadata>
      <MDI key="LAYER_TYPE">athematic</MDI>
      <MDI key="STATISTICS_COVARIANCES">11.27697658079026</MDI>
      <MDI key="STATISTICS_EXCLUDEDVALUES"></MDI>
      <MDI key="STATISTICS_MAXIMUM">29.569549560547</MDI>
      <MDI key="STATISTICS_MEAN">25.349723304886</MDI>
      <MDI key="STATISTICS_MEDIAN">0</MDI>
      <MDI key="STATISTICS_MINIMUM">13.685333251953</MDI>
      <MDI key="STATISTICS_MODE">0</MDI>
      <MDI key="STATISTICS_SKIPFACTORX">1</MDI>
      <MDI key="STATISTICS_SKIPFACTORY">1</MDI>
      <MDI key="STATISTICS_STDDEV">3.3581209895997</MDI>
    </Metadata>
  </PAMRasterBand>
</PAMDataset>
