<PAMDataset>
  <PAMRasterBand band="1">
    <Description>Layer_1</Description>
    <Histograms>
      <HistItem>
        <HistMin>9.1674585342407</HistMin>
        <HistMax>28.78950691223101</HistMax>
        <BucketCount>256</BucketCount>
        <IncludeOutOfRange>1</IncludeOutOfRange>
        <Approximate>0</Approximate>
        <HistCounts>1|0|0|0|0|1|0|2|0|2|0|2|3|1|2|1|3|5|3|4|3|5|8|0|5|3|2|3|4|2|2|7|4|3|5|1|3|2|2|3|3|4|3|5|4|5|4|3|4|2|1|5|7|2|6|3|4|2|4|5|5|5|5|4|6|8|8|5|8|8|5|8|9|12|15|9|13|22|8|11|12|10|12|15|12|15|14|16|15|10|13|15|12|12|15|8|12|17|16|8|18|11|19|12|18|17|22|17|18|30|37|34|37|31|32|23|34|14|24|24|21|22|23|32|36|17|22|26|25|16|23|16|19|17|17|17|31|19|19|11|13|11|12|13|11|12|9|10|14|17|15|16|13|10|5|17|8|7|21|13|10|6|16|11|15|14|13|18|15|11|13|19|14|4|7|11|8|9|12|9|7|10|9|5|9|5|7|11|5|10|5|6|7|4|5|5|8|6|9|4|8|12|10|10|15|13|35|60|82|85|147|175|119|94|92|86|72|66|66|69|73|71|76|98|107|112|116|108|65|65|73|84|62|57|60|47|40|46|43|59|68|68|66|34|20|15|14|15|12|13|12|9|8|8|18|1</HistCounts>
      </HistItem>
    </Histograms>
    <Metadata>
      <MDI key="LAYER_TYPE">athematic</MDI>
      <MDI key="STATISTICS_COVARIANCES">20.09211370168359</MDI>
      <MDI key="STATISTICS_EXCLUDEDVALUES"></MDI>
      <MDI key="STATISTICS_MAXIMUM">28.789506912231</MDI>
      <MDI key="STATISTICS_MEAN">23.142502349666</MDI>
      <MDI key="STATISTICS_MEDIAN">0</MDI>
      <MDI key="STATISTICS_MINIMUM">9.1674585342407</MDI>
      <MDI key="STATISTICS_MODE">0</MDI>
      <MDI key="STATISTICS_SKIPFACTORX">1</MDI>
      <MDI key="STATISTICS_SKIPFACTORY">1</MDI>
      <MDI key="STATISTICS_STDDEV">4.4824227491038</MDI>
    </Metadata>
  </PAMRasterBand>
</PAMDataset>
