<PAMDataset>
  <PAMRasterBand band="1">
    <Description>Layer_1</Description>
    <Histograms>
      <HistItem>
        <HistMin>16.505968093872</HistMin>
        <HistMax>29.801662445068</HistMax>
        <BucketCount>256</BucketCount>
        <IncludeOutOfRange>1</IncludeOutOfRange>
        <Approximate>0</Approximate>
        <HistCounts>1|0|0|0|0|0|0|0|0|0|2|0|0|2|3|2|1|1|1|0|1|0|0|1|1|0|2|0|2|1|2|0|1|0|1|1|0|1|1|1|0|3|1|1|2|1|2|1|1|0|1|3|1|2|1|1|4|1|3|2|2|3|2|4|4|1|4|0|2|3|4|11|5|5|5|4|8|2|6|3|7|8|7|5|11|6|6|8|7|14|6|4|4|11|7|15|5|15|7|10|10|11|10|11|10|7|9|11|10|5|12|14|10|20|21|21|15|13|15|13|15|9|14|12|10|12|12|9|13|15|6|4|7|7|11|20|9|7|12|10|11|14|16|19|13|21|19|17|21|17|19|25|16|22|21|20|24|22|29|26|38|36|36|41|34|38|44|44|37|35|30|27|26|20|30|21|24|30|19|27|18|17|28|18|15|14|15|14|20|12|10|6|7|3|11|7|7|7|9|11|5|3|7|8|3|7|7|8|8|36|30|47|53|96|58|62|54|55|78|80|59|42|42|45|39|48|75|76|79|91|96|68|53|40|34|32|33|38|41|63|55|58|60|75|82|79|77|137|167|239|229|99|49|25|13|1</HistCounts>
      </HistItem>
    </Histograms>
    <Metadata>
      <MDI key="LAYER_TYPE">athematic</MDI>
      <MDI key="STATISTICS_COVARIANCES">7.189077278268493</MDI>
      <MDI key="STATISTICS_EXCLUDEDVALUES"></MDI>
      <MDI key="STATISTICS_MAXIMUM">29.801662445068</MDI>
      <MDI key="STATISTICS_MEAN">26.883505966129</MDI>
      <MDI key="STATISTICS_MEDIAN">0</MDI>
      <MDI key="STATISTICS_MINIMUM">16.505968093872</MDI>
      <MDI key="STATISTICS_MODE">0</MDI>
      <MDI key="STATISTICS_SKIPFACTORX">1</MDI>
      <MDI key="STATISTICS_SKIPFACTORY">1</MDI>
      <MDI key="STATISTICS_STDDEV">2.6812454714682</MDI>
    </Metadata>
  </PAMRasterBand>
</PAMDataset>
