<PAMDataset>
  <PAMRasterBand band="1">
    <Description>Layer_1</Description>
    <Histograms>
      <HistItem>
        <HistMin>18.700685501099</HistMin>
        <HistMax>29.247291564941</HistMax>
        <BucketCount>256</BucketCount>
        <IncludeOutOfRange>1</IncludeOutOfRange>
        <Approximate>0</Approximate>
        <HistCounts>1|0|0|0|1|0|0|0|1|0|0|3|0|1|0|0|2|0|1|1|0|2|1|1|0|0|1|1|0|1|1|0|2|2|0|0|3|0|2|3|0|0|1|2|1|1|1|1|3|4|3|1|2|1|3|3|2|3|0|0|3|3|5|3|2|3|5|3|3|4|3|0|2|2|1|2|7|7|1|5|2|2|7|4|1|6|7|7|4|8|4|8|7|4|5|9|7|6|4|2|4|17|12|2|10|11|12|6|9|8|9|15|11|11|13|15|13|16|13|13|12|15|13|10|18|13|25|27|20|21|24|21|23|16|22|19|11|13|22|15|30|25|21|18|21|19|19|25|32|22|15|31|28|24|24|28|27|31|24|21|37|41|36|38|47|40|31|29|39|47|29|21|23|33|21|17|19|21|19|18|15|6|12|15|9|9|8|7|7|4|9|10|11|6|7|7|16|17|41|47|69|68|63|76|81|110|88|96|72|67|61|79|61|60|66|52|63|54|70|58|70|68|69|60|76|105|71|64|61|58|78|59|72|93|112|77|64|49|46|27|33|26|26|36|27|20|24|20|18|19|19|23|13|14|8|1</HistCounts>
      </HistItem>
    </Histograms>
    <Metadata>
      <MDI key="LAYER_TYPE">athematic</MDI>
      <MDI key="STATISTICS_COVARIANCES">3.564736550109743</MDI>
      <MDI key="STATISTICS_EXCLUDEDVALUES"></MDI>
      <MDI key="STATISTICS_MAXIMUM">29.247291564941</MDI>
      <MDI key="STATISTICS_MEAN">26.57730315397</MDI>
      <MDI key="STATISTICS_MEDIAN">0</MDI>
      <MDI key="STATISTICS_MINIMUM">18.700685501099</MDI>
      <MDI key="STATISTICS_MODE">0</MDI>
      <MDI key="STATISTICS_SKIPFACTORX">1</MDI>
      <MDI key="STATISTICS_SKIPFACTORY">1</MDI>
      <MDI key="STATISTICS_STDDEV">1.8880509924548</MDI>
    </Metadata>
  </PAMRasterBand>
</PAMDataset>
