<PAMDataset>
  <PAMRasterBand band="1">
    <Description>Layer_1</Description>
    <Histograms>
      <HistItem>
        <HistMin>11.196455001831</HistMin>
        <HistMax>29.423219680786</HistMax>
        <BucketCount>256</BucketCount>
        <IncludeOutOfRange>1</IncludeOutOfRange>
        <Approximate>0</Approximate>
        <HistCounts>1|0|0|1|0|0|2|0|0|0|1|1|2|0|1|1|2|1|1|1|2|2|1|0|2|1|4|0|7|2|2|3|3|5|1|1|0|5|0|1|3|4|4|6|2|4|2|0|0|4|3|2|0|5|4|4|4|4|2|4|3|2|1|2|2|8|2|3|6|7|1|7|4|2|5|3|6|7|6|5|3|5|7|6|5|10|12|7|8|14|6|14|6|11|13|13|15|19|15|22|12|24|19|19|18|28|28|31|31|32|43|17|22|14|18|22|24|16|29|24|29|30|20|25|15|24|18|23|14|20|20|20|11|15|18|24|27|15|21|12|21|17|19|13|14|21|17|15|15|21|11|17|15|12|18|15|20|15|13|15|18|17|17|15|14|19|20|17|12|15|13|25|15|16|17|19|20|16|22|15|15|13|13|16|15|8|14|6|6|8|10|12|9|15|9|14|18|42|110|201|85|64|70|94|68|54|53|57|49|46|37|40|45|36|47|40|48|46|52|54|54|54|47|52|53|53|66|67|58|57|57|64|68|55|67|68|57|56|60|60|70|70|66|55|37|40|38|34|31|15|10|17|13|13|14|1</HistCounts>
      </HistItem>
    </Histograms>
    <Metadata>
      <MDI key="LAYER_TYPE">athematic</MDI>
      <MDI key="STATISTICS_COVARIANCES">14.44649068466783</MDI>
      <MDI key="STATISTICS_EXCLUDEDVALUES"></MDI>
      <MDI key="STATISTICS_MAXIMUM">29.423219680786</MDI>
      <MDI key="STATISTICS_MEAN">24.363224493476</MDI>
      <MDI key="STATISTICS_MEDIAN">0</MDI>
      <MDI key="STATISTICS_MINIMUM">11.196455001831</MDI>
      <MDI key="STATISTICS_MODE">0</MDI>
      <MDI key="STATISTICS_SKIPFACTORX">1</MDI>
      <MDI key="STATISTICS_SKIPFACTORY">1</MDI>
      <MDI key="STATISTICS_STDDEV">3.8008539415068</MDI>
    </Metadata>
  </PAMRasterBand>
</PAMDataset>
