<PAMDataset>
  <PAMRasterBand band="1">
    <Description>Layer_1</Description>
    <Histograms>
      <HistItem>
        <HistMin>8.764324188232401</HistMin>
        <HistMax>28.664993286133</HistMax>
        <BucketCount>256</BucketCount>
        <IncludeOutOfRange>1</IncludeOutOfRange>
        <Approximate>0</Approximate>
        <HistCounts>1|0|0|0|0|0|3|0|0|1|1|1|1|0|2|1|3|1|1|6|2|4|2|5|7|2|4|5|1|5|4|1|5|4|2|4|4|1|4|5|5|2|3|2|2|2|5|3|5|3|5|3|4|2|2|2|6|3|6|3|2|4|5|0|6|4|5|5|6|3|7|5|4|7|3|11|6|7|6|9|6|6|7|10|13|4|5|12|13|12|11|8|12|6|14|10|11|8|6|16|13|11|11|9|11|17|16|17|15|13|19|23|11|22|18|31|17|21|33|34|31|20|31|29|38|26|27|35|35|21|21|35|28|27|28|29|25|26|26|30|25|21|22|15|16|20|16|17|11|17|8|9|9|13|14|11|13|8|8|10|12|8|7|14|13|19|12|16|8|16|13|13|9|13|6|13|11|11|9|8|11|12|5|5|6|7|11|7|11|7|6|8|9|8|7|13|8|14|9|4|7|9|3|12|6|8|7|10|13|9|19|87|140|106|116|122|84|106|99|96|67|65|50|56|53|54|64|54|52|59|88|142|84|86|89|78|73|93|79|88|80|72|56|51|59|68|72|56|30|29|34|32|13|11|21|0</HistCounts>
      </HistItem>
    </Histograms>
    <Metadata>
      <MDI key="LAYER_TYPE">athematic</MDI>
      <MDI key="STATISTICS_COVARIANCES">20.01010058503794</MDI>
      <MDI key="STATISTICS_EXCLUDEDVALUES"></MDI>
      <MDI key="STATISTICS_MAXIMUM">28.664993286133</MDI>
      <MDI key="STATISTICS_MEAN">23.434851823805</MDI>
      <MDI key="STATISTICS_MEDIAN">0</MDI>
      <MDI key="STATISTICS_MINIMUM">8.7643241882324</MDI>
      <MDI key="STATISTICS_MODE">0</MDI>
      <MDI key="STATISTICS_SKIPFACTORX">1</MDI>
      <MDI key="STATISTICS_SKIPFACTORY">1</MDI>
      <MDI key="STATISTICS_STDDEV">4.4732650921936</MDI>
    </Metadata>
  </PAMRasterBand>
</PAMDataset>
