<PAMDataset>
  <PAMRasterBand band="1">
    <Description>Layer_1</Description>
    <Histograms>
      <HistItem>
        <HistMin>109.74551391602</HistMin>
        <HistMax>10751.317382813</HistMax>
        <BucketCount>256</BucketCount>
        <IncludeOutOfRange>1</IncludeOutOfRange>
        <Approximate>0</Approximate>
        <HistCounts>708|1570|694|245|98|111|166|269|556|496|284|216|164|121|120|122|137|113|112|110|101|77|88|110|112|102|113|83|91|64|68|58|70|65|59|52|45|32|41|34|34|39|26|30|35|22|36|34|30|20|24|20|10|14|14|15|10|20|13|15|17|11|6|9|10|7|11|12|9|9|8|8|6|10|7|3|6|2|5|3|5|8|3|8|7|3|5|9|5|1|6|4|2|7|5|3|4|2|2|4|2|1|6|5|7|3|1|1|0|1|1|1|0|1|0|2|1|0|0|3|1|1|0|1|2|2|4|0|0|2|1|0|0|1|2|0|0|0|1|1|0|0|0|1|1|0|2|0|1|1|0|1|0|1|0|3|0|0|0|1|0|0|1|0|1|0|0|0|3|2|0|0|2|0|0|0|0|0|0|0|0|1|1|0|1|0|1|1|1|0|0|1|1|0|0|1|0|0|0|1|0|0|0|0|0|1|0|2|2|2|1|1|2|0|2|0|0|1|1|1|0|0|0|0|0|0|0|0|0|0|0|0|0|0|1|0|0|0|0|0|0|0|1|0|0|0|0|0|0|0|0|0|0|0|1|0</HistCounts>
      </HistItem>
    </Histograms>
    <Metadata>
      <MDI key="LAYER_TYPE">athematic</MDI>
      <MDI key="STATISTICS_COVARIANCES">903715.3106638143</MDI>
      <MDI key="STATISTICS_EXCLUDEDVALUES"></MDI>
      <MDI key="STATISTICS_MAXIMUM">10751.317382813</MDI>
      <MDI key="STATISTICS_MEAN">773.93162065082</MDI>
      <MDI key="STATISTICS_MEDIAN">0</MDI>
      <MDI key="STATISTICS_MINIMUM">109.74551391602</MDI>
      <MDI key="STATISTICS_MODE">0</MDI>
      <MDI key="STATISTICS_SKIPFACTORX">1</MDI>
      <MDI key="STATISTICS_SKIPFACTORY">1</MDI>
      <MDI key="STATISTICS_STDDEV">950.63942200175</MDI>
    </Metadata>
  </PAMRasterBand>
</PAMDataset>
