<PAMDataset>
  <PAMRasterBand band="1">
    <Description>Layer_1</Description>
    <Histograms>
      <HistItem>
        <HistMin>93.587272644043</HistMin>
        <HistMax>11518.646484375</HistMax>
        <BucketCount>256</BucketCount>
        <IncludeOutOfRange>1</IncludeOutOfRange>
        <Approximate>0</Approximate>
        <HistCounts>288|1500|1174|279|161|170|184|442|495|380|239|189|130|127|131|132|105|71|93|80|75|64|87|60|71|60|60|72|76|99|101|91|84|80|63|78|70|63|43|62|62|47|31|39|44|31|32|25|18|30|19|20|12|22|22|13|12|10|13|15|15|6|12|9|4|9|7|11|7|7|4|5|3|8|4|7|5|7|4|4|2|1|3|4|2|4|6|1|5|4|3|2|1|2|3|3|6|3|5|2|3|5|4|4|4|2|2|2|1|1|4|2|6|1|1|1|0|2|1|2|1|2|0|1|2|1|0|4|0|3|0|0|3|0|2|4|1|1|0|3|1|1|1|2|0|1|1|2|0|1|2|0|0|2|1|3|2|3|2|0|1|0|0|1|0|0|1|0|1|1|2|1|0|0|1|0|1|0|0|0|0|0|0|0|1|1|1|1|0|1|1|0|0|1|0|2|1|3|1|1|1|0|0|0|1|0|0|1|0|0|0|0|0|0|1|0|1|0|0|0|0|0|1|1|3|0|0|2|1|1|0|1|0|2|0|0|0|0|0|0|1|1|2|1|0|0|0|0|0|0|0|0|0|0|0|1</HistCounts>
      </HistItem>
    </Histograms>
    <Metadata>
      <MDI key="LAYER_TYPE">athematic</MDI>
      <MDI key="STATISTICS_COVARIANCES">1232873.550435583</MDI>
      <MDI key="STATISTICS_EXCLUDEDVALUES"></MDI>
      <MDI key="STATISTICS_MAXIMUM">11518.646484375</MDI>
      <MDI key="STATISTICS_MEAN">836.38952153421</MDI>
      <MDI key="STATISTICS_MEDIAN">0</MDI>
      <MDI key="STATISTICS_MINIMUM">93.587272644043</MDI>
      <MDI key="STATISTICS_MODE">0</MDI>
      <MDI key="STATISTICS_SKIPFACTORX">1</MDI>
      <MDI key="STATISTICS_SKIPFACTORY">1</MDI>
      <MDI key="STATISTICS_STDDEV">1110.348391468</MDI>
    </Metadata>
  </PAMRasterBand>
</PAMDataset>
