<PAMDataset>
  <PAMRasterBand band="1">
    <Description>Layer_1</Description>
    <Histograms>
      <HistItem>
        <HistMin>133.67359924316</HistMin>
        <HistMax>12971.8203125</HistMax>
        <BucketCount>256</BucketCount>
        <IncludeOutOfRange>1</IncludeOutOfRange>
        <Approximate>0</Approximate>
        <HistCounts>744|1600|776|269|200|172|146|183|270|273|209|203|124|130|173|203|163|146|122|88|113|111|117|131|121|138|131|111|98|96|76|64|78|66|70|60|66|59|55|46|36|45|28|35|20|20|25|21|16|18|27|17|23|25|9|15|11|12|10|10|8|13|6|14|11|12|5|4|6|6|6|4|2|4|2|2|2|1|3|1|1|2|1|3|4|2|1|0|1|3|2|1|1|3|0|5|2|1|2|2|0|3|1|0|0|1|0|1|4|0|1|0|0|1|0|2|1|0|1|2|2|0|0|0|1|1|0|0|0|0|0|1|0|0|1|4|0|1|1|1|1|0|1|1|0|2|0|0|2|0|1|2|0|1|0|0|0|0|1|1|2|1|1|1|0|0|1|0|1|0|0|0|0|0|1|1|1|0|0|0|1|0|0|2|0|0|1|0|1|1|1|0|1|0|0|0|1|2|1|1|2|1|1|0|2|3|0|3|2|1|3|0|3|1|1|1|4|3|3|1|4|1|0|1|0|2|0|1|0|0|0|0|1|1|1|1|0|1|0|0|1|0|0|0|0|2|0|0|0|0|0|0|1|1|0|1</HistCounts>
      </HistItem>
    </Histograms>
    <Metadata>
      <MDI key="LAYER_TYPE">athematic</MDI>
      <MDI key="STATISTICS_COVARIANCES">1620087.807894595</MDI>
      <MDI key="STATISTICS_EXCLUDEDVALUES"></MDI>
      <MDI key="STATISTICS_MAXIMUM">12971.8203125</MDI>
      <MDI key="STATISTICS_MEAN">952.90895902733</MDI>
      <MDI key="STATISTICS_MEDIAN">0</MDI>
      <MDI key="STATISTICS_MINIMUM">133.67359924316</MDI>
      <MDI key="STATISTICS_MODE">0</MDI>
      <MDI key="STATISTICS_SKIPFACTORX">1</MDI>
      <MDI key="STATISTICS_SKIPFACTORY">1</MDI>
      <MDI key="STATISTICS_STDDEV">1272.8266998671</MDI>
    </Metadata>
  </PAMRasterBand>
</PAMDataset>
