<PAMDataset>
  <PAMRasterBand band="1">
    <Description>Layer_1</Description>
    <Histograms>
      <HistItem>
        <HistMin>147.71388244629</HistMin>
        <HistMax>13143.90234375</HistMax>
        <BucketCount>256</BucketCount>
        <IncludeOutOfRange>1</IncludeOutOfRange>
        <Approximate>0</Approximate>
        <HistCounts>625|1248|1287|250|83|76|74|98|86|101|158|181|213|221|246|237|249|248|280|264|262|212|194|196|185|135|109|112|82|68|63|44|48|50|54|41|34|33|28|27|22|9|9|16|13|15|11|7|8|13|14|15|6|6|9|14|6|5|7|5|4|5|5|5|5|6|4|4|8|12|4|3|4|5|6|4|1|5|4|9|4|3|3|2|4|2|5|7|4|3|4|5|3|2|1|0|2|2|2|1|2|0|2|1|3|2|1|0|0|1|2|3|2|0|3|0|3|3|1|1|0|2|1|0|0|1|0|3|0|0|0|2|0|2|0|1|0|0|0|1|0|0|1|0|1|0|0|0|0|1|0|1|1|0|0|1|1|1|1|1|0|1|0|1|1|0|2|2|0|1|0|2|2|0|1|0|3|1|1|2|3|1|0|0|3|1|1|1|1|0|1|2|2|1|1|1|1|1|0|0|3|2|1|2|2|2|1|1|1|0|1|1|2|0|0|0|0|0|1|0|1|1|0|0|0|1|0|0|0|1|0|0|0|0|1|0|0|0|1|0|0|0|0|0|0|0|0|0|0|0|0|0|0|0|1|0</HistCounts>
      </HistItem>
    </Histograms>
    <Metadata>
      <MDI key="LAYER_TYPE">athematic</MDI>
      <MDI key="STATISTICS_COVARIANCES">1383301.159638778</MDI>
      <MDI key="STATISTICS_EXCLUDEDVALUES"></MDI>
      <MDI key="STATISTICS_MAXIMUM">13143.90234375</MDI>
      <MDI key="STATISTICS_MEAN">964.31977289341</MDI>
      <MDI key="STATISTICS_MEDIAN">0</MDI>
      <MDI key="STATISTICS_MINIMUM">147.71388244629</MDI>
      <MDI key="STATISTICS_MODE">0</MDI>
      <MDI key="STATISTICS_SKIPFACTORX">1</MDI>
      <MDI key="STATISTICS_SKIPFACTORY">1</MDI>
      <MDI key="STATISTICS_STDDEV">1176.1382400206</MDI>
    </Metadata>
  </PAMRasterBand>
</PAMDataset>
