<PAMDataset>
  <PAMRasterBand band="1">
    <Description>Layer_1</Description>
    <Histograms>
      <HistItem>
        <HistMin>108.85942840576</HistMin>
        <HistMax>13176.368164063</HistMax>
        <BucketCount>256</BucketCount>
        <IncludeOutOfRange>1</IncludeOutOfRange>
        <Approximate>0</Approximate>
        <HistCounts>859|1718|537|171|303|301|261|480|384|356|245|203|174|152|134|106|103|97|97|84|111|122|123|151|117|90|107|69|84|63|48|53|45|42|36|36|44|31|34|37|28|20|35|20|19|16|24|17|18|15|7|10|7|4|4|8|8|10|6|7|10|2|5|4|2|4|4|8|6|3|3|3|2|1|2|2|4|0|1|4|1|1|1|1|3|2|1|1|0|2|5|2|1|1|2|1|2|2|2|1|0|0|1|0|1|4|2|0|3|0|3|3|2|0|0|4|0|1|0|0|0|2|2|0|0|0|1|2|1|1|2|1|2|1|0|0|2|1|0|0|1|1|2|0|3|2|2|0|0|0|1|0|0|0|0|4|0|0|0|0|0|1|0|1|1|1|0|1|0|1|1|1|0|2|0|0|1|0|0|0|0|1|0|0|0|0|0|0|0|0|1|0|0|3|1|2|0|1|0|0|2|0|1|1|0|3|0|1|1|0|0|0|1|1|1|1|1|0|0|0|0|0|1|1|0|0|0|1|2|0|0|1|1|0|0|0|1|0|0|0|0|0|0|0|0|0|0|0|1|0|0|0|0|0|1|0</HistCounts>
      </HistItem>
    </Histograms>
    <Metadata>
      <MDI key="LAYER_TYPE">athematic</MDI>
      <MDI key="STATISTICS_COVARIANCES">1190334.376624978</MDI>
      <MDI key="STATISTICS_EXCLUDEDVALUES"></MDI>
      <MDI key="STATISTICS_MAXIMUM">13176.368164063</MDI>
      <MDI key="STATISTICS_MEAN">793.35806321796</MDI>
      <MDI key="STATISTICS_MEDIAN">0</MDI>
      <MDI key="STATISTICS_MINIMUM">108.85942840576</MDI>
      <MDI key="STATISTICS_MODE">0</MDI>
      <MDI key="STATISTICS_SKIPFACTORX">1</MDI>
      <MDI key="STATISTICS_SKIPFACTORY">1</MDI>
      <MDI key="STATISTICS_STDDEV">1091.0244619737</MDI>
    </Metadata>
  </PAMRasterBand>
</PAMDataset>
