<PAMDataset>
  <PAMRasterBand band="1">
    <Description>Layer_1</Description>
    <Histograms>
      <HistItem>
        <HistMin>133.53813171387</HistMin>
        <HistMax>14135.860351563</HistMax>
        <BucketCount>256</BucketCount>
        <IncludeOutOfRange>1</IncludeOutOfRange>
        <Approximate>0</Approximate>
        <HistCounts>818|1655|894|115|138|176|148|144|199|229|186|189|149|155|186|180|213|256|261|211|195|136|132|100|88|92|78|67|80|67|60|61|64|59|44|49|58|57|46|54|39|34|33|30|25|30|27|27|15|18|15|11|14|10|17|9|6|5|11|7|9|6|8|6|4|2|5|7|6|1|3|3|2|6|4|2|2|5|0|2|1|0|3|2|0|0|0|1|1|1|0|3|4|1|4|0|3|2|0|1|2|3|0|1|1|1|0|2|0|1|2|0|1|1|2|0|0|2|1|1|2|1|0|0|2|0|1|2|0|0|0|0|0|0|0|0|0|0|0|1|0|0|1|0|1|0|0|0|2|0|2|0|3|0|2|0|0|0|0|1|1|0|0|0|0|0|0|1|0|0|1|3|0|0|0|0|0|0|0|0|0|0|1|0|1|1|0|1|0|0|0|0|1|0|0|0|0|0|0|2|1|1|4|4|4|0|1|2|4|2|0|2|2|3|3|1|0|2|0|0|3|1|2|2|0|2|2|2|1|0|1|0|0|0|0|1|0|2|0|0|0|0|0|0|0|0|0|1|0|0|0|0|1|0|1|0</HistCounts>
      </HistItem>
    </Histograms>
    <Metadata>
      <MDI key="LAYER_TYPE">athematic</MDI>
      <MDI key="STATISTICS_COVARIANCES">1756289.7765221</MDI>
      <MDI key="STATISTICS_EXCLUDEDVALUES"></MDI>
      <MDI key="STATISTICS_MAXIMUM">14135.860351563</MDI>
      <MDI key="STATISTICS_MEAN">979.01393091642</MDI>
      <MDI key="STATISTICS_MEDIAN">0</MDI>
      <MDI key="STATISTICS_MINIMUM">133.53813171387</MDI>
      <MDI key="STATISTICS_MODE">0</MDI>
      <MDI key="STATISTICS_SKIPFACTORX">1</MDI>
      <MDI key="STATISTICS_SKIPFACTORY">1</MDI>
      <MDI key="STATISTICS_STDDEV">1325.2508353222</MDI>
    </Metadata>
  </PAMRasterBand>
</PAMDataset>
