<PAMDataset>
  <PAMRasterBand band="1">
    <Description>Layer_1</Description>
    <Histograms>
      <HistItem>
        <HistMin>117.1665802002</HistMin>
        <HistMax>11533.587890625</HistMax>
        <BucketCount>256</BucketCount>
        <IncludeOutOfRange>1</IncludeOutOfRange>
        <Approximate>0</Approximate>
        <HistCounts>333|1751|694|469|212|206|280|351|318|336|282|225|191|221|132|119|67|93|107|115|103|104|76|80|86|106|88|62|47|65|51|60|56|65|45|58|46|34|47|40|36|26|34|39|32|37|27|26|30|18|19|18|20|14|25|16|8|8|20|13|16|20|13|17|20|12|14|7|6|4|5|9|7|5|6|5|6|9|4|5|4|6|5|0|5|4|1|2|5|1|4|2|6|2|2|3|3|3|1|1|1|1|3|1|1|2|4|6|2|5|1|3|3|2|2|1|1|1|1|2|2|0|1|1|4|3|1|1|1|2|1|1|0|0|2|4|2|2|0|1|2|2|0|1|1|1|2|2|3|1|0|1|2|1|1|2|0|0|1|0|0|1|3|1|3|2|2|1|0|0|0|1|3|1|2|4|0|4|2|3|2|3|1|1|1|1|0|0|0|1|1|0|0|2|2|1|0|0|0|0|1|2|1|0|0|0|0|1|1|0|0|0|1|0|0|0|0|1|0|0|0|0|0|0|0|0|0|0|1|0|1|0|0|0|0|0|0|0|0|0|0|0|1|1|0|0|0|1|0|0|0|0|0|0|0|1</HistCounts>
      </HistItem>
    </Histograms>
    <Metadata>
      <MDI key="LAYER_TYPE">athematic</MDI>
      <MDI key="STATISTICS_COVARIANCES">1242403.700213945</MDI>
      <MDI key="STATISTICS_EXCLUDEDVALUES"></MDI>
      <MDI key="STATISTICS_MAXIMUM">11533.587890625</MDI>
      <MDI key="STATISTICS_MEAN">847.33227098848</MDI>
      <MDI key="STATISTICS_MEDIAN">0</MDI>
      <MDI key="STATISTICS_MINIMUM">117.1665802002</MDI>
      <MDI key="STATISTICS_MODE">0</MDI>
      <MDI key="STATISTICS_SKIPFACTORX">1</MDI>
      <MDI key="STATISTICS_SKIPFACTORY">1</MDI>
      <MDI key="STATISTICS_STDDEV">1114.6316432858</MDI>
    </Metadata>
  </PAMRasterBand>
</PAMDataset>
