<PAMDataset>
  <PAMRasterBand band="1">
    <Description>Layer_1</Description>
    <Histograms>
      <HistItem>
        <HistMin>115.94472503662</HistMin>
        <HistMax>12521.872070313</HistMax>
        <BucketCount>256</BucketCount>
        <IncludeOutOfRange>1</IncludeOutOfRange>
        <Approximate>0</Approximate>
        <HistCounts>411|2063|638|225|176|261|430|583|347|333|235|154|122|140|113|94|91|79|75|74|66|61|72|53|67|46|83|84|81|86|85|64|63|66|46|52|40|56|46|68|42|42|50|35|33|35|34|25|15|20|25|15|10|16|21|15|11|13|6|17|8|13|10|5|12|7|8|4|8|7|5|7|3|4|7|3|2|2|7|2|4|8|4|2|3|3|2|3|5|3|3|3|4|4|2|4|2|2|1|2|0|3|0|4|0|3|2|2|0|0|1|2|2|0|3|2|0|1|2|2|2|2|1|1|1|1|1|0|2|3|2|4|2|1|0|0|1|3|1|1|0|0|1|2|0|0|1|0|1|0|0|1|0|0|0|0|1|0|1|1|0|0|0|1|2|0|1|0|3|1|1|1|1|0|2|0|0|0|0|0|0|0|0|2|0|1|1|0|0|0|1|1|1|0|1|0|1|0|0|1|0|0|0|2|0|0|0|0|1|0|0|0|0|0|1|0|0|0|0|0|1|0|0|0|0|0|0|0|0|0|0|1|0|0|0|0|0|0|0|0|0|0|0|0|0|0|1|0|0|0|0|0|0|0|1|0</HistCounts>
      </HistItem>
    </Histograms>
    <Metadata>
      <MDI key="LAYER_TYPE">athematic</MDI>
      <MDI key="STATISTICS_COVARIANCES">1100265.957446915</MDI>
      <MDI key="STATISTICS_EXCLUDEDVALUES"></MDI>
      <MDI key="STATISTICS_MAXIMUM">12521.872070313</MDI>
      <MDI key="STATISTICS_MEAN">825.05851225543</MDI>
      <MDI key="STATISTICS_MEDIAN">0</MDI>
      <MDI key="STATISTICS_MINIMUM">115.94472503662</MDI>
      <MDI key="STATISTICS_MODE">0</MDI>
      <MDI key="STATISTICS_SKIPFACTORX">1</MDI>
      <MDI key="STATISTICS_SKIPFACTORY">1</MDI>
      <MDI key="STATISTICS_STDDEV">1048.9356307452</MDI>
    </Metadata>
  </PAMRasterBand>
</PAMDataset>
