<PAMDataset>
  <PAMRasterBand band="1">
    <Description>Layer_1</Description>
    <Histograms>
      <HistItem>
        <HistMin>118.95034790039</HistMin>
        <HistMax>12095.208007813</HistMax>
        <BucketCount>256</BucketCount>
        <IncludeOutOfRange>1</IncludeOutOfRange>
        <Approximate>0</Approximate>
        <HistCounts>973|1915|342|167|121|193|335|546|441|296|206|163|125|129|100|102|104|94|85|77|72|72|69|66|62|74|68|82|84|86|88|84|81|79|58|48|48|70|49|45|51|46|30|32|25|23|25|32|22|28|17|12|18|14|9|12|19|9|9|9|8|11|16|9|13|8|10|10|6|8|9|2|6|4|3|3|6|6|1|4|2|4|2|3|1|1|1|0|1|1|0|2|3|4|1|1|2|1|2|2|1|1|4|4|1|5|4|2|1|4|3|2|4|7|1|1|2|3|5|1|1|4|4|3|5|2|1|3|4|3|1|1|1|2|1|3|1|1|1|1|0|0|1|1|0|1|1|1|0|1|1|1|1|1|2|1|2|0|2|0|0|0|0|0|3|1|0|1|0|0|3|0|2|2|1|1|0|1|0|1|0|2|1|1|1|2|1|1|0|0|1|0|2|1|0|1|0|1|0|2|1|0|1|2|0|0|0|0|0|0|0|1|1|3|0|0|0|1|2|2|0|0|0|0|0|0|1|0|0|1|0|1|0|0|1|0|1|0|0|1|0|0|0|0|1|1|0|0|0|0|3|1|1|0|1|0</HistCounts>
      </HistItem>
    </Histograms>
    <Metadata>
      <MDI key="LAYER_TYPE">athematic</MDI>
      <MDI key="STATISTICS_COVARIANCES">1448141.746274593</MDI>
      <MDI key="STATISTICS_EXCLUDEDVALUES"></MDI>
      <MDI key="STATISTICS_MAXIMUM">12095.208007813</MDI>
      <MDI key="STATISTICS_MEAN">859.00682441137</MDI>
      <MDI key="STATISTICS_MEDIAN">0</MDI>
      <MDI key="STATISTICS_MINIMUM">118.95034790039</MDI>
      <MDI key="STATISTICS_MODE">0</MDI>
      <MDI key="STATISTICS_SKIPFACTORX">1</MDI>
      <MDI key="STATISTICS_SKIPFACTORY">1</MDI>
      <MDI key="STATISTICS_STDDEV">1203.387612648</MDI>
    </Metadata>
  </PAMRasterBand>
</PAMDataset>
