<PAMDataset>
  <PAMRasterBand band="1">
    <Description>Layer_1</Description>
    <Histograms>
      <HistItem>
        <HistMin>112.4497833252</HistMin>
        <HistMax>13377.717773438</HistMax>
        <BucketCount>256</BucketCount>
        <IncludeOutOfRange>1</IncludeOutOfRange>
        <Approximate>0</Approximate>
        <HistCounts>174|1111|1418|692|106|159|166|125|84|94|123|121|204|204|194|193|216|273|267|226|199|252|220|204|157|123|102|74|75|47|54|40|43|40|31|27|36|31|44|30|33|31|30|45|25|30|21|18|9|16|17|26|18|15|20|11|12|12|13|8|8|7|8|10|7|7|4|11|7|6|4|8|6|7|6|4|4|3|4|2|1|3|1|1|2|1|6|2|6|1|7|5|7|2|1|2|0|1|2|2|3|4|3|0|4|1|2|2|0|1|1|3|1|4|2|2|2|3|0|0|1|1|0|1|0|0|0|2|2|1|2|0|3|1|1|0|2|0|2|0|2|0|2|0|1|3|0|1|0|1|0|0|0|0|0|1|0|0|1|0|0|0|0|1|1|2|1|1|1|0|2|0|0|1|0|2|2|1|0|1|2|0|1|1|2|3|1|2|0|1|0|2|2|1|2|3|2|2|1|1|0|0|0|0|0|0|0|0|0|1|1|0|0|0|0|0|0|0|0|2|0|0|0|0|0|0|0|0|0|0|1|0|0|0|0|2|0|0|0|2|2|1|0|0|0|0|1|0|0|1|0|1|0|0|1|0</HistCounts>
      </HistItem>
    </Histograms>
    <Metadata>
      <MDI key="LAYER_TYPE">athematic</MDI>
      <MDI key="STATISTICS_COVARIANCES">1504877.100006323</MDI>
      <MDI key="STATISTICS_EXCLUDEDVALUES"></MDI>
      <MDI key="STATISTICS_MAXIMUM">13377.717773438</MDI>
      <MDI key="STATISTICS_MEAN">980.16436041316</MDI>
      <MDI key="STATISTICS_MEDIAN">0</MDI>
      <MDI key="STATISTICS_MINIMUM">112.4497833252</MDI>
      <MDI key="STATISTICS_MODE">0</MDI>
      <MDI key="STATISTICS_SKIPFACTORX">1</MDI>
      <MDI key="STATISTICS_SKIPFACTORY">1</MDI>
      <MDI key="STATISTICS_STDDEV">1226.7343233179</MDI>
    </Metadata>
  </PAMRasterBand>
</PAMDataset>
