<PAMDataset>
  <PAMRasterBand band="1">
    <Description>Layer_1</Description>
    <Histograms>
      <HistItem>
        <HistMin>111.07904815674</HistMin>
        <HistMax>11357.05859375</HistMax>
        <BucketCount>256</BucketCount>
        <IncludeOutOfRange>1</IncludeOutOfRange>
        <Approximate>0</Approximate>
        <HistCounts>410|1700|634|353|134|123|226|547|506|279|243|211|142|145|119|116|94|106|89|63|95|95|95|77|57|77|62|64|70|79|75|93|111|105|102|85|68|61|58|50|62|51|55|46|51|41|34|24|35|20|32|16|22|21|20|13|16|19|16|8|20|12|9|9|14|11|11|3|7|6|7|2|5|2|5|4|2|3|3|1|1|1|2|3|1|2|1|0|0|2|0|0|0|2|1|1|2|0|1|0|1|5|1|1|0|2|1|2|1|0|1|1|1|3|4|1|4|2|2|2|1|2|0|2|2|3|1|1|0|0|1|2|1|0|2|1|1|0|2|2|4|1|3|1|2|2|1|3|2|0|1|0|1|0|0|1|0|0|2|0|0|2|0|1|0|1|1|0|1|1|2|1|0|0|2|0|0|0|0|2|1|0|1|0|0|1|1|0|0|0|2|1|1|0|0|0|2|0|0|1|0|0|0|0|1|1|0|0|0|0|0|0|0|0|0|0|0|1|2|0|1|0|0|0|0|0|0|0|0|0|0|0|0|0|0|1|0|0|1|0|0|0|0|0|0|0|0|0|0|0|0|1|0|0|1|0</HistCounts>
      </HistItem>
    </Histograms>
    <Metadata>
      <MDI key="LAYER_TYPE">athematic</MDI>
      <MDI key="STATISTICS_COVARIANCES">969482.7304177122</MDI>
      <MDI key="STATISTICS_EXCLUDEDVALUES"></MDI>
      <MDI key="STATISTICS_MAXIMUM">11357.05859375</MDI>
      <MDI key="STATISTICS_MEAN">827.19791398314</MDI>
      <MDI key="STATISTICS_MEDIAN">0</MDI>
      <MDI key="STATISTICS_MINIMUM">111.07904815674</MDI>
      <MDI key="STATISTICS_MODE">0</MDI>
      <MDI key="STATISTICS_SKIPFACTORX">1</MDI>
      <MDI key="STATISTICS_SKIPFACTORY">1</MDI>
      <MDI key="STATISTICS_STDDEV">984.62314131738</MDI>
    </Metadata>
  </PAMRasterBand>
</PAMDataset>
