<PAMDataset>
  <PAMRasterBand band="1">
    <Description>Layer_1</Description>
    <Histograms>
      <HistItem>
        <HistMin>0</HistMin>
        <HistMax>5290.8125</HistMax>
        <BucketCount>256</BucketCount>
        <IncludeOutOfRange>1</IncludeOutOfRange>
        <Approximate>0</Approximate>
        <HistCounts>830|993|536|356|180|114|124|109|148|139|75|70|54|43|29|30|19|18|29|22|38|29|22|26|32|31|23|32|25|42|31|38|21|32|28|36|31|37|215|103|95|81|73|47|29|28|33|29|28|32|23|16|20|13|15|10|11|5|8|8|4|10|5|7|10|5|4|6|2|8|5|7|5|11|8|6|8|9|4|6|6|6|9|3|5|6|4|9|8|7|8|13|8|5|6|10|6|18|10|14|9|5|13|6|14|11|15|15|9|21|13|7|10|18|14|31|17|20|15|14|20|22|25|22|21|18|26|30|28|33|31|31|32|27|28|27|29|44|24|29|35|31|37|42|35|34|27|29|29|37|33|28|39|32|34|35|29|30|26|27|34|31|22|17|26|26|21|29|19|29|24|24|22|24|21|26|25|26|20|25|14|25|34|23|22|27|22|19|27|24|22|23|23|21|19|26|25|31|26|21|26|28|20|19|27|23|35|24|24|30|24|30|20|17|22|20|23|19|14|20|14|16|15|18|16|17|11|16|12|14|12|5|17|10|5|8|12|13|8|4|10|11|7|9|7|7|9|8|12|9|11|6|15|5|4|1</HistCounts>
      </HistItem>
    </Histograms>
    <Metadata>
      <MDI key="LAYER_TYPE">athematic</MDI>
      <MDI key="STATISTICS_COVARIANCES">2713662.006619603</MDI>
      <MDI key="STATISTICS_EXCLUDEDVALUES"></MDI>
      <MDI key="STATISTICS_MAXIMUM">5290.8125</MDI>
      <MDI key="STATISTICS_MEAN">1513.7054371007</MDI>
      <MDI key="STATISTICS_MEDIAN">0</MDI>
      <MDI key="STATISTICS_MINIMUM">0</MDI>
      <MDI key="STATISTICS_MODE">0</MDI>
      <MDI key="STATISTICS_SKIPFACTORX">1</MDI>
      <MDI key="STATISTICS_SKIPFACTORY">1</MDI>
      <MDI key="STATISTICS_STDDEV">1647.3196431232</MDI>
    </Metadata>
  </PAMRasterBand>
</PAMDataset>
