<PAMDataset>
  <PAMRasterBand band="1">
    <Description>Layer_1</Description>
    <Histograms>
      <HistItem>
        <HistMin>104.90751647949</HistMin>
        <HistMax>460276.4375</HistMax>
        <BucketCount>256</BucketCount>
        <IncludeOutOfRange>1</IncludeOutOfRange>
        <Approximate>0</Approximate>
        <HistCounts>430|384|243|188|164|145|135|125|107|107|115|107|89|98|105|86|84|89|84|73|72|82|84|63|51|62|61|73|37|53|49|50|56|51|54|39|50|49|66|41|43|56|43|47|43|50|43|37|47|47|48|40|39|48|33|44|46|45|39|36|37|51|36|33|34|34|52|36|34|36|36|45|30|45|30|25|35|41|45|26|30|40|35|40|34|33|31|34|45|30|39|31|32|34|40|33|27|32|35|37|20|31|31|33|32|31|38|24|33|26|34|31|29|33|34|29|26|32|32|26|24|27|29|28|24|30|23|23|26|28|26|23|21|26|30|19|28|20|24|24|23|27|18|26|18|34|18|21|21|20|28|19|19|25|18|21|20|27|19|15|21|23|26|14|19|25|16|21|22|24|15|17|21|25|14|20|15|21|21|11|22|11|18|14|23|18|13|16|13|22|12|14|15|13|15|17|17|13|11|12|20|15|9|8|16|14|15|9|11|10|11|12|16|9|7|6|12|12|8|10|9|6|12|9|7|7|5|7|10|7|6|5|3|10|7|5|5|7|4|8|6|4|5|3|4|6|3|5|2|2|2|1|3|0|1|1</HistCounts>
      </HistItem>
    </Histograms>
    <Metadata>
      <MDI key="LAYER_TYPE">athematic</MDI>
      <MDI key="STATISTICS_COVARIANCES">13585847645.16907</MDI>
      <MDI key="STATISTICS_EXCLUDEDVALUES"></MDI>
      <MDI key="STATISTICS_MAXIMUM">460276.4375</MDI>
      <MDI key="STATISTICS_MEAN">124565.60679396</MDI>
      <MDI key="STATISTICS_MEDIAN">0</MDI>
      <MDI key="STATISTICS_MINIMUM">104.90751647949</MDI>
      <MDI key="STATISTICS_MODE">0</MDI>
      <MDI key="STATISTICS_SKIPFACTORX">1</MDI>
      <MDI key="STATISTICS_SKIPFACTORY">1</MDI>
      <MDI key="STATISTICS_STDDEV">116558.34438241</MDI>
    </Metadata>
  </PAMRasterBand>
</PAMDataset>
